experiment_id,product_id,category,subcategory,brand,experiment_type,start_date,end_date,changed_features,primary_metric,expected_direction,observed_effect_pct,result,confidence,notes
EXP0001,P022,Skincare,Serum,The Derma Co,Price Increase,2025-02-27,2025-04-03,"{""avg_selling_price"": {""change_pct"": 8.88, ""new"": 1121.48, ""old"": 1030.0}}",profit,Increase,19.22,Win,0.768,Premium price test expects higher unit margin with some demand elasticity.
EXP0002,P007,Skincare,Serum,Minimalist,Price Decrease,2025-10-25,2025-12-08,"{""avg_selling_price"": {""change_pct"": -6.19, ""new"": 1088.24, ""old"": 1160.0}}",orders,Increase,-24.83,Loss,0.858,Lower price should improve demand and conversion.
EXP0003,P017,Haircare,Shampoo,The Derma Co,Discount Increase,2025-11-22,2025-12-23,"{""discount_pct"": {""change_pct"": 53.36, ""new"": 27.17, ""old"": 17.72}}",orders,Increase,33.29,Win,0.89,Higher discount should lift orders but may dilute margin.
EXP0004,P100,Skincare,Serum,The Derma Co,Discount Decrease,2025-12-19,2025-12-27,"{""discount_pct"": {""change_pct"": -37.32, ""new"": 6.89, ""old"": 11.0}}",profit,Increase,2.28,Inconclusive,0.569,Lower discount tests whether stronger margin offsets order loss.
EXP0005,P026,Haircare,Shampoo,The Derma Co,Shipping Fee Increase,2025-06-25,2025-08-02,"{""shipping_fee"": {""change_pct"": 57.97, ""new"": 109.0, ""old"": 69.0}}",conversion_rate,Decrease,-19.94,Win,0.78,Higher shipping fee should create checkout friction.
EXP0006,P001,Skincare,Serum,Mamaearth,Shipping Fee Decrease,2025-09-20,2025-09-26,"{""shipping_fee"": {""change_pct"": -28.99, ""new"": 49.0, ""old"": 69.0}}",conversion_rate,Increase,-2.23,Inconclusive,0.616,Reduced shipping fee should reduce checkout friction.
EXP0007,P072,Makeup,Lipstick,Mamaearth,Free Shipping,2025-09-02,2025-09-22,"{""shipping_fee"": {""change_pct"": -100.0, ""new"": 0.0, ""old"": 59.0}}",conversion_rate,Increase,18.65,Win,0.798,Free shipping test should increase conversion and order volume.
EXP0008,P082,Skincare,Serum,Mamaearth,Marketing Spend Increase,2025-07-21,2025-08-25,"{""marketing_spend"": {""change_pct"": 30.24, ""new"": 7433.7, ""old"": 5707.71}}",traffic,Increase,14.68,Win,0.688,Higher spend should increase traffic through paid reach and lagged adstock.
EXP0009,P006,Makeup,Lipstick,Minimalist,Marketing Spend Decrease,2025-04-07,2025-04-13,"{""marketing_spend"": {""change_pct"": -34.59, ""new"": 3000.01, ""old"": 4586.26}}",current_roas,Increase,53.0,Win,0.96,Spend reduction tests whether inefficient paid traffic can be trimmed.
EXP0010,P069,Makeup,Lipstick,Minimalist,Inventory Increase,2025-10-25,2025-12-04,"{""inventory_available"": {""change_pct"": 79.43, ""new"": 1055.03, ""old"": 588.0}}",orders,Increase,-34.01,Loss,0.96,Higher stock availability should reduce sales capacity constraints.
EXP0011,P081,Makeup,Lipstick,The Derma Co,Inventory Reduction,2025-09-04,2025-09-14,"{""inventory_available"": {""change_pct"": -45.07, ""new"": 855.19, ""old"": 1557.0}}",revenue,Decrease,-11.76,Win,0.751,Lower inventory should cap orders and revenue.
EXP0012,P005,Haircare,Shampoo,Mamaearth,Amazon to Website Shift,2025-01-03,2025-01-13,"{""sales_channel_mix"": {""Amazon"": {""change_pct"": -12.02, ""new"": 19.24, ""old"": 31.26}, ""Website"": {""change_pct"": 12.02, ""new"": 56.26, ""old"": 44.24}}}",website_sales_pct,Increase,27.82,Win,0.876,Channel share shifted from marketplace to owned website.
EXP0013,P080,Haircare,Shampoo,Mamaearth,Website to Amazon Shift,2025-05-09,2025-06-11,"{""sales_channel_mix"": {""Amazon"": {""change_pct"": 15.81, ""new"": 53.43, ""old"": 37.62}, ""Website"": {""change_pct"": -15.81, ""new"": 10.86, ""old"": 26.67}}}",amazon_sales_pct,Increase,34.3,Win,0.96,Channel share shifted toward Amazon for demand capture.
EXP0014,P013,Skincare,Serum,Mamaearth,Amazon to Mobile App Shift,2025-02-25,2025-03-22,"{""sales_channel_mix"": {""Amazon"": {""change_pct"": -11.98, ""new"": 49.34, ""old"": 61.32}, ""MobileApp"": {""change_pct"": 11.98, ""new"": 14.13, ""old"": 2.15}}}",mobile_app_sales_pct,Increase,499.94,Win,0.919,Marketplace users redirected toward app purchase journeys.
EXP0015,P015,Makeup,Lipstick,Minimalist,Website to Mobile App Shift,2025-07-04,2025-07-10,"{""sales_channel_mix"": {""MobileApp"": {""change_pct"": 13.85, ""new"": 23.82, ""old"": 9.97}, ""Website"": {""change_pct"": -13.85, ""new"": 27.07, ""old"": 40.92}}}",mobile_app_sales_pct,Increase,105.02,Win,0.95,Owned web traffic nudged toward app conversion.
EXP0016,P089,Haircare,Shampoo,Minimalist,Channel Mix Optimization,2025-09-25,2025-10-20,"{""sales_channel_mix"": {""Amazon"": {""change_pct"": -5.0, ""new"": 15.38, ""old"": 20.38}, ""MobileApp"": {""change_pct"": 4.0, ""new"": 17.93, ""old"": 13.93}, ""Nykaa"": {""change_pct"": -4.0, ""new"": 11.32, ""old"": 15.32}, ""Website"": {""change_pct"": 5.0, ""new"": 55.37, ""old"": 50.37}}}",current_roas,Increase,-5.05,Loss,0.639,Mix optimized toward higher-margin owned channels.
EXP0017,P040,Skincare,Serum,Minimalist,Search Increase,2025-10-31,2025-11-21,"{""campaign_mix"": {""Search"": {""change_pct"": 10.58, ""new"": 46.14, ""old"": 35.56}, ""Social"": {""change_pct"": -10.58, ""new"": 18.86, ""old"": 29.44}}}",search_campaign_pct,Increase,30.46,Win,0.871,Search share increased for higher purchase intent.
EXP0018,P045,Makeup,Lipstick,Mamaearth,Social Increase,2025-05-19,2025-06-30,"{""campaign_mix"": {""Search"": {""change_pct"": -6.02, ""new"": 17.69, ""old"": 23.71}, ""Social"": {""change_pct"": 6.02, ""new"": 52.14, ""old"": 46.12}}}",social_campaign_pct,Increase,17.88,Win,0.811,Social share increased for discovery and mid-funnel reach.
EXP0019,P070,Skincare,Serum,Mamaearth,Email Increase,2025-07-19,2025-08-04,"{""campaign_mix"": {""Email"": {""change_pct"": 6.53, ""new"": 38.55, ""old"": 32.02}, ""Social"": {""change_pct"": -6.53, ""new"": 11.95, ""old"": 18.48}}}",retention_rate,Increase,1.49,Inconclusive,0.52,Email share increased to reactivate known buyers.
EXP0020,P053,Haircare,Shampoo,Mamaearth,Affiliate Increase,2025-04-24,2025-05-15,"{""campaign_mix"": {""Affiliate"": {""change_pct"": 5.02, ""new"": 14.67, ""old"": 9.65}, ""Search"": {""change_pct"": -5.02, ""new"": 42.45, ""old"": 47.47}}}",affiliate_campaign_pct,Increase,49.27,Win,0.96,Affiliate share increased for deal-led acquisition.
EXP0021,P011,Haircare,Shampoo,Mamaearth,Campaign Mix Optimization,2025-04-24,2025-05-30,"{""campaign_mix"": {""Affiliate"": {""change_pct"": -3.0, ""new"": 25.81, ""old"": 28.81}, ""Email"": {""change_pct"": 3.0, ""new"": 14.65, ""old"": 11.65}, ""Search"": {""change_pct"": 4.0, ""new"": 28.85, ""old"": 24.85}, ""Social"": {""change_pct"": -4.0, ""new"": 30.69, ""old"": 34.69}}}",current_ctr,Increase,3.94,Inconclusive,0.57,Campaign mix optimized toward intent and lifecycle channels.
EXP0022,P005,Haircare,Shampoo,Mamaearth,Google to Instagram Shift,2025-12-15,2025-12-22,"{""acquisition_mix"": {""Google"": {""change_pct"": -9.89, ""new"": 24.19, ""old"": 34.08}, ""Instagram"": {""change_pct"": 9.89, ""new"": 22.78, ""old"": 12.89}}}",instagram_source_pct,Increase,62.48,Win,0.96,Acquisition shifted from search-led to creator and social discovery.
EXP0023,P053,Haircare,Shampoo,Mamaearth,Instagram to Google Shift,2025-07-17,2025-08-02,"{""acquisition_mix"": {""Google"": {""change_pct"": 8.34, ""new"": 33.69, ""old"": 25.35}, ""Instagram"": {""change_pct"": -8.34, ""new"": 17.74, ""old"": 26.08}}}",google_source_pct,Increase,36.99,Win,0.922,Acquisition shifted toward high-intent Google traffic.
EXP0024,P049,Skincare,Serum,Mamaearth,Facebook to Google Shift,2025-05-03,2025-06-08,"{""acquisition_mix"": {""Facebook"": {""change_pct"": -5.67, ""new"": 3.7, ""old"": 9.37}, ""Google"": {""change_pct"": 5.67, ""new"": 45.51, ""old"": 39.84}}}",google_source_pct,Increase,11.79,Win,0.68,Budget moved from Facebook to Google for better intent quality.
EXP0025,P003,Makeup,Lipstick,Minimalist,Paid to Organic Shift,2025-08-06,2025-08-30,"{""acquisition_mix"": {""Google"": {""change_pct"": -4.0, ""new"": 22.09, ""old"": 26.09}, ""Instagram"": {""change_pct"": -4.0, ""new"": 27.33, ""old"": 31.33}, ""Organic"": {""change_pct"": 8.0, ""new"": 32.66, ""old"": 24.66}}, ""marketing_spend"": {""change_pct"": -15.75, ""new"": 5388.43, ""old"": 6396.12}}",organic_source_pct,Increase,31.97,Win,0.887,Paid dependency reduced while organic share is lifted.
EXP0026,P069,Makeup,Lipstick,Minimalist,Acquisition Mix Optimization,2025-02-25,2025-04-03,"{""acquisition_mix"": {""Facebook"": {""change_pct"": -3.0, ""new"": 9.2, ""old"": 12.2}, ""Google"": {""change_pct"": 3.0, ""new"": 33.32, ""old"": 30.32}}}",conversion_rate,Increase,-5.98,Loss,0.632,Acquisition mix optimized toward higher-converting sources.
EXP0027,P071,Haircare,Shampoo,The Derma Co,Premium Pricing Strategy,2025-01-25,2025-02-16,"{""avg_selling_price"": {""change_pct"": 9.85, ""new"": 417.43, ""old"": 380.0}, ""discount_pct"": {""change_pct"": -46.29, ""new"": 7.12, ""old"": 13.25}}",profit,Increase,1.69,Inconclusive,0.589,Premium posture combines higher price with lower promotion depth.
EXP0028,P013,Skincare,Serum,Mamaearth,Aggressive Growth Strategy,2025-06-10,2025-07-05,"{""discount_pct"": {""change_pct"": 69.16, ""new"": 20.33, ""old"": 12.02}, ""marketing_spend"": {""change_pct"": 81.15, ""new"": 12240.72, ""old"": 6757.23}, ""shipping_fee"": {""change_pct"": -51.28, ""new"": 19.0, ""old"": 39.0}}",orders,Increase,27.4,Win,0.819,"Growth strategy combines paid reach, promotion, and reduced friction."
EXP0029,P028,Skincare,Serum,Mamaearth,Profit Optimization Strategy,2025-07-31,2025-08-29,"{""discount_pct"": {""change_pct"": -45.93, ""new"": 6.5, ""old"": 12.02}, ""marketing_spend"": {""change_pct"": -11.22, ""new"": 6335.98, ""old"": 7136.48}, ""sales_channel_mix"": {""Amazon"": {""change_pct"": -4.0, ""new"": 45.13, ""old"": 49.13}, ""MobileApp"": {""change_pct"": 3.0, ""new"": 25.64, ""old"": 22.64}, ""Nykaa"": {""change_pct"": -3.0, ""new"": 10.15, ""old"": 13.15}, ""Website"": {""change_pct"": 4.0, ""new"": 19.08, ""old"": 15.08}}}",profit,Increase,1.38,Loss,0.642,Profit optimization trims inefficient spend and marketplace dependency.
EXP0030,P062,Haircare,Shampoo,Minimalist,Conversion Recovery Strategy,2025-02-28,2025-04-02,"{""campaign_mix"": {""Affiliate"": {""change_pct"": -3.0, ""new"": 10.47, ""old"": 13.47}, ""Email"": {""change_pct"": 3.0, ""new"": 30.65, ""old"": 27.65}, ""Search"": {""change_pct"": 3.0, ""new"": 33.83, ""old"": 30.83}, ""Social"": {""change_pct"": -3.0, ""new"": 25.05, ""old"": 28.05}}, ""discount_pct"": {""change_pct"": 21.18, ""new"": 21.47, ""old"": 17.72}, ""shipping_fee"": {""change_pct"": -40.82, ""new"": 29.0, ""old"": 49.0}}",conversion_rate,Increase,15.53,Win,0.747,Conversion recovery lowers checkout friction and raises intent messaging.
EXP0031,P045,Makeup,Lipstick,Mamaearth,Inventory Clearance Strategy,2025-03-08,2025-04-13,"{""avg_selling_price"": {""change_pct"": -5.54, ""new"": 538.43, ""old"": 570.0}, ""discount_pct"": {""change_pct"": 109.28, ""new"": 19.78, ""old"": 9.45}}",orders,Increase,44.55,Win,0.884,Clearance strategy accelerates sell-through using price and discount.
EXP0032,P035,Haircare,Shampoo,Minimalist,D2C Growth Strategy,2025-09-21,2025-10-08,"{""marketing_spend"": {""change_pct"": 19.92, ""new"": 8080.85, ""old"": 6738.68}, ""sales_channel_mix"": {""Amazon"": {""change_pct"": -5.0, ""new"": 47.22, ""old"": 52.22}, ""MobileApp"": {""change_pct"": 5.0, ""new"": 12.45, ""old"": 7.45}, ""Nykaa"": {""change_pct"": -5.0, ""new"": 8.8, ""old"": 13.8}, ""Website"": {""change_pct"": 5.0, ""new"": 31.53, ""old"": 26.53}}}",website_sales_pct,Increase,13.64,Win,0.734,D2C growth moves share toward owned web and app channels.
EXP0033,P067,Skincare,Serum,Minimalist,Price Increase,2025-05-18,2025-06-08,"{""avg_selling_price"": {""change_pct"": 11.67, ""new"": 1038.56, ""old"": 930.0}}",profit,Increase,7.92,Win,0.663,Premium price test expects higher unit margin with some demand elasticity.
EXP0034,P088,Skincare,Serum,Minimalist,Price Decrease,2025-08-14,2025-09-12,"{""avg_selling_price"": {""change_pct"": -12.67, ""new"": 1091.66, ""old"": 1250.0}}",orders,Increase,2.94,Win,0.645,Lower price should improve demand and conversion.
EXP0035,P067,Skincare,Serum,Minimalist,Discount Increase,2025-01-01,2025-02-12,"{""discount_pct"": {""change_pct"": 61.2, ""new"": 29.23, ""old"": 18.13}}",orders,Increase,-12.05,Loss,0.798,Higher discount should lift orders but may dilute margin.
EXP0036,P040,Skincare,Serum,Minimalist,Discount Decrease,2025-11-27,2025-12-15,"{""discount_pct"": {""change_pct"": -40.21, ""new"": 10.79, ""old"": 18.05}}",profit,Increase,10.42,Inconclusive,0.6,Lower discount tests whether stronger margin offsets order loss.
EXP0037,P059,Haircare,Shampoo,Mamaearth,Shipping Fee Increase,2025-03-01,2025-04-13,"{""shipping_fee"": {""change_pct"": 40.82, ""new"": 69.0, ""old"": 49.0}}",conversion_rate,Decrease,-15.93,Win,0.694,Higher shipping fee should create checkout friction.
EXP0038,P032,Haircare,Shampoo,Mamaearth,Shipping Fee Decrease,2025-09-01,2025-10-05,"{""shipping_fee"": {""change_pct"": -57.97, ""new"": 29.0, ""old"": 69.0}}",conversion_rate,Increase,4.51,Win,0.624,Reduced shipping fee should reduce checkout friction.
EXP0039,P080,Haircare,Shampoo,Mamaearth,Free Shipping,2025-07-15,2025-08-06,"{""shipping_fee"": {""change_pct"": -100.0, ""new"": 0.0, ""old"": 39.0}}",conversion_rate,Increase,-9.2,Loss,0.644,Free shipping test should increase conversion and order volume.
EXP0040,P008,Haircare,Shampoo,Mamaearth,Marketing Spend Increase,2025-03-13,2025-04-24,"{""marketing_spend"": {""change_pct"": 50.08, ""new"": 11934.17, ""old"": 7951.88}}",traffic,Increase,24.93,Win,0.794,Higher spend should increase traffic through paid reach and lagged adstock.
EXP0041,P005,Haircare,Shampoo,Mamaearth,Marketing Spend Decrease,2025-07-06,2025-07-29,"{""marketing_spend"": {""change_pct"": -35.48, ""new"": 10313.86, ""old"": 15986.39}}",current_roas,Increase,5.27,Inconclusive,0.532,Spend reduction tests whether inefficient paid traffic can be trimmed.
EXP0042,P019,Skincare,Serum,Mamaearth,Inventory Increase,2025-04-07,2025-05-14,"{""inventory_available"": {""change_pct"": 57.68, ""new"": 1734.46, ""old"": 1100.0}}",orders,Increase,36.67,Win,0.953,Higher stock availability should reduce sales capacity constraints.
EXP0043,P009,Makeup,Lipstick,Mamaearth,Inventory Reduction,2025-08-30,2025-09-13,"{""inventory_available"": {""change_pct"": -30.26, ""new"": 768.52, ""old"": 1102.0}}",revenue,Decrease,-7.49,Inconclusive,0.57,Lower inventory should cap orders and revenue.
EXP0044,P009,Makeup,Lipstick,Mamaearth,Amazon to Website Shift,2025-06-20,2025-06-27,"{""sales_channel_mix"": {""Amazon"": {""change_pct"": -11.85, ""new"": 25.42, ""old"": 37.27}, ""Website"": {""change_pct"": 11.85, ""new"": 53.33, ""old"": 41.48}}}",website_sales_pct,Increase,26.98,Win,0.868,Channel share shifted from marketplace to owned website.
EXP0045,P079,Skincare,Serum,Minimalist,Website to Amazon Shift,2025-08-18,2025-09-20,"{""sales_channel_mix"": {""Amazon"": {""change_pct"": 13.46, ""new"": 53.67, ""old"": 40.21}, ""Website"": {""change_pct"": -13.46, ""new"": 27.79, ""old"": 41.25}}}",amazon_sales_pct,Increase,39.11,Win,0.959,Channel share shifted toward Amazon for demand capture.
EXP0046,P030,Makeup,Lipstick,Mamaearth,Amazon to Mobile App Shift,2025-01-02,2025-02-06,"{""sales_channel_mix"": {""Amazon"": {""change_pct"": -10.32, ""new"": 39.68, ""old"": 50.0}, ""MobileApp"": {""change_pct"": 10.32, ""new"": 17.1, ""old"": 6.78}}}",mobile_app_sales_pct,Increase,152.96,Win,0.898,Marketplace users redirected toward app purchase journeys.
EXP0047,P004,Skincare,Serum,The Derma Co,Website to Mobile App Shift,2025-03-10,2025-03-26,"{""sales_channel_mix"": {""MobileApp"": {""change_pct"": 13.0, ""new"": 25.15, ""old"": 12.15}, ""Website"": {""change_pct"": -13.0, ""new"": 22.21, ""old"": 35.21}}}",mobile_app_sales_pct,Increase,121.85,Win,0.96,Owned web traffic nudged toward app conversion.
EXP0048,P071,Haircare,Shampoo,The Derma Co,Channel Mix Optimization,2025-11-21,2025-12-24,"{""sales_channel_mix"": {""Amazon"": {""change_pct"": -5.0, ""new"": 21.31, ""old"": 26.31}, ""MobileApp"": {""change_pct"": 4.0, ""new"": 24.56, ""old"": 20.56}, ""Nykaa"": {""change_pct"": -4.0, ""new"": 27.34, ""old"": 31.34}, ""Website"": {""change_pct"": 5.0, ""new"": 26.79, ""old"": 21.79}}}",current_roas,Increase,7.45,Inconclusive,0.588,Mix optimized toward higher-margin owned channels.
EXP0049,P019,Skincare,Serum,Mamaearth,Search Increase,2025-03-03,2025-04-03,"{""campaign_mix"": {""Search"": {""change_pct"": 8.94, ""new"": 45.55, ""old"": 36.61}, ""Social"": {""change_pct"": -8.94, ""new"": 13.47, ""old"": 22.41}}}",search_campaign_pct,Increase,8.66,Win,0.67,Search share increased for higher purchase intent.
EXP0050,P039,Makeup,Lipstick,The Derma Co,Social Increase,2025-01-02,2025-01-15,"{""campaign_mix"": {""Search"": {""change_pct"": -6.32, ""new"": 29.4, ""old"": 35.72}, ""Social"": {""change_pct"": 6.32, ""new"": 53.65, ""old"": 47.33}}}",social_campaign_pct,Increase,13.62,Win,0.701,Social share increased for discovery and mid-funnel reach.
EXP0051,P016,Skincare,Serum,Mamaearth,Email Increase,2025-03-24,2025-04-24,"{""campaign_mix"": {""Email"": {""change_pct"": 5.08, ""new"": 22.37, ""old"": 17.29}, ""Social"": {""change_pct"": -5.08, ""new"": 19.6, ""old"": 24.68}}}",retention_rate,Increase,2.2,Win,0.63,Email share increased to reactivate known buyers.
EXP0052,P063,Makeup,Lipstick,Mamaearth,Affiliate Increase,2025-08-31,2025-09-24,"{""campaign_mix"": {""Affiliate"": {""change_pct"": 6.0, ""new"": 24.34, ""old"": 18.34}, ""Search"": {""change_pct"": -6.0, ""new"": 16.87, ""old"": 22.87}}}",affiliate_campaign_pct,Increase,37.0,Win,0.96,Affiliate share increased for deal-led acquisition.
EXP0053,P017,Haircare,Shampoo,The Derma Co,Campaign Mix Optimization,2025-09-16,2025-10-03,"{""campaign_mix"": {""Affiliate"": {""change_pct"": -3.0, ""new"": 9.39, ""old"": 12.39}, ""Email"": {""change_pct"": 3.0, ""new"": 22.32, ""old"": 19.32}, ""Search"": {""change_pct"": 4.0, ""new"": 39.79, ""old"": 35.79}, ""Social"": {""change_pct"": -4.0, ""new"": 28.5, ""old"": 32.5}}}",current_ctr,Increase,1.46,Inconclusive,0.531,Campaign mix optimized toward intent and lifecycle channels.
EXP0054,P060,Makeup,Lipstick,The Derma Co,Google to Instagram Shift,2025-02-01,2025-02-14,"{""acquisition_mix"": {""Google"": {""change_pct"": -11.87, ""new"": 27.08, ""old"": 38.95}, ""Instagram"": {""change_pct"": 11.87, ""new"": 33.59, ""old"": 21.72}}}",instagram_source_pct,Increase,65.73,Win,0.96,Acquisition shifted from search-led to creator and social discovery.
EXP0055,P096,Makeup,Lipstick,Minimalist,Instagram to Google Shift,2025-06-23,2025-07-21,"{""acquisition_mix"": {""Google"": {""change_pct"": 10.63, ""new"": 34.7, ""old"": 24.07}, ""Instagram"": {""change_pct"": -10.63, ""new"": 15.41, ""old"": 26.04}}}",google_source_pct,Increase,53.08,Win,0.854,Acquisition shifted toward high-intent Google traffic.
EXP0056,P080,Haircare,Shampoo,Mamaearth,Facebook to Google Shift,2025-03-20,2025-04-20,"{""acquisition_mix"": {""Facebook"": {""change_pct"": -5.73, ""new"": 8.52, ""old"": 14.25}, ""Google"": {""change_pct"": 5.73, ""new"": 36.9, ""old"": 31.17}}}",google_source_pct,Increase,12.67,Win,0.692,Budget moved from Facebook to Google for better intent quality.
EXP0057,P075,Makeup,Lipstick,The Derma Co,Paid to Organic Shift,2025-11-07,2025-12-04,"{""acquisition_mix"": {""Google"": {""change_pct"": -4.0, ""new"": 15.2, ""old"": 19.2}, ""Instagram"": {""change_pct"": -4.0, ""new"": 37.77, ""old"": 41.77}, ""Organic"": {""change_pct"": 8.0, ""new"": 28.05, ""old"": 20.05}}, ""marketing_spend"": {""change_pct"": -25.57, ""new"": 7197.08, ""old"": 9669.5}}",organic_source_pct,Increase,45.11,Win,0.96,Paid dependency reduced while organic share is lifted.
EXP0058,P078,Makeup,Lipstick,Minimalist,Acquisition Mix Optimization,2025-10-28,2025-11-18,"{""acquisition_mix"": {""Facebook"": {""change_pct"": -3.0, ""new"": 9.9, ""old"": 12.9}, ""Google"": {""change_pct"": 3.0, ""new"": 33.32, ""old"": 30.32}, ""Organic"": {""change_pct"": 0.43, ""new"": 19.11, ""old"": 18.68}, ""Referral"": {""change_pct"": -0.43, ""new"": 3.0, ""old"": 3.43}}}",conversion_rate,Increase,-11.46,Loss,0.739,Acquisition mix optimized toward higher-converting sources.
EXP0059,P088,Skincare,Serum,Minimalist,Premium Pricing Strategy,2025-04-28,2025-05-31,"{""avg_selling_price"": {""change_pct"": 14.41, ""new"": 1430.14, ""old"": 1250.0}, ""discount_pct"": {""change_pct"": -40.26, ""new"": 5.79, ""old"": 9.69}}",profit,Increase,27.47,Win,0.795,Premium posture combines higher price with lower promotion depth.
EXP0060,P002,Haircare,Shampoo,The Derma Co,Aggressive Growth Strategy,2025-07-06,2025-07-30,"{""discount_pct"": {""change_pct"": 119.06, ""new"": 21.38, ""old"": 9.76}, ""marketing_spend"": {""change_pct"": 67.76, ""new"": 11867.09, ""old"": 7073.66}, ""shipping_fee"": {""change_pct"": -28.99, ""new"": 49.0, ""old"": 69.0}}",orders,Increase,79.27,Win,0.925,"Growth strategy combines paid reach, promotion, and reduced friction."
EXP0061,P085,Skincare,Serum,The Derma Co,Profit Optimization Strategy,2025-06-28,2025-07-05,"{""discount_pct"": {""change_pct"": -37.32, ""new"": 10.63, ""old"": 16.96}, ""marketing_spend"": {""change_pct"": -14.68, ""new"": 6642.09, ""old"": 7784.82}, ""sales_channel_mix"": {""Amazon"": {""change_pct"": -4.0, ""new"": 28.43, ""old"": 32.43}, ""MobileApp"": {""change_pct"": 3.0, ""new"": 24.84, ""old"": 21.84}, ""Nykaa"": {""change_pct"": -3.0, ""new"": 17.83, ""old"": 20.83}, ""Website"": {""change_pct"": 4.0, ""new"": 28.9, ""old"": 24.9}}}",profit,Increase,12.06,Win,0.722,Profit optimization trims inefficient spend and marketplace dependency.
EXP0062,P029,Haircare,Shampoo,Minimalist,Conversion Recovery Strategy,2025-02-25,2025-03-15,"{""campaign_mix"": {""Affiliate"": {""change_pct"": -3.0, ""new"": 5.85, ""old"": 8.85}, ""Email"": {""change_pct"": 3.0, ""new"": 26.22, ""old"": 23.22}, ""Search"": {""change_pct"": 3.0, ""new"": 46.86, ""old"": 43.86}, ""Social"": {""change_pct"": -3.0, ""new"": 21.07, ""old"": 24.07}}, ""discount_pct"": {""change_pct"": 50.31, ""new"": 21.42, ""old"": 14.25}, ""shipping_fee"": {""change_pct"": -57.97, ""new"": 29.0, ""old"": 69.0}}",conversion_rate,Increase,21.71,Win,0.792,Conversion recovery lowers checkout friction and raises intent messaging.
EXP0063,P005,Haircare,Shampoo,Mamaearth,Inventory Clearance Strategy,2025-05-13,2025-06-18,"{""avg_selling_price"": {""change_pct"": -3.51, ""new"": 463.13, ""old"": 480.0}, ""discount_pct"": {""change_pct"": 153.39, ""new"": 26.71, ""old"": 10.54}}",orders,Increase,33.51,Win,0.865,Clearance strategy accelerates sell-through using price and discount.
EXP0064,P001,Skincare,Serum,Mamaearth,D2C Growth Strategy,2025-07-01,2025-08-13,"{""marketing_spend"": {""change_pct"": 32.69, ""new"": 10237.39, ""old"": 7715.09}, ""sales_channel_mix"": {""Amazon"": {""change_pct"": -5.0, ""new"": 33.56, ""old"": 38.56}, ""MobileApp"": {""change_pct"": 5.0, ""new"": 16.78, ""old"": 11.78}, ""Nykaa"": {""change_pct"": -5.0, ""new"": 7.28, ""old"": 12.28}, ""Website"": {""change_pct"": 5.0, ""new"": 42.38, ""old"": 37.38}}}",website_sales_pct,Increase,7.12,Win,0.757,D2C growth moves share toward owned web and app channels.
EXP0065,P043,Skincare,Serum,Mamaearth,Price Increase,2025-02-13,2025-03-06,"{""avg_selling_price"": {""change_pct"": 14.53, ""new"": 744.47, ""old"": 650.0}}",profit,Increase,25.04,Win,0.777,Premium price test expects higher unit margin with some demand elasticity.
EXP0066,P018,Makeup,Lipstick,Minimalist,Price Decrease,2025-03-26,2025-04-18,"{""avg_selling_price"": {""change_pct"": -9.44, ""new"": 679.17, ""old"": 750.0}}",orders,Increase,-7.21,Loss,0.654,Lower price should improve demand and conversion.
EXP0067,P084,Makeup,Lipstick,Minimalist,Discount Increase,2025-11-18,2025-12-21,"{""discount_pct"": {""change_pct"": 88.02, ""new"": 28.18, ""old"": 14.99}}",orders,Increase,39.49,Win,0.96,Higher discount should lift orders but may dilute margin.
EXP0068,P024,Makeup,Lipstick,The Derma Co,Discount Decrease,2025-01-21,2025-03-04,"{""discount_pct"": {""change_pct"": -48.5, ""new"": 7.27, ""old"": 14.12}}",profit,Increase,14.62,Win,0.722,Lower discount tests whether stronger margin offsets order loss.
EXP0069,P054,Makeup,Lipstick,Minimalist,Shipping Fee Increase,2025-09-30,2025-11-09,"{""shipping_fee"": {""change_pct"": 67.8, ""new"": 99.0, ""old"": 59.0}}",conversion_rate,Decrease,-1.43,Loss,0.635,Higher shipping fee should create checkout friction.
EXP0070,P037,Skincare,Serum,The Derma Co,Shipping Fee Decrease,2025-09-22,2025-10-05,"{""shipping_fee"": {""change_pct"": -76.92, ""new"": 9.0, ""old"": 39.0}}",conversion_rate,Increase,8.42,Win,0.694,Reduced shipping fee should reduce checkout friction.
EXP0071,P034,Skincare,Serum,Mamaearth,Free Shipping,2025-09-05,2025-10-09,"{""shipping_fee"": {""change_pct"": -100.0, ""new"": 0.0, ""old"": 39.0}}",conversion_rate,Increase,2.32,Inconclusive,0.537,Free shipping test should increase conversion and order volume.
EXP0072,P086,Haircare,Shampoo,The Derma Co,Marketing Spend Increase,2025-05-19,2025-06-22,"{""marketing_spend"": {""change_pct"": 59.58, ""new"": 8304.58, ""old"": 5203.92}}",traffic,Increase,26.37,Win,0.807,Higher spend should increase traffic through paid reach and lagged adstock.
EXP0073,P068,Haircare,Shampoo,Mamaearth,Marketing Spend Decrease,2025-01-29,2025-02-12,"{""marketing_spend"": {""change_pct"": -22.52, ""new"": 7172.24, ""old"": 9257.17}}",current_roas,Increase,10.9,Win,0.777,Spend reduction tests whether inefficient paid traffic can be trimmed.
EXP0074,P066,Makeup,Lipstick,Mamaearth,Inventory Increase,2025-10-11,2025-10-31,"{""inventory_available"": {""change_pct"": 46.13, ""new"": 2497.4, ""old"": 1709.0}}",orders,Increase,153.07,Win,0.929,Higher stock availability should reduce sales capacity constraints.
EXP0075,P078,Makeup,Lipstick,Minimalist,Inventory Reduction,2025-09-29,2025-10-15,"{""inventory_available"": {""change_pct"": -56.24, ""new"": 292.29, ""old"": 668.0}}",revenue,Decrease,80.01,Loss,0.839,Lower inventory should cap orders and revenue.
EXP0076,P048,Makeup,Lipstick,Mamaearth,Amazon to Website Shift,2025-02-18,2025-03-18,"{""sales_channel_mix"": {""Amazon"": {""change_pct"": -9.32, ""new"": 32.74, ""old"": 42.06}, ""Website"": {""change_pct"": 9.32, ""new"": 42.85, ""old"": 33.53}}}",website_sales_pct,Increase,25.45,Win,0.805,Channel share shifted from marketplace to owned website.
EXP0077,P080,Haircare,Shampoo,Mamaearth,Website to Amazon Shift,2025-11-11,2025-12-11,"{""sales_channel_mix"": {""Amazon"": {""change_pct"": 11.88, ""new"": 51.63, ""old"": 39.75}, ""Website"": {""change_pct"": -11.88, ""new"": 12.46, ""old"": 24.34}}}",amazon_sales_pct,Increase,55.36,Win,0.896,Channel share shifted toward Amazon for demand capture.
EXP0078,P006,Makeup,Lipstick,Minimalist,Amazon to Mobile App Shift,2025-07-22,2025-08-11,"{""sales_channel_mix"": {""Amazon"": {""change_pct"": -11.68, ""new"": 31.9, ""old"": 43.58}, ""MobileApp"": {""change_pct"": 11.68, ""new"": 19.58, ""old"": 7.9}}}",mobile_app_sales_pct,Increase,150.66,Win,0.936,Marketplace users redirected toward app purchase journeys.
EXP0079,P032,Haircare,Shampoo,Mamaearth,Website to Mobile App Shift,2025-01-27,2025-03-09,"{""sales_channel_mix"": {""MobileApp"": {""change_pct"": 7.72, ""new"": 15.38, ""old"": 7.66}, ""Website"": {""change_pct"": -7.72, ""new"": 14.06, ""old"": 21.78}}}",mobile_app_sales_pct,Increase,59.97,Win,0.96,Owned web traffic nudged toward app conversion.
EXP0080,P007,Skincare,Serum,Minimalist,Channel Mix Optimization,2025-03-10,2025-03-24,"{""sales_channel_mix"": {""Amazon"": {""change_pct"": -5.0, ""new"": 26.37, ""old"": 31.37}, ""MobileApp"": {""change_pct"": 4.0, ""new"": 23.19, ""old"": 19.19}, ""Nykaa"": {""change_pct"": -4.0, ""new"": 12.3, ""old"": 16.3}, ""Website"": {""change_pct"": 5.0, ""new"": 38.14, ""old"": 33.14}}}",current_roas,Increase,0.7,Inconclusive,0.537,Mix optimized toward higher-margin owned channels.
EXP0081,P100,Skincare,Serum,The Derma Co,Search Increase,2025-07-14,2025-08-01,"{""campaign_mix"": {""Search"": {""change_pct"": 8.99, ""new"": 39.26, ""old"": 30.27}, ""Social"": {""change_pct"": -8.99, ""new"": 33.3, ""old"": 42.29}}}",search_campaign_pct,Increase,79.32,Win,0.925,Search share increased for higher purchase intent.
EXP0082,P074,Haircare,Shampoo,Minimalist,Social Increase,2025-03-27,2025-04-15,"{""campaign_mix"": {""Search"": {""change_pct"": -8.92, ""new"": 31.23, ""old"": 40.15}, ""Social"": {""change_pct"": 8.92, ""new"": 31.11, ""old"": 22.19}}}",social_campaign_pct,Increase,42.32,Win,0.893,Social share increased for discovery and mid-funnel reach.
EXP0083,P004,Skincare,Serum,The Derma Co,Email Increase,2025-11-09,2025-12-13,"{""campaign_mix"": {""Email"": {""change_pct"": 7.13, ""new"": 23.9, ""old"": 16.77}, ""Social"": {""change_pct"": -7.13, ""new"": 12.6, ""old"": 19.73}}}",retention_rate,Increase,-1.3,Loss,0.667,Email share increased to reactivate known buyers.
EXP0084,P061,Skincare,Serum,Minimalist,Affiliate Increase,2025-09-24,2025-10-24,"{""campaign_mix"": {""Affiliate"": {""change_pct"": 5.02, ""new"": 10.88, ""old"": 5.86}, ""Search"": {""change_pct"": -5.02, ""new"": 33.0, ""old"": 38.02}}}",affiliate_campaign_pct,Increase,83.03,Win,0.96,Affiliate share increased for deal-led acquisition.
EXP0085,P025,Skincare,Serum,The Derma Co,Campaign Mix Optimization,2025-08-03,2025-08-31,"{""campaign_mix"": {""Affiliate"": {""change_pct"": -3.0, ""new"": 7.0, ""old"": 10.0}, ""Email"": {""change_pct"": 3.0, ""new"": 12.37, ""old"": 9.37}, ""Search"": {""change_pct"": 4.0, ""new"": 51.6, ""old"": 47.6}, ""Social"": {""change_pct"": -4.0, ""new"": 29.03, ""old"": 33.03}}}",current_ctr,Increase,1.13,Inconclusive,0.615,Campaign mix optimized toward intent and lifecycle channels.
EXP0086,P052,Skincare,Serum,Mamaearth,Google to Instagram Shift,2025-04-06,2025-05-11,"{""acquisition_mix"": {""Google"": {""change_pct"": -9.74, ""new"": 34.93, ""old"": 44.67}, ""Instagram"": {""change_pct"": 9.74, ""new"": 37.97, ""old"": 28.23}}}",instagram_source_pct,Increase,59.4,Win,0.946,Acquisition shifted from search-led to creator and social discovery.
EXP0087,P049,Skincare,Serum,Mamaearth,Instagram to Google Shift,2025-11-07,2025-11-17,"{""acquisition_mix"": {""Google"": {""change_pct"": 6.71, ""new"": 47.45, ""old"": 40.74}, ""Instagram"": {""change_pct"": -6.71, ""new"": 8.64, ""old"": 15.35}}}",google_source_pct,Increase,15.86,Win,0.694,Acquisition shifted toward high-intent Google traffic.
EXP0088,P015,Makeup,Lipstick,Minimalist,Facebook to Google Shift,2025-04-17,2025-05-11,"{""acquisition_mix"": {""Facebook"": {""change_pct"": -9.45, ""new"": 3.15, ""old"": 12.6}, ""Google"": {""change_pct"": 9.45, ""new"": 40.03, ""old"": 30.58}}}",google_source_pct,Increase,37.65,Win,0.96,Budget moved from Facebook to Google for better intent quality.
EXP0089,P077,Haircare,Shampoo,Mamaearth,Paid to Organic Shift,2025-02-08,2025-02-16,"{""acquisition_mix"": {""Google"": {""change_pct"": -4.0, ""new"": 40.67, ""old"": 44.67}, ""Instagram"": {""change_pct"": -4.0, ""new"": 13.4, ""old"": 17.4}, ""Organic"": {""change_pct"": 8.0, ""new"": 28.38, ""old"": 20.38}}, ""marketing_spend"": {""change_pct"": -16.25, ""new"": 5134.18, ""old"": 6130.35}}",organic_source_pct,Increase,40.52,Win,0.934,Paid dependency reduced while organic share is lifted.
EXP0090,P041,Haircare,Shampoo,Minimalist,Acquisition Mix Optimization,2025-08-25,2025-08-31,"{""acquisition_mix"": {""Facebook"": {""change_pct"": -3.0, ""new"": 10.91, ""old"": 13.91}, ""Google"": {""change_pct"": 3.0, ""new"": 35.32, ""old"": 32.32}}}",conversion_rate,Increase,4.46,Inconclusive,0.597,Acquisition mix optimized toward higher-converting sources.
EXP0091,P044,Haircare,Shampoo,The Derma Co,Premium Pricing Strategy,2025-05-28,2025-07-04,"{""avg_selling_price"": {""change_pct"": 12.77, ""new"": 732.99, ""old"": 650.0}, ""discount_pct"": {""change_pct"": -54.01, ""new"": 5.79, ""old"": 12.58}}",profit,Increase,68.54,Win,0.96,Premium posture combines higher price with lower promotion depth.
EXP0092,P076,Skincare,Serum,Minimalist,Aggressive Growth Strategy,2025-08-02,2025-09-03,"{""discount_pct"": {""change_pct"": 61.33, ""new"": 24.89, ""old"": 15.43}, ""marketing_spend"": {""change_pct"": 77.52, ""new"": 20213.24, ""old"": 11386.32}, ""shipping_fee"": {""change_pct"": -76.92, ""new"": 9.0, ""old"": 39.0}}",orders,Increase,133.19,Win,0.929,"Growth strategy combines paid reach, promotion, and reduced friction."
EXP0093,P003,Makeup,Lipstick,Minimalist,Profit Optimization Strategy,2025-11-16,2025-12-24,"{""discount_pct"": {""change_pct"": -56.97, ""new"": 6.27, ""old"": 14.56}, ""marketing_spend"": {""change_pct"": -15.62, ""new"": 9211.6, ""old"": 10916.95}, ""sales_channel_mix"": {""Amazon"": {""change_pct"": -4.0, ""new"": 51.14, ""old"": 55.14}, ""MobileApp"": {""change_pct"": 3.0, ""new"": 11.98, ""old"": 8.98}, ""Nykaa"": {""change_pct"": -3.0, ""new"": 12.21, ""old"": 15.21}, ""Website"": {""change_pct"": 4.0, ""new"": 24.67, ""old"": 20.67}}}",profit,Increase,7.17,Win,0.621,Profit optimization trims inefficient spend and marketplace dependency.
EXP0094,P019,Skincare,Serum,Mamaearth,Conversion Recovery Strategy,2025-01-12,2025-02-23,"{""campaign_mix"": {""Affiliate"": {""change_pct"": -3.0, ""new"": 10.52, ""old"": 13.52}, ""Email"": {""change_pct"": 3.0, ""new"": 27.5, ""old"": 24.5}, ""Search"": {""change_pct"": 3.0, ""new"": 39.84, ""old"": 36.84}, ""Social"": {""change_pct"": -3.0, ""new"": 22.14, ""old"": 25.14}}, ""discount_pct"": {""change_pct"": 28.22, ""new"": 15.78, ""old"": 12.31}, ""shipping_fee"": {""change_pct"": -67.8, ""new"": 19.0, ""old"": 59.0}}",conversion_rate,Increase,14.34,Win,0.77,Conversion recovery lowers checkout friction and raises intent messaging.
EXP0095,P038,Haircare,Shampoo,Minimalist,Inventory Clearance Strategy,2025-10-13,2025-11-20,"{""avg_selling_price"": {""change_pct"": -7.48, ""new"": 305.31, ""old"": 330.0}, ""discount_pct"": {""change_pct"": 77.07, ""new"": 30.05, ""old"": 16.97}}",orders,Increase,61.21,Win,0.933,Clearance strategy accelerates sell-through using price and discount.
EXP0096,P080,Haircare,Shampoo,Mamaearth,D2C Growth Strategy,2025-09-23,2025-10-11,"{""marketing_spend"": {""change_pct"": 29.0, ""new"": 9821.82, ""old"": 7614.01}, ""sales_channel_mix"": {""Amazon"": {""change_pct"": -5.0, ""new"": 34.21, ""old"": 39.21}, ""MobileApp"": {""change_pct"": 5.0, ""new"": 12.26, ""old"": 7.26}, ""Nykaa"": {""change_pct"": -5.0, ""new"": 25.03, ""old"": 30.03}, ""Website"": {""change_pct"": 5.0, ""new"": 28.5, ""old"": 23.5}}}",website_sales_pct,Increase,133.02,Win,0.96,D2C growth moves share toward owned web and app channels.
EXP0097,P030,Makeup,Lipstick,Mamaearth,Price Increase,2025-10-08,2025-10-14,"{""avg_selling_price"": {""change_pct"": 9.17, ""new"": 676.86, ""old"": 620.0}}",profit,Increase,368.84,Win,0.96,Premium price test expects higher unit margin with some demand elasticity.
EXP0098,P058,Skincare,Serum,Mamaearth,Price Decrease,2025-03-10,2025-04-08,"{""avg_selling_price"": {""change_pct"": -7.39, ""new"": 685.34, ""old"": 740.0}}",orders,Increase,40.36,Win,0.865,Lower price should improve demand and conversion.
EXP0099,P024,Makeup,Lipstick,The Derma Co,Discount Increase,2025-07-19,2025-08-04,"{""discount_pct"": {""change_pct"": 89.06, ""new"": 22.04, ""old"": 11.66}}",orders,Increase,11.38,Win,0.715,Higher discount should lift orders but may dilute margin.
EXP0100,P036,Makeup,Lipstick,The Derma Co,Discount Decrease,2025-02-05,2025-02-24,"{""discount_pct"": {""change_pct"": -26.26, ""new"": 16.89, ""old"": 22.9}}",profit,Increase,-7.57,Loss,0.669,Lower discount tests whether stronger margin offsets order loss.
EXP0101,P097,Skincare,Serum,Mamaearth,Shipping Fee Increase,2025-10-10,2025-11-22,"{""shipping_fee"": {""change_pct"": 61.22, ""new"": 79.0, ""old"": 49.0}}",conversion_rate,Decrease,-4.45,Win,0.633,Higher shipping fee should create checkout friction.
EXP0102,P074,Haircare,Shampoo,Minimalist,Shipping Fee Decrease,2025-10-08,2025-10-19,"{""shipping_fee"": {""change_pct"": -61.22, ""new"": 19.0, ""old"": 49.0}}",conversion_rate,Increase,9.71,Win,0.658,Reduced shipping fee should reduce checkout friction.
EXP0103,P010,Skincare,Serum,Mamaearth,Free Shipping,2025-10-01,2025-10-08,"{""shipping_fee"": {""change_pct"": -100.0, ""new"": 0.0, ""old"": 49.0}}",conversion_rate,Increase,12.31,Inconclusive,0.615,Free shipping test should increase conversion and order volume.
EXP0104,P020,Haircare,Shampoo,The Derma Co,Marketing Spend Increase,2025-06-06,2025-06-16,"{""marketing_spend"": {""change_pct"": 37.45, ""new"": 7429.94, ""old"": 5405.42}}",traffic,Increase,28.56,Win,0.902,Higher spend should increase traffic through paid reach and lagged adstock.
EXP0105,P031,Skincare,Serum,Mamaearth,Marketing Spend Decrease,2025-02-05,2025-02-22,"{""marketing_spend"": {""change_pct"": -28.69, ""new"": 4421.87, ""old"": 6200.72}}",current_roas,Increase,48.81,Win,0.893,Spend reduction tests whether inefficient paid traffic can be trimmed.
EXP0106,P041,Haircare,Shampoo,Minimalist,Inventory Increase,2025-02-08,2025-02-14,"{""inventory_available"": {""change_pct"": 54.04, ""new"": 2441.55, ""old"": 1585.0}}",orders,Increase,-4.06,Loss,0.708,Higher stock availability should reduce sales capacity constraints.
EXP0107,P080,Haircare,Shampoo,Mamaearth,Inventory Reduction,2025-02-27,2025-03-07,"{""inventory_available"": {""change_pct"": -30.93, ""new"": 1386.95, ""old"": 2008.0}}",revenue,Decrease,3.17,Inconclusive,0.614,Lower inventory should cap orders and revenue.
EXP0108,P004,Skincare,Serum,The Derma Co,Amazon to Website Shift,2025-05-25,2025-06-04,"{""sales_channel_mix"": {""Amazon"": {""change_pct"": -11.0, ""new"": 26.66, ""old"": 37.66}, ""Website"": {""change_pct"": 11.0, ""new"": 42.25, ""old"": 31.25}}}",website_sales_pct,Increase,20.72,Win,0.716,Channel share shifted from marketplace to owned website.
EXP0109,P070,Skincare,Serum,Mamaearth,Website to Amazon Shift,2025-08-21,2025-09-25,"{""sales_channel_mix"": {""Amazon"": {""change_pct"": 14.42, ""new"": 68.38, ""old"": 53.96}, ""Website"": {""change_pct"": -14.42, ""new"": 5.26, ""old"": 19.68}}}",amazon_sales_pct,Increase,27.16,Win,0.861,Channel share shifted toward Amazon for demand capture.
EXP0110,P028,Skincare,Serum,Mamaearth,Amazon to Mobile App Shift,2025-01-16,2025-01-26,"{""sales_channel_mix"": {""Amazon"": {""change_pct"": -8.43, ""new"": 40.31, ""old"": 48.74}, ""MobileApp"": {""change_pct"": 8.43, ""new"": 30.9, ""old"": 22.47}}}",mobile_app_sales_pct,Increase,39.94,Win,0.911,Marketplace users redirected toward app purchase journeys.
EXP0111,P006,Makeup,Lipstick,Minimalist,Website to Mobile App Shift,2025-08-21,2025-09-02,"{""sales_channel_mix"": {""MobileApp"": {""change_pct"": 6.49, ""new"": 14.32, ""old"": 7.83}, ""Website"": {""change_pct"": -6.49, ""new"": 22.35, ""old"": 28.84}}}",mobile_app_sales_pct,Increase,-4.16,Inconclusive,0.568,Owned web traffic nudged toward app conversion.
EXP0112,P019,Skincare,Serum,Mamaearth,Channel Mix Optimization,2025-08-06,2025-09-09,"{""sales_channel_mix"": {""Amazon"": {""change_pct"": -5.0, ""new"": 28.36, ""old"": 33.36}, ""MobileApp"": {""change_pct"": 4.0, ""new"": 30.75, ""old"": 26.75}, ""Nykaa"": {""change_pct"": -4.0, ""new"": 23.59, ""old"": 27.59}, ""Website"": {""change_pct"": 5.0, ""new"": 17.3, ""old"": 12.3}}}",current_roas,Increase,0.76,Inconclusive,0.558,Mix optimized toward higher-margin owned channels.
EXP0113,P071,Haircare,Shampoo,The Derma Co,Search Increase,2025-04-27,2025-06-07,"{""campaign_mix"": {""Search"": {""change_pct"": 7.94, ""new"": 45.42, ""old"": 37.48}, ""Social"": {""change_pct"": -7.94, ""new"": 19.34, ""old"": 27.28}}}",search_campaign_pct,Increase,18.73,Win,0.713,Search share increased for higher purchase intent.
EXP0114,P025,Skincare,Serum,The Derma Co,Social Increase,2025-01-26,2025-02-28,"{""campaign_mix"": {""Search"": {""change_pct"": -11.89, ""new"": 36.84, ""old"": 48.73}, ""Social"": {""change_pct"": 11.89, ""new"": 45.8, ""old"": 33.91}}}",social_campaign_pct,Increase,37.52,Win,0.96,Social share increased for discovery and mid-funnel reach.
EXP0115,P019,Skincare,Serum,Mamaearth,Email Increase,2025-07-02,2025-07-19,"{""campaign_mix"": {""Email"": {""change_pct"": 10.81, ""new"": 36.79, ""old"": 25.98}, ""Social"": {""change_pct"": -10.81, ""new"": 12.96, ""old"": 23.77}}}",retention_rate,Increase,0.21,Inconclusive,0.561,Email share increased to reactivate known buyers.
EXP0116,P098,Haircare,Shampoo,The Derma Co,Affiliate Increase,2025-01-20,2025-02-24,"{""campaign_mix"": {""Affiliate"": {""change_pct"": 5.62, ""new"": 20.86, ""old"": 15.24}, ""Search"": {""change_pct"": -5.62, ""new"": 37.22, ""old"": 42.84}}}",affiliate_campaign_pct,Increase,36.85,Win,0.882,Affiliate share increased for deal-led acquisition.
EXP0117,P091,Skincare,Serum,Minimalist,Campaign Mix Optimization,2025-03-04,2025-04-01,"{""campaign_mix"": {""Affiliate"": {""change_pct"": -3.0, ""new"": 4.79, ""old"": 7.79}, ""Email"": {""change_pct"": 3.0, ""new"": 26.64, ""old"": 23.64}, ""Search"": {""change_pct"": 4.0, ""new"": 42.78, ""old"": 38.78}, ""Social"": {""change_pct"": -4.0, ""new"": 25.79, ""old"": 29.79}}}",current_ctr,Increase,-0.0,Inconclusive,0.614,Campaign mix optimized toward intent and lifecycle channels.
EXP0118,P073,Skincare,Serum,Minimalist,Google to Instagram Shift,2025-08-27,2025-10-06,"{""acquisition_mix"": {""Google"": {""change_pct"": -7.94, ""new"": 22.87, ""old"": 30.81}, ""Instagram"": {""change_pct"": 7.94, ""new"": 32.29, ""old"": 24.35}}}",instagram_source_pct,Increase,29.53,Win,0.797,Acquisition shifted from search-led to creator and social discovery.
EXP0119,P094,Skincare,Serum,Minimalist,Instagram to Google Shift,2025-01-13,2025-02-02,"{""acquisition_mix"": {""Google"": {""change_pct"": 8.1, ""new"": 42.95, ""old"": 34.85}, ""Instagram"": {""change_pct"": -8.1, ""new"": 10.78, ""old"": 18.88}}}",google_source_pct,Increase,22.46,Win,0.897,Acquisition shifted toward high-intent Google traffic.
EXP0120,P067,Skincare,Serum,Minimalist,Facebook to Google Shift,2025-09-02,2025-10-03,"{""acquisition_mix"": {""Facebook"": {""change_pct"": -2.09, ""new"": 3.0, ""old"": 5.09}, ""Google"": {""change_pct"": 2.09, ""new"": 69.77, ""old"": 67.68}}}",google_source_pct,Increase,4.35,Inconclusive,0.609,Budget moved from Facebook to Google for better intent quality.
EXP0121,P092,Haircare,Shampoo,Minimalist,Paid to Organic Shift,2025-02-22,2025-03-26,"{""acquisition_mix"": {""Google"": {""change_pct"": -4.0, ""new"": 35.14, ""old"": 39.14}, ""Instagram"": {""change_pct"": -4.0, ""new"": 16.29, ""old"": 20.29}, ""Organic"": {""change_pct"": 8.0, ""new"": 27.34, ""old"": 19.34}}, ""marketing_spend"": {""change_pct"": -16.63, ""new"": 5634.33, ""old"": 6758.01}}",organic_source_pct,Increase,39.21,Win,0.96,Paid dependency reduced while organic share is lifted.
EXP0122,P026,Haircare,Shampoo,The Derma Co,Acquisition Mix Optimization,2025-01-12,2025-01-28,"{""acquisition_mix"": {""Facebook"": {""change_pct"": -3.0, ""new"": 6.34, ""old"": 9.34}, ""Google"": {""change_pct"": 3.0, ""new"": 51.75, ""old"": 48.75}, ""Organic"": {""change_pct"": 2.0, ""new"": 12.05, ""old"": 10.05}, ""Referral"": {""change_pct"": -2.0, ""new"": 3.02, ""old"": 5.02}}}",conversion_rate,Increase,-0.07,Inconclusive,0.557,Acquisition mix optimized toward higher-converting sources.
EXP0123,P072,Makeup,Lipstick,Mamaearth,Premium Pricing Strategy,2025-05-23,2025-06-27,"{""avg_selling_price"": {""change_pct"": 10.42, ""new"": 331.25, ""old"": 300.0}, ""discount_pct"": {""change_pct"": -34.29, ""new"": 13.06, ""old"": 19.87}}",profit,Increase,18.09,Win,0.745,Premium posture combines higher price with lower promotion depth.
EXP0124,P037,Skincare,Serum,The Derma Co,Aggressive Growth Strategy,2025-01-24,2025-02-12,"{""discount_pct"": {""change_pct"": 52.76, ""new"": 22.12, ""old"": 14.48}, ""marketing_spend"": {""change_pct"": 75.67, ""new"": 7528.36, ""old"": 4285.61}, ""shipping_fee"": {""change_pct"": -100.0, ""new"": 0.0, ""old"": 39.0}}",orders,Increase,57.66,Win,0.96,"Growth strategy combines paid reach, promotion, and reduced friction."
EXP0125,P060,Makeup,Lipstick,The Derma Co,Profit Optimization Strategy,2025-08-27,2025-09-02,"{""discount_pct"": {""change_pct"": -26.49, ""new"": 13.53, ""old"": 18.41}, ""marketing_spend"": {""change_pct"": -16.51, ""new"": 6460.25, ""old"": 7737.81}, ""sales_channel_mix"": {""Amazon"": {""change_pct"": -4.0, ""new"": 34.74, ""old"": 38.74}, ""MobileApp"": {""change_pct"": 3.0, ""new"": 7.91, ""old"": 4.91}, ""Nykaa"": {""change_pct"": -3.0, ""new"": 22.51, ""old"": 25.51}, ""Website"": {""change_pct"": 4.0, ""new"": 34.84, ""old"": 30.84}}}",profit,Increase,41.24,Win,0.96,Profit optimization trims inefficient spend and marketplace dependency.
EXP0126,P026,Haircare,Shampoo,The Derma Co,Conversion Recovery Strategy,2025-03-30,2025-05-11,"{""campaign_mix"": {""Affiliate"": {""change_pct"": -3.0, ""new"": 5.36, ""old"": 8.36}, ""Email"": {""change_pct"": 3.0, ""new"": 19.66, ""old"": 16.66}, ""Search"": {""change_pct"": 3.0, ""new"": 44.2, ""old"": 41.2}, ""Social"": {""change_pct"": -3.0, ""new"": 30.78, ""old"": 33.78}}, ""discount_pct"": {""change_pct"": 21.64, ""new"": 17.98, ""old"": 14.78}, ""shipping_fee"": {""change_pct"": -57.97, ""new"": 29.0, ""old"": 69.0}}",conversion_rate,Increase,17.16,Win,0.789,Conversion recovery lowers checkout friction and raises intent messaging.
EXP0127,P096,Makeup,Lipstick,Minimalist,Inventory Clearance Strategy,2025-04-30,2025-05-30,"{""avg_selling_price"": {""change_pct"": -5.88, ""new"": 941.18, ""old"": 1000.0}, ""discount_pct"": {""change_pct"": 127.0, ""new"": 32.03, ""old"": 14.11}}",orders,Increase,61.62,Win,0.953,Clearance strategy accelerates sell-through using price and discount.
EXP0128,P099,Makeup,Lipstick,The Derma Co,D2C Growth Strategy,2025-06-12,2025-07-11,"{""marketing_spend"": {""change_pct"": 19.18, ""new"": 3701.45, ""old"": 3105.8}, ""sales_channel_mix"": {""Amazon"": {""change_pct"": -5.0, ""new"": 30.34, ""old"": 35.34}, ""MobileApp"": {""change_pct"": 5.0, ""new"": 15.68, ""old"": 10.68}, ""Nykaa"": {""change_pct"": -5.0, ""new"": 8.33, ""old"": 13.33}, ""Website"": {""change_pct"": 5.0, ""new"": 45.65, ""old"": 40.65}}}",website_sales_pct,Increase,9.78,Win,0.682,D2C growth moves share toward owned web and app channels.
EXP0129,P056,Haircare,Shampoo,The Derma Co,Price Increase,2025-08-11,2025-09-23,"{""avg_selling_price"": {""change_pct"": 13.25, ""new"": 430.33, ""old"": 380.0}}",profit,Increase,143.07,Win,0.959,Premium price test expects higher unit margin with some demand elasticity.
EXP0130,P035,Haircare,Shampoo,Minimalist,Price Decrease,2025-07-17,2025-08-10,"{""avg_selling_price"": {""change_pct"": -13.24, ""new"": 355.7, ""old"": 410.0}}",orders,Increase,9.76,Inconclusive,0.583,Lower price should improve demand and conversion.
EXP0131,P021,Makeup,Lipstick,Minimalist,Discount Increase,2025-08-04,2025-09-09,"{""discount_pct"": {""change_pct"": 60.42, ""new"": 34.33, ""old"": 21.4}}",orders,Increase,34.46,Win,0.917,Higher discount should lift orders but may dilute margin.
EXP0132,P087,Makeup,Lipstick,The Derma Co,Discount Decrease,2025-05-09,2025-05-16,"{""discount_pct"": {""change_pct"": -35.18, ""new"": 9.91, ""old"": 15.29}}",profit,Increase,23.76,Win,0.8,Lower discount tests whether stronger margin offsets order loss.
EXP0133,P083,Haircare,Shampoo,Minimalist,Shipping Fee Increase,2025-06-25,2025-07-13,"{""shipping_fee"": {""change_pct"": 50.85, ""new"": 89.0, ""old"": 59.0}}",conversion_rate,Decrease,-2.33,Inconclusive,0.554,Higher shipping fee should create checkout friction.
EXP0134,P009,Makeup,Lipstick,Mamaearth,Shipping Fee Decrease,2025-03-09,2025-04-21,"{""shipping_fee"": {""change_pct"": -28.99, ""new"": 49.0, ""old"": 69.0}}",conversion_rate,Increase,7.35,Win,0.703,Reduced shipping fee should reduce checkout friction.
EXP0135,P090,Makeup,Lipstick,Minimalist,Free Shipping,2025-10-06,2025-10-12,"{""shipping_fee"": {""change_pct"": -100.0, ""new"": 0.0, ""old"": 69.0}}",conversion_rate,Increase,24.72,Win,0.857,Free shipping test should increase conversion and order volume.
EXP0136,P052,Skincare,Serum,Mamaearth,Marketing Spend Increase,2025-08-15,2025-08-22,"{""marketing_spend"": {""change_pct"": 40.33, ""new"": 22498.49, ""old"": 16032.45}}",traffic,Increase,61.26,Win,0.96,Higher spend should increase traffic through paid reach and lagged adstock.
EXP0137,P061,Skincare,Serum,Minimalist,Marketing Spend Decrease,2025-03-02,2025-03-13,"{""marketing_spend"": {""change_pct"": -34.33, ""new"": 3394.69, ""old"": 5169.45}}",current_roas,Increase,40.01,Win,0.868,Spend reduction tests whether inefficient paid traffic can be trimmed.
EXP0138,P018,Makeup,Lipstick,Minimalist,Inventory Increase,2025-09-10,2025-10-24,"{""inventory_available"": {""change_pct"": 67.29, ""new"": 1651.12, ""old"": 987.0}}",orders,Increase,85.29,Win,0.96,Higher stock availability should reduce sales capacity constraints.
EXP0139,P073,Skincare,Serum,Minimalist,Inventory Reduction,2025-03-13,2025-03-27,"{""inventory_available"": {""change_pct"": -56.26, ""new"": 485.09, ""old"": 1109.0}}",revenue,Decrease,-1.06,Inconclusive,0.547,Lower inventory should cap orders and revenue.
EXP0140,P022,Skincare,Serum,The Derma Co,Amazon to Website Shift,2025-11-26,2025-12-06,"{""sales_channel_mix"": {""Amazon"": {""change_pct"": -10.6, ""new"": 36.71, ""old"": 47.31}, ""Website"": {""change_pct"": 10.6, ""new"": 37.93, ""old"": 27.33}}}",website_sales_pct,Increase,57.45,Win,0.865,Channel share shifted from marketplace to owned website.
EXP0141,P008,Haircare,Shampoo,Mamaearth,Website to Amazon Shift,2025-05-26,2025-06-09,"{""sales_channel_mix"": {""Amazon"": {""change_pct"": 8.93, ""new"": 44.38, ""old"": 35.45}, ""Website"": {""change_pct"": -8.93, ""new"": 12.03, ""old"": 20.96}}}",amazon_sales_pct,Increase,30.9,Win,0.929,Channel share shifted toward Amazon for demand capture.
EXP0142,P086,Haircare,Shampoo,The Derma Co,Amazon to Mobile App Shift,2025-01-29,2025-02-28,"{""sales_channel_mix"": {""Amazon"": {""change_pct"": -13.67, ""new"": 18.11, ""old"": 31.78}, ""MobileApp"": {""change_pct"": 13.67, ""new"": 24.7, ""old"": 11.03}}}",mobile_app_sales_pct,Increase,120.88,Win,0.96,Marketplace users redirected toward app purchase journeys.
EXP0143,P004,Skincare,Serum,The Derma Co,Website to Mobile App Shift,2025-09-17,2025-10-24,"{""sales_channel_mix"": {""MobileApp"": {""change_pct"": 7.02, ""new"": 19.14, ""old"": 12.12}, ""Website"": {""change_pct"": -7.02, ""new"": 25.28, ""old"": 32.3}}}",mobile_app_sales_pct,Increase,56.58,Win,0.91,Owned web traffic nudged toward app conversion.
EXP0144,P057,Makeup,Lipstick,The Derma Co,Channel Mix Optimization,2025-11-18,2025-12-06,"{""sales_channel_mix"": {""Amazon"": {""change_pct"": -5.0, ""new"": 14.81, ""old"": 19.81}, ""MobileApp"": {""change_pct"": 4.0, ""new"": 15.03, ""old"": 11.03}, ""Nykaa"": {""change_pct"": -4.0, ""new"": 28.69, ""old"": 32.69}, ""Website"": {""change_pct"": 5.0, ""new"": 41.47, ""old"": 36.47}}}",current_roas,Increase,5.94,Win,0.731,Mix optimized toward higher-margin owned channels.
EXP0145,P095,Haircare,Shampoo,Mamaearth,Search Increase,2025-07-19,2025-08-24,"{""campaign_mix"": {""Search"": {""change_pct"": 8.08, ""new"": 28.78, ""old"": 20.7}, ""Social"": {""change_pct"": -8.08, ""new"": 38.18, ""old"": 46.26}}}",search_campaign_pct,Increase,42.16,Win,0.931,Search share increased for higher purchase intent.
EXP0146,P086,Haircare,Shampoo,The Derma Co,Social Increase,2025-04-04,2025-04-11,"{""campaign_mix"": {""Search"": {""change_pct"": -8.52, ""new"": 19.04, ""old"": 27.56}, ""Social"": {""change_pct"": 8.52, ""new"": 38.49, ""old"": 29.97}}}",social_campaign_pct,Increase,59.67,Win,0.96,Social share increased for discovery and mid-funnel reach.
EXP0147,P031,Skincare,Serum,Mamaearth,Email Increase,2025-06-27,2025-07-07,"{""campaign_mix"": {""Email"": {""change_pct"": 9.71, ""new"": 23.75, ""old"": 14.04}, ""Social"": {""change_pct"": -9.71, ""new"": 27.95, ""old"": 37.66}}}",retention_rate,Increase,-0.6,Inconclusive,0.594,Email share increased to reactivate known buyers.
EXP0148,P016,Skincare,Serum,Mamaearth,Affiliate Increase,2025-06-29,2025-07-08,"{""campaign_mix"": {""Affiliate"": {""change_pct"": 7.44, ""new"": 12.63, ""old"": 5.19}, ""Search"": {""change_pct"": -7.44, ""new"": 43.4, ""old"": 50.84}}}",affiliate_campaign_pct,Increase,177.41,Win,0.913,Affiliate share increased for deal-led acquisition.
EXP0149,P052,Skincare,Serum,Mamaearth,Campaign Mix Optimization,2025-11-10,2025-11-23,"{""campaign_mix"": {""Affiliate"": {""change_pct"": -1.07, ""new"": 3.0, ""old"": 4.07}, ""Email"": {""change_pct"": 1.07, ""new"": 17.27, ""old"": 16.2}, ""Search"": {""change_pct"": 4.0, ""new"": 47.65, ""old"": 43.65}, ""Social"": {""change_pct"": -4.0, ""new"": 32.08, ""old"": 36.08}}}",current_ctr,Increase,0.27,Inconclusive,0.52,Campaign mix optimized toward intent and lifecycle channels.
EXP0150,P008,Haircare,Shampoo,Mamaearth,Google to Instagram Shift,2025-11-19,2025-12-19,"{""acquisition_mix"": {""Google"": {""change_pct"": -11.27, ""new"": 21.52, ""old"": 32.79}, ""Instagram"": {""change_pct"": 11.27, ""new"": 38.54, ""old"": 27.27}}}",instagram_source_pct,Increase,45.86,Win,0.924,Acquisition shifted from search-led to creator and social discovery.
EXP0151,P099,Makeup,Lipstick,The Derma Co,Instagram to Google Shift,2025-09-11,2025-09-17,"{""acquisition_mix"": {""Google"": {""change_pct"": 9.49, ""new"": 36.81, ""old"": 27.32}, ""Instagram"": {""change_pct"": -9.49, ""new"": 29.86, ""old"": 39.35}}}",google_source_pct,Increase,38.39,Win,0.96,Acquisition shifted toward high-intent Google traffic.
EXP0152,P045,Makeup,Lipstick,Mamaearth,Facebook to Google Shift,2025-08-04,2025-09-17,"{""acquisition_mix"": {""Facebook"": {""change_pct"": -6.15, ""new"": 8.15, ""old"": 14.3}, ""Google"": {""change_pct"": 6.15, ""new"": 25.58, ""old"": 19.43}}}",google_source_pct,Increase,25.88,Win,0.904,Budget moved from Facebook to Google for better intent quality.
EXP0153,P052,Skincare,Serum,Mamaearth,Paid to Organic Shift,2025-07-20,2025-08-07,"{""acquisition_mix"": {""Google"": {""change_pct"": -4.0, ""new"": 40.7, ""old"": 44.7}, ""Instagram"": {""change_pct"": -4.0, ""new"": 24.83, ""old"": 28.83}, ""Organic"": {""change_pct"": 8.0, ""new"": 21.81, ""old"": 13.81}}, ""marketing_spend"": {""change_pct"": -24.89, ""new"": 11274.23, ""old"": 15009.58}}",organic_source_pct,Increase,54.03,Win,0.925,Paid dependency reduced while organic share is lifted.
EXP0154,P068,Haircare,Shampoo,Mamaearth,Acquisition Mix Optimization,2025-03-01,2025-03-23,"{""acquisition_mix"": {""Facebook"": {""change_pct"": -3.0, ""new"": 20.66, ""old"": 23.66}, ""Google"": {""change_pct"": 3.0, ""new"": 38.12, ""old"": 35.12}}}",conversion_rate,Increase,-3.37,Loss,0.671,Acquisition mix optimized toward higher-converting sources.
EXP0155,P085,Skincare,Serum,The Derma Co,Premium Pricing Strategy,2025-11-03,2025-11-24,"{""avg_selling_price"": {""change_pct"": 14.57, ""new"": 1019.66, ""old"": 890.0}, ""discount_pct"": {""change_pct"": -22.74, ""new"": 12.46, ""old"": 16.13}}",profit,Increase,-8.49,Loss,0.642,Premium posture combines higher price with lower promotion depth.
EXP0156,P074,Haircare,Shampoo,Minimalist,Aggressive Growth Strategy,2025-11-14,2025-12-08,"{""discount_pct"": {""change_pct"": 70.31, ""new"": 27.11, ""old"": 15.92}, ""marketing_spend"": {""change_pct"": 69.94, ""new"": 12651.49, ""old"": 7444.47}, ""shipping_fee"": {""change_pct"": -40.82, ""new"": 29.0, ""old"": 49.0}}",orders,Increase,25.46,Win,0.806,"Growth strategy combines paid reach, promotion, and reduced friction."
EXP0157,P002,Haircare,Shampoo,The Derma Co,Profit Optimization Strategy,2025-10-22,2025-11-30,"{""discount_pct"": {""change_pct"": -51.99, ""new"": 6.61, ""old"": 13.77}, ""marketing_spend"": {""change_pct"": -16.13, ""new"": 8800.32, ""old"": 10493.25}, ""sales_channel_mix"": {""Amazon"": {""change_pct"": -4.0, ""new"": 18.03, ""old"": 22.03}, ""MobileApp"": {""change_pct"": 3.0, ""new"": 19.51, ""old"": 16.51}, ""Nykaa"": {""change_pct"": -3.0, ""new"": 18.75, ""old"": 21.75}, ""Website"": {""change_pct"": 4.0, ""new"": 43.71, ""old"": 39.71}}}",profit,Increase,-7.48,Loss,0.67,Profit optimization trims inefficient spend and marketplace dependency.
EXP0158,P065,Haircare,Shampoo,The Derma Co,Conversion Recovery Strategy,2025-05-04,2025-06-06,"{""campaign_mix"": {""Affiliate"": {""change_pct"": -3.0, ""new"": 18.9, ""old"": 21.9}, ""Email"": {""change_pct"": 3.0, ""new"": 12.44, ""old"": 9.44}, ""Search"": {""change_pct"": 3.0, ""new"": 45.04, ""old"": 42.04}, ""Social"": {""change_pct"": -3.0, ""new"": 23.62, ""old"": 26.62}}, ""discount_pct"": {""change_pct"": 45.51, ""new"": 23.18, ""old"": 15.93}, ""shipping_fee"": {""change_pct"": -33.9, ""new"": 39.0, ""old"": 59.0}}",conversion_rate,Increase,20.82,Win,0.727,Conversion recovery lowers checkout friction and raises intent messaging.
EXP0159,P087,Makeup,Lipstick,The Derma Co,Inventory Clearance Strategy,2025-03-24,2025-04-30,"{""avg_selling_price"": {""change_pct"": -3.23, ""new"": 861.28, ""old"": 890.0}, ""discount_pct"": {""change_pct"": 125.4, ""new"": 26.21, ""old"": 11.63}}",orders,Increase,15.5,Win,0.758,Clearance strategy accelerates sell-through using price and discount.
EXP0160,P050,Haircare,Shampoo,Minimalist,D2C Growth Strategy,2025-01-08,2025-01-27,"{""marketing_spend"": {""change_pct"": 32.18, ""new"": 4472.59, ""old"": 3383.67}, ""sales_channel_mix"": {""Amazon"": {""change_pct"": -5.0, ""new"": 23.99, ""old"": 28.99}, ""MobileApp"": {""change_pct"": 5.0, ""new"": 30.23, ""old"": 25.23}, ""Nykaa"": {""change_pct"": -5.0, ""new"": 7.02, ""old"": 12.02}, ""Website"": {""change_pct"": 5.0, ""new"": 38.76, ""old"": 33.76}}}",website_sales_pct,Increase,13.56,Win,0.728,D2C growth moves share toward owned web and app channels.
EXP0161,P090,Makeup,Lipstick,Minimalist,Price Increase,2025-09-17,2025-10-04,"{""avg_selling_price"": {""change_pct"": 8.08, ""new"": 605.26, ""old"": 560.0}}",profit,Increase,2.97,Inconclusive,0.598,Premium price test expects higher unit margin with some demand elasticity.
EXP0162,P045,Makeup,Lipstick,Mamaearth,Price Decrease,2025-04-20,2025-05-12,"{""avg_selling_price"": {""change_pct"": -8.07, ""new"": 524.03, ""old"": 570.0}}",orders,Increase,19.89,Win,0.767,Lower price should improve demand and conversion.
EXP0163,P066,Makeup,Lipstick,Mamaearth,Discount Increase,2025-03-23,2025-04-26,"{""discount_pct"": {""change_pct"": 49.98, ""new"": 37.06, ""old"": 24.71}}",orders,Increase,21.12,Win,0.759,Higher discount should lift orders but may dilute margin.
EXP0164,P058,Skincare,Serum,Mamaearth,Discount Decrease,2025-01-25,2025-02-03,"{""discount_pct"": {""change_pct"": -75.74, ""new"": 2.83, ""old"": 11.67}}",profit,Increase,-43.1,Loss,0.947,Lower discount tests whether stronger margin offsets order loss.
EXP0165,P008,Haircare,Shampoo,Mamaearth,Shipping Fee Increase,2025-08-13,2025-09-04,"{""shipping_fee"": {""change_pct"": 67.8, ""new"": 99.0, ""old"": 59.0}}",conversion_rate,Decrease,-4.96,Win,0.621,Higher shipping fee should create checkout friction.
EXP0166,P031,Skincare,Serum,Mamaearth,Shipping Fee Decrease,2025-07-20,2025-08-03,"{""shipping_fee"": {""change_pct"": -33.9, ""new"": 39.0, ""old"": 59.0}}",conversion_rate,Increase,1.79,Inconclusive,0.603,Reduced shipping fee should reduce checkout friction.
EXP0167,P027,Makeup,Lipstick,Mamaearth,Free Shipping,2025-11-16,2025-12-04,"{""shipping_fee"": {""change_pct"": -100.0, ""new"": 0.0, ""old"": 69.0}}",conversion_rate,Increase,16.36,Win,0.782,Free shipping test should increase conversion and order volume.
EXP0168,P002,Haircare,Shampoo,The Derma Co,Marketing Spend Increase,2025-04-30,2025-05-21,"{""marketing_spend"": {""change_pct"": 38.81, ""new"": 8880.57, ""old"": 6397.67}}",traffic,Increase,13.4,Win,0.685,Higher spend should increase traffic through paid reach and lagged adstock.
EXP0169,P074,Haircare,Shampoo,Minimalist,Marketing Spend Decrease,2025-08-24,2025-09-17,"{""marketing_spend"": {""change_pct"": -24.26, ""new"": 6770.4, ""old"": 8939.56}}",current_roas,Increase,13.45,Win,0.718,Spend reduction tests whether inefficient paid traffic can be trimmed.
EXP0170,P047,Haircare,Shampoo,The Derma Co,Inventory Increase,2025-02-09,2025-03-24,"{""inventory_available"": {""change_pct"": 53.9, ""new"": 2627.02, ""old"": 1707.0}}",orders,Increase,10.75,Win,0.698,Higher stock availability should reduce sales capacity constraints.
EXP0171,P075,Makeup,Lipstick,The Derma Co,Inventory Reduction,2025-02-26,2025-03-26,"{""inventory_available"": {""change_pct"": -44.51, ""new"": 720.87, ""old"": 1299.0}}",revenue,Decrease,-20.18,Win,0.788,Lower inventory should cap orders and revenue.
EXP0172,P019,Skincare,Serum,Mamaearth,Amazon to Website Shift,2025-10-31,2025-12-12,"{""sales_channel_mix"": {""Amazon"": {""change_pct"": -10.8, ""new"": 22.29, ""old"": 33.09}, ""Website"": {""change_pct"": 10.8, ""new"": 24.05, ""old"": 13.25}}}",website_sales_pct,Increase,64.97,Win,0.956,Channel share shifted from marketplace to owned website.
EXP0173,P068,Haircare,Shampoo,Mamaearth,Website to Amazon Shift,2025-11-19,2025-12-09,"{""sales_channel_mix"": {""Amazon"": {""change_pct"": 13.96, ""new"": 48.32, ""old"": 34.36}, ""Website"": {""change_pct"": -13.96, ""new"": 18.75, ""old"": 32.71}}}",amazon_sales_pct,Increase,38.31,Win,0.9,Channel share shifted toward Amazon for demand capture.
EXP0174,P062,Haircare,Shampoo,Minimalist,Amazon to Mobile App Shift,2025-04-13,2025-04-23,"{""sales_channel_mix"": {""Amazon"": {""change_pct"": -7.96, ""new"": 23.97, ""old"": 31.93}, ""MobileApp"": {""change_pct"": 7.96, ""new"": 17.57, ""old"": 9.61}}}",mobile_app_sales_pct,Increase,93.75,Win,0.844,Marketplace users redirected toward app purchase journeys.
EXP0175,P044,Haircare,Shampoo,The Derma Co,Website to Mobile App Shift,2025-10-30,2025-11-24,"{""sales_channel_mix"": {""MobileApp"": {""change_pct"": 8.65, ""new"": 25.87, ""old"": 17.22}, ""Website"": {""change_pct"": -8.65, ""new"": 23.51, ""old"": 32.16}}}",mobile_app_sales_pct,Increase,41.79,Win,0.96,Owned web traffic nudged toward app conversion.
EXP0176,P016,Skincare,Serum,Mamaearth,Channel Mix Optimization,2025-10-13,2025-11-21,"{""sales_channel_mix"": {""Amazon"": {""change_pct"": -5.0, ""new"": 39.73, ""old"": 44.73}, ""MobileApp"": {""change_pct"": 4.0, ""new"": 17.48, ""old"": 13.48}, ""Nykaa"": {""change_pct"": -4.0, ""new"": 5.93, ""old"": 9.93}, ""Website"": {""change_pct"": 5.0, ""new"": 36.86, ""old"": 31.86}}}",current_roas,Increase,11.86,Win,0.659,Mix optimized toward higher-margin owned channels.
EXP0177,P021,Makeup,Lipstick,Minimalist,Search Increase,2025-11-25,2025-12-14,"{""campaign_mix"": {""Search"": {""change_pct"": 10.18, ""new"": 40.91, ""old"": 30.73}, ""Social"": {""change_pct"": -10.18, ""new"": 24.07, ""old"": 34.25}}}",search_campaign_pct,Increase,44.55,Win,0.886,Search share increased for higher purchase intent.
EXP0178,P023,Haircare,Shampoo,The Derma Co,Social Increase,2025-01-24,2025-03-07,"{""campaign_mix"": {""Search"": {""change_pct"": -10.56, ""new"": 28.03, ""old"": 38.59}, ""Social"": {""change_pct"": 10.56, ""new"": 39.06, ""old"": 28.5}}}",social_campaign_pct,Increase,36.19,Win,0.914,Social share increased for discovery and mid-funnel reach.
EXP0179,P087,Makeup,Lipstick,The Derma Co,Email Increase,2025-01-16,2025-02-14,"{""campaign_mix"": {""Email"": {""change_pct"": 9.23, ""new"": 19.56, ""old"": 10.33}, ""Social"": {""change_pct"": -9.23, ""new"": 50.88, ""old"": 60.11}}}",retention_rate,Increase,2.97,Win,0.653,Email share increased to reactivate known buyers.
EXP0180,P061,Skincare,Serum,Minimalist,Affiliate Increase,2025-01-15,2025-02-17,"{""campaign_mix"": {""Affiliate"": {""change_pct"": 6.32, ""new"": 12.83, ""old"": 6.51}, ""Search"": {""change_pct"": -6.32, ""new"": 31.85, ""old"": 38.17}}}",affiliate_campaign_pct,Increase,91.19,Win,0.955,Affiliate share increased for deal-led acquisition.
EXP0181,P009,Makeup,Lipstick,Mamaearth,Campaign Mix Optimization,2025-07-27,2025-08-26,"{""campaign_mix"": {""Affiliate"": {""change_pct"": -3.0, ""new"": 26.86, ""old"": 29.86}, ""Email"": {""change_pct"": 3.0, ""new"": 12.37, ""old"": 9.37}, ""Search"": {""change_pct"": 4.0, ""new"": 26.83, ""old"": 22.83}, ""Social"": {""change_pct"": -4.0, ""new"": 33.94, ""old"": 37.94}}}",current_ctr,Increase,2.62,Inconclusive,0.605,Campaign mix optimized toward intent and lifecycle channels.
EXP0182,P009,Makeup,Lipstick,Mamaearth,Google to Instagram Shift,2025-01-13,2025-02-10,"{""acquisition_mix"": {""Google"": {""change_pct"": -10.68, ""new"": 22.9, ""old"": 33.58}, ""Instagram"": {""change_pct"": 10.68, ""new"": 42.8, ""old"": 32.12}}}",instagram_source_pct,Increase,32.28,Win,0.85,Acquisition shifted from search-led to creator and social discovery.
EXP0183,P062,Haircare,Shampoo,Minimalist,Instagram to Google Shift,2025-07-04,2025-07-16,"{""acquisition_mix"": {""Google"": {""change_pct"": 9.78, ""new"": 53.26, ""old"": 43.48}, ""Instagram"": {""change_pct"": -9.78, ""new"": 12.5, ""old"": 22.28}}}",google_source_pct,Increase,24.26,Win,0.799,Acquisition shifted toward high-intent Google traffic.
EXP0184,P096,Makeup,Lipstick,Minimalist,Facebook to Google Shift,2025-01-11,2025-01-28,"{""acquisition_mix"": {""Facebook"": {""change_pct"": -7.69, ""new"": 4.38, ""old"": 12.07}, ""Google"": {""change_pct"": 7.69, ""new"": 30.43, ""old"": 22.74}}}",google_source_pct,Increase,-0.05,Inconclusive,0.59,Budget moved from Facebook to Google for better intent quality.
EXP0185,P042,Makeup,Lipstick,Mamaearth,Paid to Organic Shift,2025-08-25,2025-09-26,"{""acquisition_mix"": {""Google"": {""change_pct"": -4.0, ""new"": 19.24, ""old"": 23.24}, ""Instagram"": {""change_pct"": -4.0, ""new"": 27.08, ""old"": 31.08}, ""Organic"": {""change_pct"": 8.0, ""new"": 23.15, ""old"": 15.15}}, ""marketing_spend"": {""change_pct"": -20.82, ""new"": 4959.7, ""old"": 6263.48}}",organic_source_pct,Increase,54.39,Win,0.811,Paid dependency reduced while organic share is lifted.
EXP0186,P089,Haircare,Shampoo,Minimalist,Acquisition Mix Optimization,2025-02-19,2025-03-24,"{""acquisition_mix"": {""Facebook"": {""change_pct"": -3.0, ""new"": 9.02, ""old"": 12.02}, ""Google"": {""change_pct"": 3.0, ""new"": 37.16, ""old"": 34.16}, ""Organic"": {""change_pct"": 2.0, ""new"": 13.08, ""old"": 11.08}, ""Referral"": {""change_pct"": -2.0, ""new"": 4.64, ""old"": 6.64}}}",conversion_rate,Increase,6.23,Inconclusive,0.576,Acquisition mix optimized toward higher-converting sources.
EXP0187,P058,Skincare,Serum,Mamaearth,Premium Pricing Strategy,2025-05-30,2025-06-27,"{""avg_selling_price"": {""change_pct"": 8.04, ""new"": 799.5, ""old"": 740.0}, ""discount_pct"": {""change_pct"": -32.24, ""new"": 10.92, ""old"": 16.11}}",profit,Increase,-1.0,Inconclusive,0.587,Premium posture combines higher price with lower promotion depth.
EXP0188,P007,Skincare,Serum,Minimalist,Aggressive Growth Strategy,2025-09-22,2025-10-24,"{""discount_pct"": {""change_pct"": 45.38, ""new"": 20.82, ""old"": 14.32}, ""marketing_spend"": {""change_pct"": 67.13, ""new"": 14682.62, ""old"": 8784.95}, ""shipping_fee"": {""change_pct"": -43.48, ""new"": 39.0, ""old"": 69.0}}",orders,Increase,118.91,Win,0.892,"Growth strategy combines paid reach, promotion, and reduced friction."
EXP0189,P061,Skincare,Serum,Minimalist,Profit Optimization Strategy,2025-03-18,2025-04-24,"{""discount_pct"": {""change_pct"": -43.28, ""new"": 5.71, ""old"": 10.07}, ""marketing_spend"": {""change_pct"": -19.71, ""new"": 4259.78, ""old"": 5305.75}, ""sales_channel_mix"": {""Amazon"": {""change_pct"": -4.0, ""new"": 43.89, ""old"": 47.89}, ""MobileApp"": {""change_pct"": 3.0, ""new"": 6.7, ""old"": 3.7}, ""Nykaa"": {""change_pct"": -3.0, ""new"": 12.23, ""old"": 15.23}, ""Website"": {""change_pct"": 4.0, ""new"": 37.18, ""old"": 33.18}}}",profit,Increase,2.62,Win,0.649,Profit optimization trims inefficient spend and marketplace dependency.
EXP0190,P061,Skincare,Serum,Minimalist,Conversion Recovery Strategy,2025-11-22,2025-12-22,"{""campaign_mix"": {""Affiliate"": {""change_pct"": -2.66, ""new"": 3.0, ""old"": 5.66}, ""Email"": {""change_pct"": 2.66, ""new"": 30.7, ""old"": 28.04}, ""Search"": {""change_pct"": 3.0, ""new"": 40.31, ""old"": 37.31}, ""Social"": {""change_pct"": -3.0, ""new"": 25.99, ""old"": 28.99}}, ""discount_pct"": {""change_pct"": 47.71, ""new"": 14.59, ""old"": 9.88}, ""shipping_fee"": {""change_pct"": -43.48, ""new"": 39.0, ""old"": 69.0}}",conversion_rate,Increase,3.93,Win,0.638,Conversion recovery lowers checkout friction and raises intent messaging.
EXP0191,P029,Haircare,Shampoo,Minimalist,Inventory Clearance Strategy,2025-10-06,2025-10-21,"{""avg_selling_price"": {""change_pct"": -8.08, ""new"": 615.85, ""old"": 670.0}, ""discount_pct"": {""change_pct"": 92.14, ""new"": 27.03, ""old"": 14.07}}",orders,Increase,73.7,Win,0.936,Clearance strategy accelerates sell-through using price and discount.
EXP0192,P041,Haircare,Shampoo,Minimalist,D2C Growth Strategy,2025-05-25,2025-06-14,"{""marketing_spend"": {""change_pct"": 18.63, ""new"": 9691.8, ""old"": 8169.84}, ""sales_channel_mix"": {""Amazon"": {""change_pct"": -5.0, ""new"": 36.08, ""old"": 41.08}, ""MobileApp"": {""change_pct"": 5.0, ""new"": 14.27, ""old"": 9.27}, ""Nykaa"": {""change_pct"": -5.0, ""new"": 4.54, ""old"": 9.54}, ""Website"": {""change_pct"": 5.0, ""new"": 45.11, ""old"": 40.11}}}",website_sales_pct,Increase,6.6,Win,0.684,D2C growth moves share toward owned web and app channels.
EXP0193,P042,Makeup,Lipstick,Mamaearth,Price Increase,2025-04-30,2025-05-13,"{""avg_selling_price"": {""change_pct"": 11.97, ""new"": 414.27, ""old"": 370.0}}",profit,Increase,-4.96,Inconclusive,0.59,Premium price test expects higher unit margin with some demand elasticity.
EXP0194,P036,Makeup,Lipstick,The Derma Co,Price Decrease,2025-07-06,2025-08-02,"{""avg_selling_price"": {""change_pct"": -7.1, ""new"": 678.19, ""old"": 730.0}}",orders,Increase,7.87,Inconclusive,0.6,Lower price should improve demand and conversion.
EXP0195,P068,Haircare,Shampoo,Mamaearth,Discount Increase,2025-06-25,2025-07-02,"{""discount_pct"": {""change_pct"": 49.94, ""new"": 27.99, ""old"": 18.67}}",orders,Increase,57.98,Win,0.883,Higher discount should lift orders but may dilute margin.
EXP0196,P055,Skincare,Serum,Mamaearth,Discount Decrease,2025-05-09,2025-05-15,"{""discount_pct"": {""change_pct"": -27.88, ""new"": 14.66, ""old"": 20.33}}",profit,Increase,57.67,Win,0.827,Lower discount tests whether stronger margin offsets order loss.
EXP0197,P027,Makeup,Lipstick,Mamaearth,Shipping Fee Increase,2025-04-28,2025-05-20,"{""shipping_fee"": {""change_pct"": 28.99, ""new"": 89.0, ""old"": 69.0}}",conversion_rate,Decrease,-5.35,Win,0.695,Higher shipping fee should create checkout friction.
EXP0198,P004,Skincare,Serum,The Derma Co,Shipping Fee Decrease,2025-06-21,2025-06-29,"{""shipping_fee"": {""change_pct"": -61.22, ""new"": 19.0, ""old"": 49.0}}",conversion_rate,Increase,3.21,Win,0.652,Reduced shipping fee should reduce checkout friction.
EXP0199,P089,Haircare,Shampoo,Minimalist,Free Shipping,2025-01-19,2025-01-26,"{""shipping_fee"": {""change_pct"": -100.0, ""new"": 0.0, ""old"": 69.0}}",conversion_rate,Increase,17.73,Win,0.706,Free shipping test should increase conversion and order volume.
EXP0200,P010,Skincare,Serum,Mamaearth,Marketing Spend Increase,2025-07-27,2025-08-23,"{""marketing_spend"": {""change_pct"": 35.92, ""new"": 13378.04, ""old"": 9842.24}}",traffic,Increase,41.22,Win,0.96,Higher spend should increase traffic through paid reach and lagged adstock.
EXP0201,P019,Skincare,Serum,Mamaearth,Marketing Spend Decrease,2025-09-21,2025-10-16,"{""marketing_spend"": {""change_pct"": -33.64, ""new"": 4876.88, ""old"": 7349.09}}",current_roas,Increase,24.4,Win,0.855,Spend reduction tests whether inefficient paid traffic can be trimmed.
EXP0202,P033,Makeup,Lipstick,Mamaearth,Inventory Increase,2025-08-19,2025-09-30,"{""inventory_available"": {""change_pct"": 72.69, ""new"": 2699.12, ""old"": 1563.0}}",orders,Increase,-14.44,Loss,0.653,Higher stock availability should reduce sales capacity constraints.
EXP0203,P038,Haircare,Shampoo,Minimalist,Inventory Reduction,2025-07-17,2025-08-29,"{""inventory_available"": {""change_pct"": -61.99, ""new"": 343.63, ""old"": 904.0}}",revenue,Decrease,4.35,Loss,0.669,Lower inventory should cap orders and revenue.
EXP0204,P064,Skincare,Serum,Mamaearth,Amazon to Website Shift,2025-01-20,2025-02-11,"{""sales_channel_mix"": {""Amazon"": {""change_pct"": -10.7, ""new"": 45.25, ""old"": 55.95}, ""Website"": {""change_pct"": 10.7, ""new"": 26.61, ""old"": 15.91}}}",website_sales_pct,Increase,84.08,Win,0.882,Channel share shifted from marketplace to owned website.
EXP0205,P001,Skincare,Serum,Mamaearth,Website to Amazon Shift,2025-04-23,2025-06-03,"{""sales_channel_mix"": {""Amazon"": {""change_pct"": 15.34, ""new"": 53.14, ""old"": 37.8}, ""Website"": {""change_pct"": -15.34, ""new"": 22.02, ""old"": 37.36}}}",amazon_sales_pct,Increase,37.06,Win,0.836,Channel share shifted toward Amazon for demand capture.
EXP0206,P063,Makeup,Lipstick,Mamaearth,Amazon to Mobile App Shift,2025-05-30,2025-07-06,"{""sales_channel_mix"": {""Amazon"": {""change_pct"": -10.99, ""new"": 24.42, ""old"": 35.41}, ""MobileApp"": {""change_pct"": 10.99, ""new"": 29.67, ""old"": 18.68}}}",mobile_app_sales_pct,Increase,40.94,Win,0.922,Marketplace users redirected toward app purchase journeys.
EXP0207,P035,Haircare,Shampoo,Minimalist,Website to Mobile App Shift,2025-06-03,2025-06-23,"{""sales_channel_mix"": {""MobileApp"": {""change_pct"": 12.69, ""new"": 18.86, ""old"": 6.17}, ""Website"": {""change_pct"": -12.69, ""new"": 16.81, ""old"": 29.5}}}",mobile_app_sales_pct,Increase,199.21,Win,0.923,Owned web traffic nudged toward app conversion.
EXP0208,P097,Skincare,Serum,Mamaearth,Channel Mix Optimization,2025-07-20,2025-08-20,"{""sales_channel_mix"": {""Amazon"": {""change_pct"": -5.0, ""new"": 34.43, ""old"": 39.43}, ""MobileApp"": {""change_pct"": 4.0, ""new"": 16.72, ""old"": 12.72}, ""Nykaa"": {""change_pct"": -4.0, ""new"": 18.55, ""old"": 22.55}, ""Website"": {""change_pct"": 5.0, ""new"": 30.3, ""old"": 25.3}}}",current_roas,Increase,1.02,Inconclusive,0.577,Mix optimized toward higher-margin owned channels.
EXP0209,P028,Skincare,Serum,Mamaearth,Search Increase,2025-05-24,2025-06-17,"{""campaign_mix"": {""Search"": {""change_pct"": 7.94, ""new"": 58.93, ""old"": 50.99}, ""Social"": {""change_pct"": -7.94, ""new"": 20.54, ""old"": 28.48}}}",search_campaign_pct,Increase,14.75,Win,0.774,Search share increased for higher purchase intent.
EXP0210,P021,Makeup,Lipstick,Minimalist,Social Increase,2025-01-24,2025-03-09,"{""campaign_mix"": {""Search"": {""change_pct"": -12.86, ""new"": 16.81, ""old"": 29.67}, ""Social"": {""change_pct"": 12.86, ""new"": 48.42, ""old"": 35.56}}}",social_campaign_pct,Increase,33.12,Win,0.901,Social share increased for discovery and mid-funnel reach.
EXP0211,P069,Makeup,Lipstick,Minimalist,Email Increase,2025-07-16,2025-08-22,"{""campaign_mix"": {""Email"": {""change_pct"": 5.03, ""new"": 16.85, ""old"": 11.82}, ""Social"": {""change_pct"": -5.03, ""new"": 43.09, ""old"": 48.12}}}",retention_rate,Increase,-2.57,Loss,0.673,Email share increased to reactivate known buyers.
EXP0212,P068,Haircare,Shampoo,Mamaearth,Affiliate Increase,2025-08-06,2025-09-09,"{""campaign_mix"": {""Affiliate"": {""change_pct"": 8.72, ""new"": 17.88, ""old"": 9.16}, ""Search"": {""change_pct"": -8.72, ""new"": 18.68, ""old"": 27.4}}}",affiliate_campaign_pct,Increase,90.26,Win,0.93,Affiliate share increased for deal-led acquisition.
EXP0213,P082,Skincare,Serum,Mamaearth,Campaign Mix Optimization,2025-03-05,2025-03-21,"{""campaign_mix"": {""Affiliate"": {""change_pct"": -3.0, ""new"": 11.15, ""old"": 14.15}, ""Email"": {""change_pct"": 3.0, ""new"": 8.2, ""old"": 5.2}, ""Search"": {""change_pct"": 4.0, ""new"": 51.12, ""old"": 47.12}, ""Social"": {""change_pct"": -4.0, ""new"": 29.53, ""old"": 33.53}}}",current_ctr,Increase,2.38,Win,0.69,Campaign mix optimized toward intent and lifecycle channels.
EXP0214,P024,Makeup,Lipstick,The Derma Co,Google to Instagram Shift,2025-05-01,2025-06-05,"{""acquisition_mix"": {""Google"": {""change_pct"": -9.67, ""new"": 17.79, ""old"": 27.46}, ""Instagram"": {""change_pct"": 9.67, ""new"": 35.69, ""old"": 26.02}}}",instagram_source_pct,Increase,39.98,Win,0.958,Acquisition shifted from search-led to creator and social discovery.
EXP0215,P064,Skincare,Serum,Mamaearth,Instagram to Google Shift,2025-07-08,2025-08-05,"{""acquisition_mix"": {""Google"": {""change_pct"": 11.55, ""new"": 40.01, ""old"": 28.46}, ""Instagram"": {""change_pct"": -11.55, ""new"": 17.87, ""old"": 29.42}}}",google_source_pct,Increase,36.74,Win,0.896,Acquisition shifted toward high-intent Google traffic.
EXP0216,P044,Haircare,Shampoo,The Derma Co,Facebook to Google Shift,2025-08-26,2025-10-06,"{""acquisition_mix"": {""Facebook"": {""change_pct"": -2.15, ""new"": 3.0, ""old"": 5.15}, ""Google"": {""change_pct"": 2.15, ""new"": 41.63, ""old"": 39.48}}}",google_source_pct,Increase,4.93,Win,0.659,Budget moved from Facebook to Google for better intent quality.
EXP0217,P005,Haircare,Shampoo,Mamaearth,Paid to Organic Shift,2025-01-26,2025-03-06,"{""acquisition_mix"": {""Google"": {""change_pct"": -4.0, ""new"": 31.81, ""old"": 35.81}, ""Instagram"": {""change_pct"": -4.0, ""new"": 9.69, ""old"": 13.69}, ""Organic"": {""change_pct"": 8.0, ""new"": 23.37, ""old"": 15.37}}, ""marketing_spend"": {""change_pct"": -26.2, ""new"": 8661.8, ""old"": 11736.71}}",organic_source_pct,Increase,51.61,Win,0.924,Paid dependency reduced while organic share is lifted.
EXP0218,P059,Haircare,Shampoo,Mamaearth,Acquisition Mix Optimization,2025-07-15,2025-08-12,"{""acquisition_mix"": {""Facebook"": {""change_pct"": -3.0, ""new"": 12.24, ""old"": 15.24}, ""Google"": {""change_pct"": 3.0, ""new"": 36.52, ""old"": 33.52}, ""Organic"": {""change_pct"": 2.0, ""new"": 19.16, ""old"": 17.16}, ""Referral"": {""change_pct"": -2.0, ""new"": 5.23, ""old"": 7.23}}}",conversion_rate,Increase,1.18,Loss,0.644,Acquisition mix optimized toward higher-converting sources.
EXP0219,P008,Haircare,Shampoo,Mamaearth,Premium Pricing Strategy,2025-10-14,2025-10-23,"{""avg_selling_price"": {""change_pct"": 9.57, ""new"": 471.14, ""old"": 430.0}, ""discount_pct"": {""change_pct"": -20.25, ""new"": 18.57, ""old"": 23.28}}",profit,Increase,-15.76,Loss,0.743,Premium posture combines higher price with lower promotion depth.
EXP0220,P092,Haircare,Shampoo,Minimalist,Aggressive Growth Strategy,2025-10-02,2025-10-24,"{""discount_pct"": {""change_pct"": 55.0, ""new"": 20.03, ""old"": 12.92}, ""marketing_spend"": {""change_pct"": 57.18, ""new"": 9865.82, ""old"": 6276.79}, ""shipping_fee"": {""change_pct"": -57.97, ""new"": 29.0, ""old"": 69.0}}",orders,Increase,68.21,Win,0.866,"Growth strategy combines paid reach, promotion, and reduced friction."
EXP0221,P044,Haircare,Shampoo,The Derma Co,Profit Optimization Strategy,2025-02-27,2025-03-05,"{""discount_pct"": {""change_pct"": -34.53, ""new"": 9.17, ""old"": 14.01}, ""marketing_spend"": {""change_pct"": -12.1, ""new"": 5373.98, ""old"": 6113.9}, ""sales_channel_mix"": {""Amazon"": {""change_pct"": -4.0, ""new"": 33.04, ""old"": 37.04}, ""MobileApp"": {""change_pct"": 3.0, ""new"": 19.05, ""old"": 16.05}, ""Nykaa"": {""change_pct"": -3.0, ""new"": 11.84, ""old"": 14.84}, ""Website"": {""change_pct"": 4.0, ""new"": 36.07, ""old"": 32.07}}}",profit,Increase,49.74,Win,0.96,Profit optimization trims inefficient spend and marketplace dependency.
EXP0222,P087,Makeup,Lipstick,The Derma Co,Conversion Recovery Strategy,2025-10-10,2025-10-17,"{""campaign_mix"": {""Affiliate"": {""change_pct"": -3.0, ""new"": 3.03, ""old"": 6.03}, ""Email"": {""change_pct"": 3.0, ""new"": 15.75, ""old"": 12.75}, ""Search"": {""change_pct"": 3.0, ""new"": 25.57, ""old"": 22.57}, ""Social"": {""change_pct"": -3.0, ""new"": 55.65, ""old"": 58.65}}, ""discount_pct"": {""change_pct"": 19.28, ""new"": 22.23, ""old"": 18.64}, ""shipping_fee"": {""change_pct"": -40.82, ""new"": 29.0, ""old"": 49.0}}",conversion_rate,Increase,16.72,Win,0.764,Conversion recovery lowers checkout friction and raises intent messaging.
EXP0223,P094,Skincare,Serum,Minimalist,Inventory Clearance Strategy,2025-05-26,2025-06-30,"{""avg_selling_price"": {""change_pct"": -7.13, ""new"": 557.2, ""old"": 600.0}, ""discount_pct"": {""change_pct"": 162.78, ""new"": 22.89, ""old"": 8.71}}",orders,Increase,15.0,Win,0.756,Clearance strategy accelerates sell-through using price and discount.
EXP0224,P073,Skincare,Serum,Minimalist,D2C Growth Strategy,2025-02-11,2025-03-09,"{""marketing_spend"": {""change_pct"": 13.91, ""new"": 6857.54, ""old"": 6020.28}, ""sales_channel_mix"": {""Amazon"": {""change_pct"": -5.0, ""new"": 29.68, ""old"": 34.68}, ""MobileApp"": {""change_pct"": 5.0, ""new"": 14.65, ""old"": 9.65}, ""Nykaa"": {""change_pct"": -5.0, ""new"": 17.62, ""old"": 22.62}, ""Website"": {""change_pct"": 5.0, ""new"": 38.05, ""old"": 33.05}}}",website_sales_pct,Increase,14.54,Win,0.709,D2C growth moves share toward owned web and app channels.
EXP0225,P017,Haircare,Shampoo,The Derma Co,Price Increase,2025-01-05,2025-01-18,"{""avg_selling_price"": {""change_pct"": 12.04, ""new"": 492.96, ""old"": 440.0}}",profit,Increase,48.35,Win,0.96,Premium price test expects higher unit margin with some demand elasticity.
EXP0226,P099,Makeup,Lipstick,The Derma Co,Price Decrease,2025-03-16,2025-04-22,"{""avg_selling_price"": {""change_pct"": -7.07, ""new"": 678.38, ""old"": 730.0}}",orders,Increase,7.63,Win,0.666,Lower price should improve demand and conversion.
EXP0227,P092,Haircare,Shampoo,Minimalist,Discount Increase,2025-12-06,2025-12-27,"{""discount_pct"": {""change_pct"": 66.03, ""new"": 19.82, ""old"": 11.94}}",orders,Increase,-0.12,Loss,0.621,Higher discount should lift orders but may dilute margin.
EXP0228,P036,Makeup,Lipstick,The Derma Co,Discount Decrease,2025-08-22,2025-09-09,"{""discount_pct"": {""change_pct"": -21.87, ""new"": 14.73, ""old"": 18.85}}",profit,Increase,1.72,Win,0.64,Lower discount tests whether stronger margin offsets order loss.
EXP0229,P054,Makeup,Lipstick,Minimalist,Shipping Fee Increase,2025-04-14,2025-05-17,"{""shipping_fee"": {""change_pct"": 50.85, ""new"": 89.0, ""old"": 59.0}}",conversion_rate,Decrease,0.87,Inconclusive,0.575,Higher shipping fee should create checkout friction.
EXP0230,P088,Skincare,Serum,Minimalist,Shipping Fee Decrease,2025-12-04,2025-12-23,"{""shipping_fee"": {""change_pct"": -61.22, ""new"": 19.0, ""old"": 49.0}}",conversion_rate,Increase,-8.0,Loss,0.68,Reduced shipping fee should reduce checkout friction.
EXP0231,P079,Skincare,Serum,Minimalist,Free Shipping,2025-02-18,2025-03-17,"{""shipping_fee"": {""change_pct"": -100.0, ""new"": 0.0, ""old"": 39.0}}",conversion_rate,Increase,4.4,Inconclusive,0.608,Free shipping test should increase conversion and order volume.
EXP0232,P084,Makeup,Lipstick,Minimalist,Marketing Spend Increase,2025-03-10,2025-04-17,"{""marketing_spend"": {""change_pct"": 48.55, ""new"": 7704.96, ""old"": 5186.63}}",traffic,Increase,41.03,Win,0.854,Higher spend should increase traffic through paid reach and lagged adstock.
EXP0233,P012,Makeup,Lipstick,The Derma Co,Marketing Spend Decrease,2025-01-18,2025-02-25,"{""marketing_spend"": {""change_pct"": -31.1, ""new"": 4279.31, ""old"": 6210.5}}",current_roas,Increase,19.82,Win,0.799,Spend reduction tests whether inefficient paid traffic can be trimmed.
EXP0234,P062,Haircare,Shampoo,Minimalist,Inventory Increase,2025-05-24,2025-06-23,"{""inventory_available"": {""change_pct"": 72.63, ""new"": 1821.2, ""old"": 1055.0}}",orders,Increase,8.81,Win,0.661,Higher stock availability should reduce sales capacity constraints.
EXP0235,P053,Haircare,Shampoo,Mamaearth,Inventory Reduction,2025-10-17,2025-11-26,"{""inventory_available"": {""change_pct"": -37.75, ""new"": 700.99, ""old"": 1126.0}}",revenue,Decrease,-4.29,Win,0.665,Lower inventory should cap orders and revenue.
EXP0236,P030,Makeup,Lipstick,Mamaearth,Amazon to Website Shift,2025-03-24,2025-04-14,"{""sales_channel_mix"": {""Amazon"": {""change_pct"": -12.2, ""new"": 39.02, ""old"": 51.22}, ""Website"": {""change_pct"": 12.2, ""new"": 26.58, ""old"": 14.38}}}",website_sales_pct,Increase,70.01,Win,0.901,Channel share shifted from marketplace to owned website.
EXP0237,P100,Skincare,Serum,The Derma Co,Website to Amazon Shift,2025-08-25,2025-09-09,"{""sales_channel_mix"": {""Amazon"": {""change_pct"": 13.93, ""new"": 33.36, ""old"": 19.43}, ""Website"": {""change_pct"": -13.93, ""new"": 30.28, ""old"": 44.21}}}",amazon_sales_pct,Increase,67.08,Win,0.928,Channel share shifted toward Amazon for demand capture.
EXP0238,P041,Haircare,Shampoo,Minimalist,Amazon to Mobile App Shift,2025-04-12,2025-04-30,"{""sales_channel_mix"": {""Amazon"": {""change_pct"": -10.97, ""new"": 29.15, ""old"": 40.12}, ""MobileApp"": {""change_pct"": 10.97, ""new"": 19.88, ""old"": 8.91}}}",mobile_app_sales_pct,Increase,118.74,Win,0.858,Marketplace users redirected toward app purchase journeys.
EXP0239,P086,Haircare,Shampoo,The Derma Co,Website to Mobile App Shift,2025-03-06,2025-03-14,"{""sales_channel_mix"": {""MobileApp"": {""change_pct"": 9.31, ""new"": 20.22, ""old"": 10.91}, ""Website"": {""change_pct"": -9.31, ""new"": 21.1, ""old"": 30.41}}}",mobile_app_sales_pct,Increase,-5.94,Inconclusive,0.55,Owned web traffic nudged toward app conversion.
EXP0240,P011,Haircare,Shampoo,Mamaearth,Channel Mix Optimization,2025-01-08,2025-01-28,"{""sales_channel_mix"": {""Amazon"": {""change_pct"": -5.0, ""new"": 49.37, ""old"": 54.37}, ""MobileApp"": {""change_pct"": 4.0, ""new"": 16.77, ""old"": 12.77}, ""Nykaa"": {""change_pct"": -4.0, ""new"": 11.55, ""old"": 15.55}, ""Website"": {""change_pct"": 5.0, ""new"": 22.31, ""old"": 17.31}}}",current_roas,Increase,8.16,Win,0.67,Mix optimized toward higher-margin owned channels.
EXP0241,P086,Haircare,Shampoo,The Derma Co,Search Increase,2025-07-30,2025-09-08,"{""campaign_mix"": {""Search"": {""change_pct"": 8.57, ""new"": 34.66, ""old"": 26.09}, ""Social"": {""change_pct"": -8.57, ""new"": 23.2, ""old"": 31.77}}}",search_campaign_pct,Increase,24.12,Win,0.808,Search share increased for higher purchase intent.
EXP0242,P010,Skincare,Serum,Mamaearth,Social Increase,2025-05-29,2025-06-13,"{""campaign_mix"": {""Search"": {""change_pct"": -9.25, ""new"": 43.09, ""old"": 52.34}, ""Social"": {""change_pct"": 9.25, ""new"": 25.71, ""old"": 16.46}}}",social_campaign_pct,Increase,3.63,Inconclusive,0.614,Social share increased for discovery and mid-funnel reach.
EXP0243,P088,Skincare,Serum,Minimalist,Email Increase,2025-02-08,2025-02-19,"{""campaign_mix"": {""Email"": {""change_pct"": 8.46, ""new"": 30.64, ""old"": 22.18}, ""Social"": {""change_pct"": -8.46, ""new"": 30.41, ""old"": 38.87}}}",retention_rate,Increase,-1.32,Inconclusive,0.577,Email share increased to reactivate known buyers.
EXP0244,P095,Haircare,Shampoo,Mamaearth,Affiliate Increase,2025-08-30,2025-09-26,"{""campaign_mix"": {""Affiliate"": {""change_pct"": 6.56, ""new"": 16.38, ""old"": 9.82}, ""Search"": {""change_pct"": -6.56, ""new"": 11.92, ""old"": 18.48}}}",affiliate_campaign_pct,Increase,76.68,Win,0.951,Affiliate share increased for deal-led acquisition.
EXP0245,P056,Haircare,Shampoo,The Derma Co,Campaign Mix Optimization,2025-11-13,2025-12-15,"{""campaign_mix"": {""Affiliate"": {""change_pct"": -3.0, ""new"": 6.31, ""old"": 9.31}, ""Email"": {""change_pct"": 3.0, ""new"": 24.31, ""old"": 21.31}, ""Search"": {""change_pct"": 4.0, ""new"": 43.13, ""old"": 39.13}, ""Social"": {""change_pct"": -4.0, ""new"": 26.25, ""old"": 30.25}}}",current_ctr,Increase,-3.42,Inconclusive,0.52,Campaign mix optimized toward intent and lifecycle channels.
EXP0246,P052,Skincare,Serum,Mamaearth,Google to Instagram Shift,2025-05-23,2025-06-30,"{""acquisition_mix"": {""Google"": {""change_pct"": -7.26, ""new"": 38.79, ""old"": 46.05}, ""Instagram"": {""change_pct"": 7.26, ""new"": 34.04, ""old"": 26.78}}}",instagram_source_pct,Increase,4.16,Inconclusive,0.612,Acquisition shifted from search-led to creator and social discovery.
EXP0247,P068,Haircare,Shampoo,Mamaearth,Instagram to Google Shift,2025-10-05,2025-10-24,"{""acquisition_mix"": {""Google"": {""change_pct"": 11.28, ""new"": 45.94, ""old"": 34.66}, ""Instagram"": {""change_pct"": -11.28, ""new"": 3.28, ""old"": 14.56}}}",google_source_pct,Increase,28.36,Win,0.947,Acquisition shifted toward high-intent Google traffic.
EXP0248,P069,Makeup,Lipstick,Minimalist,Facebook to Google Shift,2025-04-20,2025-06-03,"{""acquisition_mix"": {""Facebook"": {""change_pct"": -9.31, ""new"": 3.0, ""old"": 12.31}, ""Google"": {""change_pct"": 9.31, ""new"": 38.28, ""old"": 28.97}}}",google_source_pct,Increase,27.43,Win,0.873,Budget moved from Facebook to Google for better intent quality.
EXP0249,P041,Haircare,Shampoo,Minimalist,Paid to Organic Shift,2025-11-21,2025-11-30,"{""acquisition_mix"": {""Google"": {""change_pct"": -4.0, ""new"": 27.61, ""old"": 31.61}, ""Instagram"": {""change_pct"": -4.0, ""new"": 10.9, ""old"": 14.9}, ""Organic"": {""change_pct"": 8.0, ""new"": 35.43, ""old"": 27.43}}, ""marketing_spend"": {""change_pct"": -12.93, ""new"": 7543.47, ""old"": 8663.99}}",organic_source_pct,Increase,29.68,Win,0.923,Paid dependency reduced while organic share is lifted.
EXP0250,P039,Makeup,Lipstick,The Derma Co,Acquisition Mix Optimization,2025-06-03,2025-07-17,"{""acquisition_mix"": {""Facebook"": {""change_pct"": -3.0, ""new"": 10.52, ""old"": 13.52}, ""Google"": {""change_pct"": 3.0, ""new"": 24.27, ""old"": 21.27}}}",conversion_rate,Increase,-0.81,Inconclusive,0.588,Acquisition mix optimized toward higher-converting sources.
EXP0251,P002,Haircare,Shampoo,The Derma Co,Premium Pricing Strategy,2025-05-31,2025-07-01,"{""avg_selling_price"": {""change_pct"": 14.25, ""new"": 651.25, ""old"": 570.0}, ""discount_pct"": {""change_pct"": -27.3, ""new"": 8.99, ""old"": 12.36}}",profit,Increase,66.85,Win,0.96,Premium posture combines higher price with lower promotion depth.
EXP0252,P031,Skincare,Serum,Mamaearth,Aggressive Growth Strategy,2025-01-17,2025-02-03,"{""discount_pct"": {""change_pct"": 102.56, ""new"": 15.9, ""old"": 7.85}, ""marketing_spend"": {""change_pct"": 82.95, ""new"": 11348.08, ""old"": 6202.98}, ""shipping_fee"": {""change_pct"": -33.9, ""new"": 39.0, ""old"": 59.0}}",orders,Increase,58.39,Win,0.954,"Growth strategy combines paid reach, promotion, and reduced friction."
EXP0253,P085,Skincare,Serum,The Derma Co,Profit Optimization Strategy,2025-01-02,2025-01-12,"{""discount_pct"": {""change_pct"": -49.88, ""new"": 7.66, ""old"": 15.28}, ""marketing_spend"": {""change_pct"": -12.08, ""new"": 6153.42, ""old"": 6998.81}, ""sales_channel_mix"": {""Amazon"": {""change_pct"": -4.0, ""new"": 29.06, ""old"": 33.06}, ""MobileApp"": {""change_pct"": 3.0, ""new"": 22.73, ""old"": 19.73}, ""Nykaa"": {""change_pct"": -3.0, ""new"": 17.85, ""old"": 20.85}, ""Website"": {""change_pct"": 4.0, ""new"": 30.36, ""old"": 26.36}}}",profit,Increase,12.15,Win,0.702,Profit optimization trims inefficient spend and marketplace dependency.
EXP0254,P066,Makeup,Lipstick,Mamaearth,Conversion Recovery Strategy,2025-07-09,2025-07-31,"{""campaign_mix"": {""Affiliate"": {""change_pct"": -0.52, ""new"": 3.0, ""old"": 3.52}, ""Email"": {""change_pct"": 0.52, ""new"": 22.32, ""old"": 21.8}, ""Search"": {""change_pct"": 3.0, ""new"": 23.35, ""old"": 20.35}, ""Social"": {""change_pct"": -3.0, ""new"": 51.33, ""old"": 54.33}}, ""discount_pct"": {""change_pct"": 12.34, ""new"": 27.57, ""old"": 24.54}, ""shipping_fee"": {""change_pct"": -100.0, ""new"": 0.0, ""old"": 39.0}}",conversion_rate,Increase,2.78,Win,0.626,Conversion recovery lowers checkout friction and raises intent messaging.
EXP0255,P042,Makeup,Lipstick,Mamaearth,Inventory Clearance Strategy,2025-12-04,2025-12-15,"{""avg_selling_price"": {""change_pct"": -9.94, ""new"": 333.23, ""old"": 370.0}, ""discount_pct"": {""change_pct"": 60.97, ""new"": 37.5, ""old"": 23.3}}",orders,Increase,10.36,Win,0.716,Clearance strategy accelerates sell-through using price and discount.
EXP0256,P075,Makeup,Lipstick,The Derma Co,D2C Growth Strategy,2025-01-09,2025-01-15,"{""marketing_spend"": {""change_pct"": 17.72, ""new"": 6997.37, ""old"": 5944.28}, ""sales_channel_mix"": {""Amazon"": {""change_pct"": -5.0, ""new"": 27.24, ""old"": 32.24}, ""MobileApp"": {""change_pct"": 5.0, ""new"": 20.11, ""old"": 15.11}, ""Nykaa"": {""change_pct"": -5.0, ""new"": 22.76, ""old"": 27.76}, ""Website"": {""change_pct"": 5.0, ""new"": 29.89, ""old"": 24.89}}}",website_sales_pct,Increase,22.93,Win,0.758,D2C growth moves share toward owned web and app channels.
EXP0257,P072,Makeup,Lipstick,Mamaearth,Price Increase,2025-04-20,2025-05-21,"{""avg_selling_price"": {""change_pct"": 9.52, ""new"": 328.57, ""old"": 300.0}}",profit,Increase,-8.02,Loss,0.701,Premium price test expects higher unit margin with some demand elasticity.
EXP0258,P042,Makeup,Lipstick,Mamaearth,Price Decrease,2025-04-09,2025-04-26,"{""avg_selling_price"": {""change_pct"": -9.3, ""new"": 335.59, ""old"": 370.0}}",orders,Increase,-1.62,Loss,0.62,Lower price should improve demand and conversion.
EXP0259,P038,Haircare,Shampoo,Minimalist,Discount Increase,2025-03-23,2025-04-29,"{""discount_pct"": {""change_pct"": 81.44, ""new"": 21.97, ""old"": 12.11}}",orders,Increase,35.05,Win,0.923,Higher discount should lift orders but may dilute margin.
EXP0260,P015,Makeup,Lipstick,Minimalist,Discount Decrease,2025-08-30,2025-09-09,"{""discount_pct"": {""change_pct"": -37.32, ""new"": 15.98, ""old"": 25.5}}",profit,Increase,-9.6,Loss,0.711,Lower discount tests whether stronger margin offsets order loss.
EXP0261,P049,Skincare,Serum,Mamaearth,Shipping Fee Increase,2025-09-06,2025-10-11,"{""shipping_fee"": {""change_pct"": 57.97, ""new"": 109.0, ""old"": 69.0}}",conversion_rate,Decrease,-18.04,Win,0.766,Higher shipping fee should create checkout friction.
EXP0262,P097,Skincare,Serum,Mamaearth,Shipping Fee Decrease,2025-03-01,2025-04-12,"{""shipping_fee"": {""change_pct"": -40.82, ""new"": 29.0, ""old"": 49.0}}",conversion_rate,Increase,5.94,Win,0.633,Reduced shipping fee should reduce checkout friction.
EXP0263,P054,Makeup,Lipstick,Minimalist,Free Shipping,2025-03-06,2025-03-27,"{""shipping_fee"": {""change_pct"": -100.0, ""new"": 0.0, ""old"": 59.0}}",conversion_rate,Increase,9.32,Win,0.63,Free shipping test should increase conversion and order volume.
EXP0264,P058,Skincare,Serum,Mamaearth,Marketing Spend Increase,2025-10-30,2025-12-06,"{""marketing_spend"": {""change_pct"": 53.94, ""new"": 22487.59, ""old"": 14607.65}}",traffic,Increase,2.29,Win,0.647,Higher spend should increase traffic through paid reach and lagged adstock.
EXP0265,P003,Makeup,Lipstick,Minimalist,Marketing Spend Decrease,2025-06-15,2025-07-25,"{""marketing_spend"": {""change_pct"": -29.17, ""new"": 5238.8, ""old"": 7396.73}}",current_roas,Increase,18.11,Win,0.723,Spend reduction tests whether inefficient paid traffic can be trimmed.
EXP0266,P022,Skincare,Serum,The Derma Co,Inventory Increase,2025-10-14,2025-11-01,"{""inventory_available"": {""change_pct"": 43.12, ""new"": 2560.5, ""old"": 1789.0}}",orders,Increase,38.86,Win,0.918,Higher stock availability should reduce sales capacity constraints.
EXP0267,P054,Makeup,Lipstick,Minimalist,Inventory Reduction,2025-01-21,2025-02-21,"{""inventory_available"": {""change_pct"": -41.0, ""new"": 680.23, ""old"": 1153.0}}",revenue,Decrease,-2.76,Win,0.699,Lower inventory should cap orders and revenue.
EXP0268,P074,Haircare,Shampoo,Minimalist,Amazon to Website Shift,2025-03-04,2025-03-14,"{""sales_channel_mix"": {""Amazon"": {""change_pct"": -11.63, ""new"": 17.27, ""old"": 28.9}, ""Website"": {""change_pct"": 11.63, ""new"": 55.1, ""old"": 43.47}}}",website_sales_pct,Increase,29.82,Win,0.848,Channel share shifted from marketplace to owned website.
EXP0269,P099,Makeup,Lipstick,The Derma Co,Website to Amazon Shift,2025-10-15,2025-11-13,"{""sales_channel_mix"": {""Amazon"": {""change_pct"": 10.64, ""new"": 42.78, ""old"": 32.14}, ""Website"": {""change_pct"": -10.64, ""new"": 30.4, ""old"": 41.04}}}",amazon_sales_pct,Increase,28.71,Win,0.892,Channel share shifted toward Amazon for demand capture.
EXP0270,P088,Skincare,Serum,Minimalist,Amazon to Mobile App Shift,2025-09-20,2025-10-31,"{""sales_channel_mix"": {""Amazon"": {""change_pct"": -12.37, ""new"": 22.39, ""old"": 34.76}, ""MobileApp"": {""change_pct"": 12.37, ""new"": 19.84, ""old"": 7.47}}}",mobile_app_sales_pct,Increase,195.57,Win,0.96,Marketplace users redirected toward app purchase journeys.
EXP0271,P032,Haircare,Shampoo,Mamaearth,Website to Mobile App Shift,2025-03-31,2025-04-21,"{""sales_channel_mix"": {""MobileApp"": {""change_pct"": 9.98, ""new"": 18.0, ""old"": 8.02}, ""Website"": {""change_pct"": -9.98, ""new"": 11.41, ""old"": 21.39}}}",mobile_app_sales_pct,Increase,106.07,Win,0.96,Owned web traffic nudged toward app conversion.
EXP0272,P092,Haircare,Shampoo,Minimalist,Channel Mix Optimization,2025-08-09,2025-08-24,"{""sales_channel_mix"": {""Amazon"": {""change_pct"": -5.0, ""new"": 29.58, ""old"": 34.58}, ""MobileApp"": {""change_pct"": 4.0, ""new"": 18.15, ""old"": 14.15}, ""Nykaa"": {""change_pct"": -4.0, ""new"": 8.97, ""old"": 12.97}, ""Website"": {""change_pct"": 5.0, ""new"": 43.3, ""old"": 38.3}}}",current_roas,Increase,8.71,Win,0.636,Mix optimized toward higher-margin owned channels.
EXP0273,P088,Skincare,Serum,Minimalist,Search Increase,2025-07-18,2025-08-03,"{""campaign_mix"": {""Search"": {""change_pct"": 10.8, ""new"": 48.65, ""old"": 37.85}, ""Social"": {""change_pct"": -10.8, ""new"": 27.62, ""old"": 38.42}}}",search_campaign_pct,Increase,32.14,Win,0.956,Search share increased for higher purchase intent.
EXP0274,P087,Makeup,Lipstick,The Derma Co,Social Increase,2025-11-29,2025-12-06,"{""campaign_mix"": {""Search"": {""change_pct"": -10.25, ""new"": 10.61, ""old"": 20.86}, ""Social"": {""change_pct"": 10.25, ""new"": 68.93, ""old"": 58.68}}}",social_campaign_pct,Increase,8.08,Win,0.748,Social share increased for discovery and mid-funnel reach.
EXP0275,P092,Haircare,Shampoo,Minimalist,Email Increase,2025-05-09,2025-06-06,"{""campaign_mix"": {""Email"": {""change_pct"": 7.79, ""new"": 37.79, ""old"": 30.0}, ""Social"": {""change_pct"": -7.79, ""new"": 19.19, ""old"": 26.98}}}",retention_rate,Increase,-2.38,Inconclusive,0.586,Email share increased to reactivate known buyers.
EXP0276,P099,Makeup,Lipstick,The Derma Co,Affiliate Increase,2025-01-25,2025-02-12,"{""campaign_mix"": {""Affiliate"": {""change_pct"": 9.95, ""new"": 16.47, ""old"": 6.52}, ""Search"": {""change_pct"": -9.95, ""new"": 14.09, ""old"": 24.04}}}",affiliate_campaign_pct,Increase,148.49,Win,0.858,Affiliate share increased for deal-led acquisition.
EXP0277,P059,Haircare,Shampoo,Mamaearth,Campaign Mix Optimization,2025-05-12,2025-06-14,"{""campaign_mix"": {""Affiliate"": {""change_pct"": -3.0, ""new"": 5.29, ""old"": 8.29}, ""Email"": {""change_pct"": 3.0, ""new"": 18.9, ""old"": 15.9}, ""Search"": {""change_pct"": 4.0, ""new"": 33.82, ""old"": 29.82}, ""Social"": {""change_pct"": -4.0, ""new"": 41.99, ""old"": 45.99}}}",current_ctr,Increase,-2.68,Inconclusive,0.544,Campaign mix optimized toward intent and lifecycle channels.
EXP0278,P091,Skincare,Serum,Minimalist,Google to Instagram Shift,2025-09-16,2025-10-14,"{""acquisition_mix"": {""Google"": {""change_pct"": -7.41, ""new"": 37.37, ""old"": 44.78}, ""Instagram"": {""change_pct"": 7.41, ""new"": 31.91, ""old"": 24.5}}}",instagram_source_pct,Increase,18.21,Win,0.775,Acquisition shifted from search-led to creator and social discovery.
EXP0279,P077,Haircare,Shampoo,Mamaearth,Instagram to Google Shift,2025-02-26,2025-03-16,"{""acquisition_mix"": {""Google"": {""change_pct"": 11.22, ""new"": 57.33, ""old"": 46.11}, ""Instagram"": {""change_pct"": -11.22, ""new"": 5.31, ""old"": 16.53}}}",google_source_pct,Increase,32.91,Win,0.941,Acquisition shifted toward high-intent Google traffic.
EXP0280,P025,Skincare,Serum,The Derma Co,Facebook to Google Shift,2025-06-20,2025-07-29,"{""acquisition_mix"": {}}",google_source_pct,Increase,-1.8,Inconclusive,0.587,Budget moved from Facebook to Google for better intent quality.
EXP0281,P001,Skincare,Serum,Mamaearth,Paid to Organic Shift,2025-03-12,2025-03-24,"{""acquisition_mix"": {""Google"": {""change_pct"": -4.0, ""new"": 35.08, ""old"": 39.08}, ""Instagram"": {""change_pct"": -4.0, ""new"": 18.22, ""old"": 22.22}, ""Organic"": {""change_pct"": 8.0, ""new"": 21.11, ""old"": 13.11}}, ""marketing_spend"": {""change_pct"": -22.94, ""new"": 6884.34, ""old"": 8933.44}}",organic_source_pct,Increase,46.2,Win,0.93,Paid dependency reduced while organic share is lifted.
EXP0282,P097,Skincare,Serum,Mamaearth,Acquisition Mix Optimization,2025-11-27,2025-12-03,"{""acquisition_mix"": {}}",conversion_rate,Increase,15.9,Win,0.766,Acquisition mix optimized toward higher-converting sources.
EXP0283,P054,Makeup,Lipstick,Minimalist,Premium Pricing Strategy,2025-06-22,2025-07-08,"{""avg_selling_price"": {""change_pct"": 14.0, ""new"": 934.81, ""old"": 820.0}, ""discount_pct"": {""change_pct"": -16.36, ""new"": 17.59, ""old"": 21.03}}",profit,Increase,29.44,Win,0.903,Premium posture combines higher price with lower promotion depth.
EXP0284,P011,Haircare,Shampoo,Mamaearth,Aggressive Growth Strategy,2025-10-08,2025-11-03,"{""discount_pct"": {""change_pct"": 44.51, ""new"": 20.84, ""old"": 14.42}, ""marketing_spend"": {""change_pct"": 71.31, ""new"": 13531.2, ""old"": 7898.56}, ""shipping_fee"": {""change_pct"": -28.99, ""new"": 49.0, ""old"": 69.0}}",orders,Increase,104.02,Win,0.96,"Growth strategy combines paid reach, promotion, and reduced friction."
EXP0285,P081,Makeup,Lipstick,The Derma Co,Profit Optimization Strategy,2025-05-27,2025-07-07,"{""discount_pct"": {""change_pct"": -33.15, ""new"": 14.52, ""old"": 21.72}, ""marketing_spend"": {""change_pct"": -8.53, ""new"": 6907.95, ""old"": 7551.9}, ""sales_channel_mix"": {""Amazon"": {""change_pct"": -4.0, ""new"": 26.47, ""old"": 30.47}, ""MobileApp"": {""change_pct"": 3.0, ""new"": 8.53, ""old"": 5.53}, ""Nykaa"": {""change_pct"": -3.0, ""new"": 27.42, ""old"": 30.42}, ""Website"": {""change_pct"": 4.0, ""new"": 37.58, ""old"": 33.58}}}",profit,Increase,9.27,Win,0.699,Profit optimization trims inefficient spend and marketplace dependency.
EXP0286,P063,Makeup,Lipstick,Mamaearth,Conversion Recovery Strategy,2025-10-04,2025-11-15,"{""campaign_mix"": {""Affiliate"": {""change_pct"": -3.0, ""new"": 15.32, ""old"": 18.32}, ""Email"": {""change_pct"": 3.0, ""new"": 11.6, ""old"": 8.6}, ""Search"": {""change_pct"": 3.0, ""new"": 27.42, ""old"": 24.42}, ""Social"": {""change_pct"": -3.0, ""new"": 45.66, ""old"": 48.66}}, ""discount_pct"": {""change_pct"": 33.2, ""new"": 28.67, ""old"": 21.52}, ""shipping_fee"": {""change_pct"": -61.22, ""new"": 19.0, ""old"": 49.0}}",conversion_rate,Increase,22.75,Win,0.885,Conversion recovery lowers checkout friction and raises intent messaging.
EXP0287,P050,Haircare,Shampoo,Minimalist,Inventory Clearance Strategy,2025-10-10,2025-10-16,"{""avg_selling_price"": {""change_pct"": -4.67, ""new"": 419.45, ""old"": 440.0}, ""discount_pct"": {""change_pct"": 64.45, ""new"": 31.03, ""old"": 18.87}}",orders,Increase,98.54,Win,0.911,Clearance strategy accelerates sell-through using price and discount.
EXP0288,P066,Makeup,Lipstick,Mamaearth,D2C Growth Strategy,2025-12-11,2025-12-30,"{""marketing_spend"": {""change_pct"": 23.63, ""new"": 11478.25, ""old"": 9284.19}, ""sales_channel_mix"": {""Amazon"": {""change_pct"": -5.0, ""new"": 39.81, ""old"": 44.81}, ""MobileApp"": {""change_pct"": 5.0, ""new"": 11.01, ""old"": 6.01}, ""Nykaa"": {""change_pct"": -5.0, ""new"": 18.56, ""old"": 23.56}, ""Website"": {""change_pct"": 5.0, ""new"": 30.62, ""old"": 25.62}}}",website_sales_pct,Increase,11.7,Win,0.747,D2C growth moves share toward owned web and app channels.
EXP0289,P049,Skincare,Serum,Mamaearth,Price Increase,2025-01-18,2025-02-20,"{""avg_selling_price"": {""change_pct"": 9.6, ""new"": 821.98, ""old"": 750.0}}",profit,Increase,18.22,Win,0.774,Premium price test expects higher unit margin with some demand elasticity.
EXP0290,P097,Skincare,Serum,Mamaearth,Price Decrease,2025-05-16,2025-06-20,"{""avg_selling_price"": {""change_pct"": -13.72, ""new"": 405.51, ""old"": 470.0}}",orders,Increase,-9.3,Loss,0.737,Lower price should improve demand and conversion.
EXP0291,P080,Haircare,Shampoo,Mamaearth,Discount Increase,2025-01-10,2025-02-01,"{""discount_pct"": {""change_pct"": 45.64, ""new"": 21.9, ""old"": 15.04}}",orders,Increase,30.29,Win,0.918,Higher discount should lift orders but may dilute margin.
EXP0292,P023,Haircare,Shampoo,The Derma Co,Discount Decrease,2025-10-24,2025-11-06,"{""discount_pct"": {""change_pct"": -27.21, ""new"": 13.25, ""old"": 18.21}}",profit,Increase,16.22,Win,0.806,Lower discount tests whether stronger margin offsets order loss.
EXP0293,P012,Makeup,Lipstick,The Derma Co,Shipping Fee Increase,2025-03-29,2025-05-09,"{""shipping_fee"": {""change_pct"": 0.0, ""new"": 30.0, ""old"": 0.0}}",conversion_rate,Decrease,-5.52,Inconclusive,0.598,Higher shipping fee should create checkout friction.
EXP0294,P063,Makeup,Lipstick,Mamaearth,Shipping Fee Decrease,2025-08-07,2025-08-20,"{""shipping_fee"": {""change_pct"": -40.82, ""new"": 29.0, ""old"": 49.0}}",conversion_rate,Increase,5.75,Inconclusive,0.567,Reduced shipping fee should reduce checkout friction.
EXP0295,P029,Haircare,Shampoo,Minimalist,Free Shipping,2025-11-19,2025-12-09,"{""shipping_fee"": {""change_pct"": -100.0, ""new"": 0.0, ""old"": 69.0}}",conversion_rate,Increase,13.12,Win,0.754,Free shipping test should increase conversion and order volume.
EXP0296,P070,Skincare,Serum,Mamaearth,Marketing Spend Increase,2025-01-26,2025-02-04,"{""marketing_spend"": {""change_pct"": 28.74, ""new"": 11366.11, ""old"": 8828.53}}",traffic,Increase,17.39,Win,0.775,Higher spend should increase traffic through paid reach and lagged adstock.
EXP0297,P072,Makeup,Lipstick,Mamaearth,Marketing Spend Decrease,2025-10-07,2025-11-11,"{""marketing_spend"": {""change_pct"": -27.99, ""new"": 6213.11, ""old"": 8627.77}}",current_roas,Increase,49.78,Win,0.895,Spend reduction tests whether inefficient paid traffic can be trimmed.
EXP0298,P097,Skincare,Serum,Mamaearth,Inventory Increase,2025-01-02,2025-01-23,"{""inventory_available"": {""change_pct"": 64.96, ""new"": 1285.02, ""old"": 779.0}}",orders,Increase,30.63,Win,0.84,Higher stock availability should reduce sales capacity constraints.
EXP0299,P001,Skincare,Serum,Mamaearth,Inventory Reduction,2025-10-12,2025-11-10,"{""inventory_available"": {""change_pct"": -45.16, ""new"": 864.9, ""old"": 1577.0}}",revenue,Decrease,46.92,Loss,0.929,Lower inventory should cap orders and revenue.
EXP0300,P007,Skincare,Serum,Minimalist,Amazon to Website Shift,2025-05-29,2025-06-13,"{""sales_channel_mix"": {""Amazon"": {""change_pct"": -14.3, ""new"": 19.93, ""old"": 34.23}, ""Website"": {""change_pct"": 14.3, ""new"": 45.71, ""old"": 31.41}}}",website_sales_pct,Increase,122.43,Win,0.881,Channel share shifted from marketplace to owned website.
EXP0301,P080,Haircare,Shampoo,Mamaearth,Website to Amazon Shift,2025-08-08,2025-09-21,"{""sales_channel_mix"": {""Amazon"": {""change_pct"": 13.4, ""new"": 52.36, ""old"": 38.96}, ""Website"": {""change_pct"": -13.4, ""new"": 11.67, ""old"": 25.07}}}",amazon_sales_pct,Increase,30.74,Win,0.852,Channel share shifted toward Amazon for demand capture.
EXP0302,P089,Haircare,Shampoo,Minimalist,Amazon to Mobile App Shift,2025-04-14,2025-05-13,"{""sales_channel_mix"": {""Amazon"": {""change_pct"": -13.52, ""new"": 7.48, ""old"": 21.0}, ""MobileApp"": {""change_pct"": 13.52, ""new"": 26.64, ""old"": 13.12}}}",mobile_app_sales_pct,Increase,100.68,Win,0.96,Marketplace users redirected toward app purchase journeys.
EXP0303,P016,Skincare,Serum,Mamaearth,Website to Mobile App Shift,2025-02-02,2025-02-25,"{""sales_channel_mix"": {""MobileApp"": {""change_pct"": 10.52, ""new"": 21.99, ""old"": 11.47}, ""Website"": {""change_pct"": -10.52, ""new"": 19.05, ""old"": 29.57}}}",mobile_app_sales_pct,Increase,100.53,Win,0.96,Owned web traffic nudged toward app conversion.
EXP0304,P029,Haircare,Shampoo,Minimalist,Channel Mix Optimization,2025-06-14,2025-07-06,"{""sales_channel_mix"": {""Amazon"": {""change_pct"": -5.0, ""new"": 18.17, ""old"": 23.17}, ""MobileApp"": {""change_pct"": 4.0, ""new"": 19.0, ""old"": 15.0}, ""Nykaa"": {""change_pct"": -4.0, ""new"": 17.99, ""old"": 21.99}, ""Website"": {""change_pct"": 5.0, ""new"": 44.84, ""old"": 39.84}}}",current_roas,Increase,-2.9,Inconclusive,0.592,Mix optimized toward higher-margin owned channels.
EXP0305,P007,Skincare,Serum,Minimalist,Search Increase,2025-07-26,2025-08-13,"{""campaign_mix"": {""Search"": {""change_pct"": 12.94, ""new"": 56.62, ""old"": 43.68}, ""Social"": {""change_pct"": -12.94, ""new"": 12.22, ""old"": 25.16}}}",search_campaign_pct,Increase,35.18,Win,0.866,Search share increased for higher purchase intent.
EXP0306,P049,Skincare,Serum,Mamaearth,Social Increase,2025-07-15,2025-07-23,"{""campaign_mix"": {""Search"": {""change_pct"": -10.43, ""new"": 40.81, ""old"": 51.24}, ""Social"": {""change_pct"": 10.43, ""new"": 38.36, ""old"": 27.93}}}",social_campaign_pct,Increase,43.91,Win,0.881,Social share increased for discovery and mid-funnel reach.
EXP0307,P019,Skincare,Serum,Mamaearth,Email Increase,2025-09-11,2025-09-18,"{""campaign_mix"": {""Email"": {""change_pct"": 5.81, ""new"": 31.98, ""old"": 26.17}, ""Social"": {""change_pct"": -5.81, ""new"": 18.78, ""old"": 24.59}}}",retention_rate,Increase,1.17,Inconclusive,0.604,Email share increased to reactivate known buyers.
EXP0308,P096,Makeup,Lipstick,Minimalist,Affiliate Increase,2025-12-12,2025-12-30,"{""campaign_mix"": {""Affiliate"": {""change_pct"": 7.4, ""new"": 23.05, ""old"": 15.65}, ""Search"": {""change_pct"": -7.4, ""new"": 24.12, ""old"": 31.52}}}",affiliate_campaign_pct,Increase,45.12,Win,0.876,Affiliate share increased for deal-led acquisition.
EXP0309,P061,Skincare,Serum,Minimalist,Campaign Mix Optimization,2025-05-24,2025-06-10,"{""campaign_mix"": {""Affiliate"": {""change_pct"": -2.99, ""new"": 3.0, ""old"": 5.99}, ""Email"": {""change_pct"": 2.99, ""new"": 29.77, ""old"": 26.78}, ""Search"": {""change_pct"": 4.0, ""new"": 42.79, ""old"": 38.79}, ""Social"": {""change_pct"": -4.0, ""new"": 24.44, ""old"": 28.44}}}",current_ctr,Increase,-0.2,Inconclusive,0.52,Campaign mix optimized toward intent and lifecycle channels.
EXP0310,P089,Haircare,Shampoo,Minimalist,Google to Instagram Shift,2025-06-15,2025-07-08,"{""acquisition_mix"": {""Google"": {""change_pct"": -8.1, ""new"": 26.32, ""old"": 34.42}, ""Instagram"": {""change_pct"": 8.1, ""new"": 33.23, ""old"": 25.13}}}",instagram_source_pct,Increase,30.89,Win,0.9,Acquisition shifted from search-led to creator and social discovery.
EXP0311,P004,Skincare,Serum,The Derma Co,Instagram to Google Shift,2025-01-13,2025-02-11,"{""acquisition_mix"": {""Google"": {""change_pct"": 8.59, ""new"": 57.51, ""old"": 48.92}, ""Instagram"": {""change_pct"": -8.59, ""new"": 8.88, ""old"": 17.47}}}",google_source_pct,Increase,18.39,Win,0.81,Acquisition shifted toward high-intent Google traffic.
EXP0312,P013,Skincare,Serum,Mamaearth,Facebook to Google Shift,2025-10-25,2025-11-02,"{""acquisition_mix"": {""Facebook"": {""change_pct"": -7.95, ""new"": 3.3, ""old"": 11.25}, ""Google"": {""change_pct"": 7.95, ""new"": 50.96, ""old"": 43.01}}}",google_source_pct,Increase,18.51,Win,0.694,Budget moved from Facebook to Google for better intent quality.
EXP0313,P032,Haircare,Shampoo,Mamaearth,Paid to Organic Shift,2025-12-03,2025-12-09,"{""acquisition_mix"": {""Google"": {""change_pct"": -4.0, ""new"": 48.81, ""old"": 52.81}, ""Instagram"": {""change_pct"": -4.0, ""new"": 7.8, ""old"": 11.8}, ""Organic"": {""change_pct"": 8.0, ""new"": 15.07, ""old"": 7.07}}, ""marketing_spend"": {""change_pct"": -17.9, ""new"": 5535.36, ""old"": 6742.13}}",organic_source_pct,Increase,128.86,Win,0.96,Paid dependency reduced while organic share is lifted.
EXP0314,P066,Makeup,Lipstick,Mamaearth,Acquisition Mix Optimization,2025-01-27,2025-02-14,"{""acquisition_mix"": {""Facebook"": {""change_pct"": -3.0, ""new"": 8.06, ""old"": 11.06}, ""Google"": {""change_pct"": 3.0, ""new"": 40.8, ""old"": 37.8}, ""Organic"": {""change_pct"": 1.66, ""new"": 9.17, ""old"": 7.51}, ""Referral"": {""change_pct"": -1.66, ""new"": 3.0, ""old"": 4.66}}}",conversion_rate,Increase,5.47,Inconclusive,0.597,Acquisition mix optimized toward higher-converting sources.
EXP0315,P096,Makeup,Lipstick,Minimalist,Premium Pricing Strategy,2025-09-18,2025-10-10,"{""avg_selling_price"": {""change_pct"": 9.38, ""new"": 1093.85, ""old"": 1000.0}, ""discount_pct"": {""change_pct"": -31.43, ""new"": 9.15, ""old"": 13.34}}",profit,Increase,37.57,Win,0.96,Premium posture combines higher price with lower promotion depth.
EXP0316,P043,Skincare,Serum,Mamaearth,Aggressive Growth Strategy,2025-08-03,2025-08-19,"{""discount_pct"": {""change_pct"": 77.5, ""new"": 17.31, ""old"": 9.75}, ""marketing_spend"": {""change_pct"": 67.89, ""new"": 11638.67, ""old"": 6932.21}, ""shipping_fee"": {""change_pct"": -51.28, ""new"": 19.0, ""old"": 39.0}}",orders,Increase,98.25,Win,0.96,"Growth strategy combines paid reach, promotion, and reduced friction."
EXP0317,P089,Haircare,Shampoo,Minimalist,Profit Optimization Strategy,2025-12-02,2025-12-17,"{""discount_pct"": {""change_pct"": -47.34, ""new"": 7.48, ""old"": 14.21}, ""marketing_spend"": {""change_pct"": -11.13, ""new"": 4856.88, ""old"": 5465.19}, ""sales_channel_mix"": {""Amazon"": {""change_pct"": -4.0, ""new"": 16.33, ""old"": 20.33}, ""MobileApp"": {""change_pct"": 3.0, ""new"": 17.04, ""old"": 14.04}, ""Nykaa"": {""change_pct"": -3.0, ""new"": 11.91, ""old"": 14.91}, ""Website"": {""change_pct"": 4.0, ""new"": 54.72, ""old"": 50.72}}}",profit,Increase,107.63,Win,0.869,Profit optimization trims inefficient spend and marketplace dependency.
EXP0318,P067,Skincare,Serum,Minimalist,Conversion Recovery Strategy,2025-02-22,2025-03-18,"{""campaign_mix"": {""Affiliate"": {""change_pct"": -2.88, ""new"": 3.0, ""old"": 5.88}, ""Email"": {""change_pct"": 2.88, ""new"": 22.88, ""old"": 20.0}, ""Search"": {""change_pct"": 3.0, ""new"": 44.74, ""old"": 41.74}, ""Social"": {""change_pct"": -3.0, ""new"": 29.38, ""old"": 32.38}}, ""discount_pct"": {""change_pct"": 25.69, ""new"": 19.67, ""old"": 15.65}, ""shipping_fee"": {""change_pct"": 0.0, ""new"": 0.0, ""old"": 0.0}}",conversion_rate,Increase,-4.29,Loss,0.675,Conversion recovery lowers checkout friction and raises intent messaging.
EXP0319,P072,Makeup,Lipstick,Mamaearth,Inventory Clearance Strategy,2025-07-04,2025-07-29,"{""avg_selling_price"": {""change_pct"": -9.59, ""new"": 271.22, ""old"": 300.0}, ""discount_pct"": {""change_pct"": 68.48, ""new"": 36.65, ""old"": 21.75}}",orders,Increase,82.56,Win,0.96,Clearance strategy accelerates sell-through using price and discount.
EXP0320,P083,Haircare,Shampoo,Minimalist,D2C Growth Strategy,2025-11-23,2025-12-28,"{""marketing_spend"": {""change_pct"": 34.71, ""new"": 8901.53, ""old"": 6607.89}, ""sales_channel_mix"": {""Amazon"": {""change_pct"": -5.0, ""new"": 25.49, ""old"": 30.49}, ""MobileApp"": {""change_pct"": 5.0, ""new"": 17.65, ""old"": 12.65}, ""Nykaa"": {""change_pct"": -5.0, ""new"": 17.37, ""old"": 22.37}, ""Website"": {""change_pct"": 5.0, ""new"": 39.49, ""old"": 34.49}}}",website_sales_pct,Increase,11.82,Win,0.706,D2C growth moves share toward owned web and app channels.
EXP0321,P007,Skincare,Serum,Minimalist,Price Increase,2025-01-11,2025-02-07,"{""avg_selling_price"": {""change_pct"": 11.22, ""new"": 1290.15, ""old"": 1160.0}}",profit,Increase,25.53,Win,0.875,Premium price test expects higher unit margin with some demand elasticity.
EXP0322,P068,Haircare,Shampoo,Mamaearth,Price Decrease,2025-07-11,2025-08-01,"{""avg_selling_price"": {""change_pct"": -8.68, ""new"": 410.95, ""old"": 450.0}}",orders,Increase,6.04,Win,0.679,Lower price should improve demand and conversion.
EXP0323,P056,Haircare,Shampoo,The Derma Co,Discount Increase,2025-07-08,2025-08-09,"{""discount_pct"": {""change_pct"": 66.33, ""new"": 31.92, ""old"": 19.19}}",orders,Increase,55.74,Win,0.87,Higher discount should lift orders but may dilute margin.
EXP0324,P080,Haircare,Shampoo,Mamaearth,Discount Decrease,2025-10-16,2025-10-26,"{""discount_pct"": {""change_pct"": -35.5, ""new"": 12.7, ""old"": 19.69}}",profit,Increase,17.93,Win,0.788,Lower discount tests whether stronger margin offsets order loss.
EXP0325,P028,Skincare,Serum,Mamaearth,Shipping Fee Increase,2025-03-06,2025-04-18,"{""shipping_fee"": {""change_pct"": 51.28, ""new"": 59.0, ""old"": 39.0}}",conversion_rate,Decrease,-5.32,Inconclusive,0.596,Higher shipping fee should create checkout friction.
EXP0326,P052,Skincare,Serum,Mamaearth,Shipping Fee Decrease,2025-01-30,2025-03-13,"{""shipping_fee"": {""change_pct"": -28.99, ""new"": 49.0, ""old"": 69.0}}",conversion_rate,Increase,3.95,Inconclusive,0.604,Reduced shipping fee should reduce checkout friction.
EXP0327,P016,Skincare,Serum,Mamaearth,Free Shipping,2025-01-09,2025-01-26,"{""shipping_fee"": {""change_pct"": -100.0, ""new"": 0.0, ""old"": 69.0}}",conversion_rate,Increase,3.96,Inconclusive,0.576,Free shipping test should increase conversion and order volume.
EXP0328,P072,Makeup,Lipstick,Mamaearth,Marketing Spend Increase,2025-11-22,2025-12-23,"{""marketing_spend"": {""change_pct"": 51.79, ""new"": 14549.17, ""old"": 9585.03}}",traffic,Increase,67.07,Win,0.958,Higher spend should increase traffic through paid reach and lagged adstock.
EXP0329,P067,Skincare,Serum,Minimalist,Marketing Spend Decrease,2025-08-21,2025-08-29,"{""marketing_spend"": {""change_pct"": -26.51, ""new"": 8106.36, ""old"": 11030.88}}",current_roas,Increase,28.92,Win,0.896,Spend reduction tests whether inefficient paid traffic can be trimmed.
EXP0330,P012,Makeup,Lipstick,The Derma Co,Inventory Increase,2025-07-04,2025-08-07,"{""inventory_available"": {""change_pct"": 47.72, ""new"": 2369.39, ""old"": 1604.0}}",orders,Increase,14.65,Win,0.652,Higher stock availability should reduce sales capacity constraints.
EXP0331,P034,Skincare,Serum,Mamaearth,Inventory Reduction,2025-05-28,2025-06-27,"{""inventory_available"": {""change_pct"": -34.62, ""new"": 625.66, ""old"": 957.0}}",revenue,Decrease,-12.27,Win,0.684,Lower inventory should cap orders and revenue.
EXP0332,P053,Haircare,Shampoo,Mamaearth,Amazon to Website Shift,2025-08-16,2025-09-15,"{""sales_channel_mix"": {""Amazon"": {""change_pct"": -11.74, ""new"": 21.22, ""old"": 32.96}, ""Website"": {""change_pct"": 11.74, ""new"": 49.42, ""old"": 37.68}}}",website_sales_pct,Increase,35.61,Win,0.899,Channel share shifted from marketplace to owned website.
EXP0333,P028,Skincare,Serum,Mamaearth,Website to Amazon Shift,2025-11-30,2025-12-24,"{""sales_channel_mix"": {""Amazon"": {""change_pct"": 13.63, ""new"": 59.8, ""old"": 46.17}, ""Website"": {""change_pct"": -13.63, ""new"": 3.0, ""old"": 16.63}}}",amazon_sales_pct,Increase,26.1,Win,0.814,Channel share shifted toward Amazon for demand capture.
EXP0334,P098,Haircare,Shampoo,The Derma Co,Amazon to Mobile App Shift,2025-05-14,2025-06-18,"{""sales_channel_mix"": {""Amazon"": {""change_pct"": -13.91, ""new"": 9.85, ""old"": 23.76}, ""MobileApp"": {""change_pct"": 13.91, ""new"": 36.3, ""old"": 22.39}}}",mobile_app_sales_pct,Increase,41.39,Win,0.948,Marketplace users redirected toward app purchase journeys.
EXP0335,P032,Haircare,Shampoo,Mamaearth,Website to Mobile App Shift,2025-07-13,2025-08-24,"{""sales_channel_mix"": {""MobileApp"": {""change_pct"": 13.6, ""new"": 22.92, ""old"": 9.32}, ""Website"": {""change_pct"": -13.6, ""new"": 5.72, ""old"": 19.32}}}",mobile_app_sales_pct,Increase,115.03,Win,0.951,Owned web traffic nudged toward app conversion.
EXP0336,P018,Makeup,Lipstick,Minimalist,Channel Mix Optimization,2025-05-24,2025-06-27,"{""sales_channel_mix"": {""Amazon"": {""change_pct"": -5.0, ""new"": 29.06, ""old"": 34.06}, ""MobileApp"": {""change_pct"": 4.0, ""new"": 10.86, ""old"": 6.86}, ""Nykaa"": {""change_pct"": -4.0, ""new"": 18.02, ""old"": 22.02}, ""Website"": {""change_pct"": 5.0, ""new"": 42.06, ""old"": 37.06}}}",current_roas,Increase,0.53,Loss,0.664,Mix optimized toward higher-margin owned channels.
EXP0337,P001,Skincare,Serum,Mamaearth,Search Increase,2025-11-13,2025-11-22,"{""campaign_mix"": {""Search"": {""change_pct"": 6.31, ""new"": 51.63, ""old"": 45.32}, ""Social"": {""change_pct"": -6.31, ""new"": 16.81, ""old"": 23.12}}}",search_campaign_pct,Increase,14.47,Win,0.752,Search share increased for higher purchase intent.
EXP0338,P066,Makeup,Lipstick,Mamaearth,Social Increase,2025-06-01,2025-06-10,"{""campaign_mix"": {""Search"": {""change_pct"": -9.21, ""new"": 11.19, ""old"": 20.4}, ""Social"": {""change_pct"": 9.21, ""new"": 63.09, ""old"": 53.88}}}",social_campaign_pct,Increase,22.54,Win,0.809,Social share increased for discovery and mid-funnel reach.
EXP0339,P088,Skincare,Serum,Minimalist,Email Increase,2025-02-20,2025-03-08,"{""campaign_mix"": {""Email"": {""change_pct"": 7.66, ""new"": 29.86, ""old"": 22.2}, ""Social"": {""change_pct"": -7.66, ""new"": 29.73, ""old"": 37.39}}}",retention_rate,Increase,-1.82,Inconclusive,0.608,Email share increased to reactivate known buyers.
EXP0340,P035,Haircare,Shampoo,Minimalist,Affiliate Increase,2025-02-10,2025-03-03,"{""campaign_mix"": {""Affiliate"": {""change_pct"": 8.4, ""new"": 17.36, ""old"": 8.96}, ""Search"": {""change_pct"": -8.4, ""new"": 36.47, ""old"": 44.87}}}",affiliate_campaign_pct,Increase,87.3,Win,0.895,Affiliate share increased for deal-led acquisition.
EXP0341,P066,Makeup,Lipstick,Mamaearth,Campaign Mix Optimization,2025-08-06,2025-08-18,"{""campaign_mix"": {""Affiliate"": {""change_pct"": -0.45, ""new"": 3.0, ""old"": 3.45}, ""Email"": {""change_pct"": 0.45, ""new"": 22.36, ""old"": 21.91}, ""Search"": {""change_pct"": 4.0, ""new"": 24.34, ""old"": 20.34}, ""Social"": {""change_pct"": -4.0, ""new"": 50.3, ""old"": 54.3}}}",current_ctr,Increase,-2.07,Inconclusive,0.592,Campaign mix optimized toward intent and lifecycle channels.
EXP0342,P036,Makeup,Lipstick,The Derma Co,Google to Instagram Shift,2025-02-28,2025-03-27,"{""acquisition_mix"": {""Google"": {""change_pct"": -7.92, ""new"": 11.76, ""old"": 19.68}, ""Instagram"": {""change_pct"": 7.92, ""new"": 40.36, ""old"": 32.44}}}",instagram_source_pct,Increase,22.94,Win,0.754,Acquisition shifted from search-led to creator and social discovery.
EXP0343,P094,Skincare,Serum,Minimalist,Instagram to Google Shift,2025-09-08,2025-09-21,"{""acquisition_mix"": {""Google"": {""change_pct"": 7.54, ""new"": 42.02, ""old"": 34.48}, ""Instagram"": {""change_pct"": -7.54, ""new"": 11.06, ""old"": 18.6}}}",google_source_pct,Increase,20.58,Win,0.85,Acquisition shifted toward high-intent Google traffic.
EXP0344,P093,Makeup,Lipstick,Minimalist,Facebook to Google Shift,2025-01-09,2025-02-17,"{""acquisition_mix"": {""Facebook"": {""change_pct"": -4.85, ""new"": 3.0, ""old"": 7.85}, ""Google"": {""change_pct"": 4.85, ""new"": 34.54, ""old"": 29.69}}}",google_source_pct,Increase,18.32,Win,0.771,Budget moved from Facebook to Google for better intent quality.
EXP0345,P044,Haircare,Shampoo,The Derma Co,Paid to Organic Shift,2025-03-25,2025-04-13,"{""acquisition_mix"": {""Google"": {""change_pct"": -4.0, ""new"": 35.25, ""old"": 39.25}, ""Instagram"": {""change_pct"": -4.0, ""new"": 25.85, ""old"": 29.85}, ""Organic"": {""change_pct"": 8.0, ""new"": 25.74, ""old"": 17.74}}, ""marketing_spend"": {""change_pct"": -26.95, ""new"": 3593.72, ""old"": 4919.48}}",organic_source_pct,Increase,52.54,Win,0.943,Paid dependency reduced while organic share is lifted.
EXP0346,P063,Makeup,Lipstick,Mamaearth,Acquisition Mix Optimization,2025-02-19,2025-03-24,"{""acquisition_mix"": {""Facebook"": {""change_pct"": -3.0, ""new"": 4.34, ""old"": 7.34}, ""Google"": {""change_pct"": 3.0, ""new"": 39.14, ""old"": 36.14}, ""Organic"": {""change_pct"": 0.57, ""new"": 12.73, ""old"": 12.16}, ""Referral"": {""change_pct"": -0.57, ""new"": 3.0, ""old"": 3.57}}}",conversion_rate,Increase,-0.14,Inconclusive,0.529,Acquisition mix optimized toward higher-converting sources.
EXP0347,P089,Haircare,Shampoo,Minimalist,Premium Pricing Strategy,2025-08-05,2025-08-11,"{""avg_selling_price"": {""change_pct"": 9.45, ""new"": 448.76, ""old"": 410.0}, ""discount_pct"": {""change_pct"": -41.1, ""new"": 8.23, ""old"": 13.97}}",profit,Increase,109.15,Win,0.9,Premium posture combines higher price with lower promotion depth.
EXP0348,P030,Makeup,Lipstick,Mamaearth,Aggressive Growth Strategy,2025-09-20,2025-09-27,"{""discount_pct"": {""change_pct"": 94.93, ""new"": 23.7, ""old"": 12.16}, ""marketing_spend"": {""change_pct"": 51.15, ""new"": 7327.35, ""old"": 4847.83}, ""shipping_fee"": {""change_pct"": -76.92, ""new"": 9.0, ""old"": 39.0}}",orders,Increase,75.81,Win,0.902,"Growth strategy combines paid reach, promotion, and reduced friction."
EXP0349,P071,Haircare,Shampoo,The Derma Co,Profit Optimization Strategy,2025-07-24,2025-08-23,"{""discount_pct"": {""change_pct"": -68.01, ""new"": 3.49, ""old"": 10.92}, ""marketing_spend"": {""change_pct"": -15.95, ""new"": 5800.47, ""old"": 6901.4}, ""sales_channel_mix"": {""Amazon"": {""change_pct"": -4.0, ""new"": 22.72, ""old"": 26.72}, ""MobileApp"": {""change_pct"": 3.0, ""new"": 22.86, ""old"": 19.86}, ""Nykaa"": {""change_pct"": -3.0, ""new"": 28.55, ""old"": 31.55}, ""Website"": {""change_pct"": 4.0, ""new"": 25.87, ""old"": 21.87}}}",profit,Increase,-3.63,Inconclusive,0.608,Profit optimization trims inefficient spend and marketplace dependency.
EXP0350,P066,Makeup,Lipstick,Mamaearth,Conversion Recovery Strategy,2025-05-11,2025-05-23,"{""campaign_mix"": {""Affiliate"": {""change_pct"": -0.43, ""new"": 3.0, ""old"": 3.43}, ""Email"": {""change_pct"": 0.43, ""new"": 22.29, ""old"": 21.86}, ""Search"": {""change_pct"": 3.0, ""new"": 24.51, ""old"": 21.51}, ""Social"": {""change_pct"": -3.0, ""new"": 50.2, ""old"": 53.2}}, ""discount_pct"": {""change_pct"": 22.08, ""new"": 34.83, ""old"": 28.53}, ""shipping_fee"": {""change_pct"": -76.92, ""new"": 9.0, ""old"": 39.0}}",conversion_rate,Increase,12.19,Win,0.685,Conversion recovery lowers checkout friction and raises intent messaging.
EXP0351,P020,Haircare,Shampoo,The Derma Co,Inventory Clearance Strategy,2025-07-02,2025-07-20,"{""avg_selling_price"": {""change_pct"": -3.78, ""new"": 490.73, ""old"": 510.0}, ""discount_pct"": {""change_pct"": 111.53, ""new"": 28.94, ""old"": 13.68}}",orders,Increase,45.65,Win,0.96,Clearance strategy accelerates sell-through using price and discount.
EXP0352,P076,Skincare,Serum,Minimalist,D2C Growth Strategy,2025-01-05,2025-01-23,"{""marketing_spend"": {""change_pct"": 14.11, ""new"": 7941.7, ""old"": 6959.61}, ""sales_channel_mix"": {""Amazon"": {""change_pct"": -5.0, ""new"": 30.13, ""old"": 35.13}, ""MobileApp"": {""change_pct"": 5.0, ""new"": 28.18, ""old"": 23.18}, ""Nykaa"": {""change_pct"": -5.0, ""new"": 12.89, ""old"": 17.89}, ""Website"": {""change_pct"": 5.0, ""new"": 28.8, ""old"": 23.8}}}",website_sales_pct,Increase,18.32,Win,0.72,D2C growth moves share toward owned web and app channels.
EXP0353,P086,Haircare,Shampoo,The Derma Co,Price Increase,2025-05-05,2025-05-17,"{""avg_selling_price"": {""change_pct"": 14.5, ""new"": 492.34, ""old"": 430.0}}",profit,Increase,23.42,Win,0.816,Premium price test expects higher unit margin with some demand elasticity.
EXP0354,P062,Haircare,Shampoo,Minimalist,Price Decrease,2025-09-03,2025-10-06,"{""avg_selling_price"": {""change_pct"": -13.04, ""new"": 539.15, ""old"": 620.0}}",orders,Increase,0.66,Inconclusive,0.577,Lower price should improve demand and conversion.
EXP0355,P021,Makeup,Lipstick,Minimalist,Discount Increase,2025-10-12,2025-10-25,"{""discount_pct"": {""change_pct"": 56.36, ""new"": 34.51, ""old"": 22.07}}",orders,Increase,182.24,Win,0.948,Higher discount should lift orders but may dilute margin.
EXP0356,P077,Haircare,Shampoo,Mamaearth,Discount Decrease,2025-10-27,2025-11-30,"{""discount_pct"": {""change_pct"": -29.54, ""new"": 17.11, ""old"": 24.29}}",profit,Increase,32.71,Win,0.96,Lower discount tests whether stronger margin offsets order loss.
EXP0357,P067,Skincare,Serum,Minimalist,Shipping Fee Increase,2025-07-02,2025-08-08,"{""shipping_fee"": {""change_pct"": 0.0, ""new"": 40.0, ""old"": 0.0}}",conversion_rate,Decrease,-3.45,Win,0.687,Higher shipping fee should create checkout friction.
EXP0358,P043,Skincare,Serum,Mamaearth,Shipping Fee Decrease,2025-06-22,2025-07-03,"{""shipping_fee"": {""change_pct"": -100.0, ""new"": 0.0, ""old"": 39.0}}",conversion_rate,Increase,10.82,Win,0.66,Reduced shipping fee should reduce checkout friction.
EXP0359,P018,Makeup,Lipstick,Minimalist,Free Shipping,2025-02-20,2025-03-12,"{""shipping_fee"": {""change_pct"": -100.0, ""new"": 0.0, ""old"": 49.0}}",conversion_rate,Increase,18.45,Win,0.754,Free shipping test should increase conversion and order volume.
EXP0360,P049,Skincare,Serum,Mamaearth,Marketing Spend Increase,2025-04-23,2025-04-29,"{""marketing_spend"": {""change_pct"": 60.49, ""new"": 20677.99, ""old"": 12884.28}}",traffic,Increase,37.69,Win,0.96,Higher spend should increase traffic through paid reach and lagged adstock.
EXP0361,P078,Makeup,Lipstick,Minimalist,Marketing Spend Decrease,2025-01-19,2025-02-07,"{""marketing_spend"": {""change_pct"": -24.12, ""new"": 5357.8, ""old"": 7061.0}}",current_roas,Increase,16.49,Win,0.784,Spend reduction tests whether inefficient paid traffic can be trimmed.
EXP0362,P014,Haircare,Shampoo,Minimalist,Inventory Increase,2025-07-03,2025-08-10,"{""inventory_available"": {""change_pct"": 79.34, ""new"": 1823.89, ""old"": 1017.0}}",orders,Increase,7.33,Win,0.708,Higher stock availability should reduce sales capacity constraints.
EXP0363,P053,Haircare,Shampoo,Mamaearth,Inventory Reduction,2025-01-01,2025-01-07,"{""inventory_available"": {""change_pct"": -37.69, ""new"": 801.89, ""old"": 1287.0}}",revenue,Decrease,-26.77,Win,0.838,Lower inventory should cap orders and revenue.
EXP0364,P096,Makeup,Lipstick,Minimalist,Amazon to Website Shift,2025-11-09,2025-11-18,"{""sales_channel_mix"": {""Amazon"": {""change_pct"": -11.01, ""new"": 23.65, ""old"": 34.66}, ""Website"": {""change_pct"": 11.01, ""new"": 50.27, ""old"": 39.26}}}",website_sales_pct,Increase,21.85,Win,0.829,Channel share shifted from marketplace to owned website.
EXP0365,P016,Skincare,Serum,Mamaearth,Website to Amazon Shift,2025-11-24,2025-12-16,"{""sales_channel_mix"": {""Amazon"": {""change_pct"": 14.21, ""new"": 59.36, ""old"": 45.15}, ""Website"": {""change_pct"": -14.21, ""new"": 16.86, ""old"": 31.07}}}",amazon_sales_pct,Increase,46.18,Win,0.96,Channel share shifted toward Amazon for demand capture.
EXP0366,P051,Makeup,Lipstick,Mamaearth,Amazon to Mobile App Shift,2025-11-12,2025-11-25,"{""sales_channel_mix"": {""Amazon"": {""change_pct"": -9.07, ""new"": 18.43, ""old"": 27.5}, ""MobileApp"": {""change_pct"": 9.07, ""new"": 22.0, ""old"": 12.93}}}",mobile_app_sales_pct,Increase,62.62,Win,0.929,Marketplace users redirected toward app purchase journeys.
EXP0367,P047,Haircare,Shampoo,The Derma Co,Website to Mobile App Shift,2025-06-20,2025-07-06,"{""sales_channel_mix"": {""MobileApp"": {""change_pct"": 13.08, ""new"": 19.82, ""old"": 6.74}, ""Website"": {""change_pct"": -13.08, ""new"": 17.13, ""old"": 30.21}}}",mobile_app_sales_pct,Increase,182.43,Win,0.903,Owned web traffic nudged toward app conversion.
EXP0368,P063,Makeup,Lipstick,Mamaearth,Channel Mix Optimization,2025-03-29,2025-05-07,"{""sales_channel_mix"": {""Amazon"": {""change_pct"": -5.0, ""new"": 31.34, ""old"": 36.34}, ""MobileApp"": {""change_pct"": 4.0, ""new"": 22.97, ""old"": 18.97}, ""Nykaa"": {""change_pct"": -4.0, ""new"": 15.95, ""old"": 19.95}, ""Website"": {""change_pct"": 5.0, ""new"": 29.74, ""old"": 24.74}}}",current_roas,Increase,5.64,Win,0.677,Mix optimized toward higher-margin owned channels.
EXP0369,P019,Skincare,Serum,Mamaearth,Search Increase,2025-05-15,2025-06-02,"{""campaign_mix"": {""Search"": {""change_pct"": 7.93, ""new"": 44.85, ""old"": 36.92}, ""Social"": {""change_pct"": -7.93, ""new"": 15.38, ""old"": 23.31}}}",search_campaign_pct,Increase,20.89,Win,0.756,Search share increased for higher purchase intent.
EXP0370,P081,Makeup,Lipstick,The Derma Co,Social Increase,2025-08-09,2025-08-22,"{""campaign_mix"": {""Search"": {""change_pct"": -8.17, ""new"": 21.72, ""old"": 29.89}, ""Social"": {""change_pct"": 8.17, ""new"": 51.46, ""old"": 43.29}}}",social_campaign_pct,Increase,23.29,Win,0.81,Social share increased for discovery and mid-funnel reach.
EXP0371,P008,Haircare,Shampoo,Mamaearth,Email Increase,2025-06-10,2025-06-17,"{""campaign_mix"": {""Email"": {""change_pct"": 10.79, ""new"": 31.97, ""old"": 21.18}, ""Social"": {""change_pct"": -10.79, ""new"": 20.66, ""old"": 31.45}}}",retention_rate,Increase,-1.72,Inconclusive,0.53,Email share increased to reactivate known buyers.
EXP0372,P012,Makeup,Lipstick,The Derma Co,Affiliate Increase,2025-08-20,2025-09-19,"{""campaign_mix"": {""Affiliate"": {""change_pct"": 7.75, ""new"": 11.22, ""old"": 3.47}, ""Search"": {""change_pct"": -7.75, ""new"": 26.43, ""old"": 34.18}}}",affiliate_campaign_pct,Increase,205.41,Win,0.96,Affiliate share increased for deal-led acquisition.
EXP0373,P095,Haircare,Shampoo,Mamaearth,Campaign Mix Optimization,2025-03-02,2025-04-13,"{""campaign_mix"": {""Affiliate"": {""change_pct"": -3.0, ""new"": 7.12, ""old"": 10.12}, ""Email"": {""change_pct"": 3.0, ""new"": 27.39, ""old"": 24.39}, ""Search"": {""change_pct"": 4.0, ""new"": 24.24, ""old"": 20.24}, ""Social"": {""change_pct"": -4.0, ""new"": 41.25, ""old"": 45.25}}}",current_ctr,Increase,2.84,Win,0.669,Campaign mix optimized toward intent and lifecycle channels.
EXP0374,P037,Skincare,Serum,The Derma Co,Google to Instagram Shift,2025-06-05,2025-06-11,"{""acquisition_mix"": {""Google"": {""change_pct"": -7.56, ""new"": 38.46, ""old"": 46.02}, ""Instagram"": {""change_pct"": 7.56, ""new"": 25.73, ""old"": 18.17}}}",instagram_source_pct,Increase,33.48,Win,0.945,Acquisition shifted from search-led to creator and social discovery.
EXP0375,P096,Makeup,Lipstick,Minimalist,Instagram to Google Shift,2025-07-24,2025-09-03,"{""acquisition_mix"": {""Google"": {""change_pct"": 8.24, ""new"": 30.95, ""old"": 22.71}, ""Instagram"": {""change_pct"": -8.24, ""new"": 18.64, ""old"": 26.88}}}",google_source_pct,Increase,-7.82,Loss,0.625,Acquisition shifted toward high-intent Google traffic.
EXP0376,P063,Makeup,Lipstick,Mamaearth,Facebook to Google Shift,2025-12-20,2025-12-30,"{""acquisition_mix"": {""Facebook"": {""change_pct"": -3.66, ""new"": 3.0, ""old"": 6.66}, ""Google"": {""change_pct"": 3.66, ""new"": 37.72, ""old"": 34.06}}}",google_source_pct,Increase,7.69,Win,0.68,Budget moved from Facebook to Google for better intent quality.
EXP0377,P080,Haircare,Shampoo,Mamaearth,Paid to Organic Shift,2025-12-20,2025-12-30,"{""acquisition_mix"": {""Google"": {""change_pct"": -4.0, ""new"": 25.01, ""old"": 29.01}, ""Instagram"": {""change_pct"": -4.0, ""new"": 14.49, ""old"": 18.49}, ""Organic"": {""change_pct"": 8.0, ""new"": 36.37, ""old"": 28.37}}, ""marketing_spend"": {""change_pct"": -14.53, ""new"": 6897.77, ""old"": 8070.47}}",organic_source_pct,Increase,29.98,Win,0.853,Paid dependency reduced while organic share is lifted.
EXP0378,P006,Makeup,Lipstick,Minimalist,Acquisition Mix Optimization,2025-10-15,2025-11-23,"{""acquisition_mix"": {""Facebook"": {""change_pct"": -3.0, ""new"": 4.07, ""old"": 7.07}, ""Google"": {""change_pct"": 3.0, ""new"": 32.59, ""old"": 29.59}, ""Organic"": {""change_pct"": 2.0, ""new"": 19.57, ""old"": 17.57}, ""Referral"": {""change_pct"": -2.0, ""new"": 5.39, ""old"": 7.39}}}",conversion_rate,Increase,-2.69,Loss,0.633,Acquisition mix optimized toward higher-converting sources.
EXP0379,P060,Makeup,Lipstick,The Derma Co,Premium Pricing Strategy,2025-09-10,2025-09-28,"{""avg_selling_price"": {""change_pct"": 10.47, ""new"": 298.28, ""old"": 270.0}, ""discount_pct"": {""change_pct"": -18.03, ""new"": 14.42, ""old"": 17.59}}",profit,Increase,10.08,Win,0.716,Premium posture combines higher price with lower promotion depth.
EXP0380,P022,Skincare,Serum,The Derma Co,Aggressive Growth Strategy,2025-08-19,2025-09-03,"{""discount_pct"": {""change_pct"": 73.8, ""new"": 21.05, ""old"": 12.11}, ""marketing_spend"": {""change_pct"": 78.91, ""new"": 11908.0, ""old"": 6655.68}, ""shipping_fee"": {""change_pct"": 0.0, ""new"": 0.0, ""old"": 0.0}}",orders,Increase,26.03,Win,0.747,"Growth strategy combines paid reach, promotion, and reduced friction."
EXP0381,P075,Makeup,Lipstick,The Derma Co,Profit Optimization Strategy,2025-09-22,2025-11-05,"{""discount_pct"": {""change_pct"": -56.31, ""new"": 6.09, ""old"": 13.93}, ""marketing_spend"": {""change_pct"": -17.87, ""new"": 4618.93, ""old"": 5623.81}, ""sales_channel_mix"": {""Amazon"": {""change_pct"": -4.0, ""new"": 27.74, ""old"": 31.74}, ""MobileApp"": {""change_pct"": 3.0, ""new"": 19.97, ""old"": 16.97}, ""Nykaa"": {""change_pct"": -3.0, ""new"": 24.97, ""old"": 27.97}, ""Website"": {""change_pct"": 4.0, ""new"": 27.32, ""old"": 23.32}}}",profit,Increase,152.48,Win,0.892,Profit optimization trims inefficient spend and marketplace dependency.
EXP0382,P097,Skincare,Serum,Mamaearth,Conversion Recovery Strategy,2025-04-29,2025-05-09,"{""campaign_mix"": {""Affiliate"": {""change_pct"": -3.0, ""new"": 7.97, ""old"": 10.97}, ""Email"": {""change_pct"": 3.0, ""new"": 20.08, ""old"": 17.08}, ""Search"": {""change_pct"": 3.0, ""new"": 41.13, ""old"": 38.13}, ""Social"": {""change_pct"": -3.0, ""new"": 30.82, ""old"": 33.82}}, ""discount_pct"": {""change_pct"": 27.49, ""new"": 19.05, ""old"": 14.94}, ""shipping_fee"": {""change_pct"": -40.82, ""new"": 29.0, ""old"": 49.0}}",conversion_rate,Increase,5.63,Inconclusive,0.531,Conversion recovery lowers checkout friction and raises intent messaging.
EXP0383,P047,Haircare,Shampoo,The Derma Co,Inventory Clearance Strategy,2025-08-07,2025-09-07,"{""avg_selling_price"": {""change_pct"": -6.25, ""new"": 468.77, ""old"": 500.0}, ""discount_pct"": {""change_pct"": 72.24, ""new"": 28.68, ""old"": 16.65}}",orders,Increase,50.57,Win,0.96,Clearance strategy accelerates sell-through using price and discount.
EXP0384,P036,Makeup,Lipstick,The Derma Co,D2C Growth Strategy,2025-05-13,2025-06-13,"{""marketing_spend"": {""change_pct"": 22.43, ""new"": 6326.16, ""old"": 5167.01}, ""sales_channel_mix"": {""Amazon"": {""change_pct"": -5.0, ""new"": 27.87, ""old"": 32.87}, ""MobileApp"": {""change_pct"": 5.0, ""new"": 23.64, ""old"": 18.64}, ""Nykaa"": {""change_pct"": -5.0, ""new"": 11.14, ""old"": 16.14}, ""Website"": {""change_pct"": 5.0, ""new"": 37.35, ""old"": 32.35}}}",website_sales_pct,Increase,14.6,Win,0.751,D2C growth moves share toward owned web and app channels.
EXP0385,P033,Makeup,Lipstick,Mamaearth,Price Increase,2025-04-04,2025-05-01,"{""avg_selling_price"": {""change_pct"": 9.35, ""new"": 371.79, ""old"": 340.0}}",profit,Increase,73.82,Win,0.845,Premium price test expects higher unit margin with some demand elasticity.
EXP0386,P005,Haircare,Shampoo,Mamaearth,Price Decrease,2025-10-07,2025-10-31,"{""avg_selling_price"": {""change_pct"": -13.35, ""new"": 415.93, ""old"": 480.0}}",orders,Increase,59.9,Win,0.903,Lower price should improve demand and conversion.
EXP0387,P060,Makeup,Lipstick,The Derma Co,Discount Increase,2025-05-18,2025-06-13,"{""discount_pct"": {""change_pct"": 71.98, ""new"": 31.23, ""old"": 18.16}}",orders,Increase,9.55,Win,0.684,Higher discount should lift orders but may dilute margin.
EXP0388,P036,Makeup,Lipstick,The Derma Co,Discount Decrease,2025-11-21,2025-12-28,"{""discount_pct"": {""change_pct"": -54.24, ""new"": 7.99, ""old"": 17.47}}",profit,Increase,9.76,Inconclusive,0.612,Lower discount tests whether stronger margin offsets order loss.
EXP0389,P079,Skincare,Serum,Minimalist,Shipping Fee Increase,2025-05-05,2025-05-29,"{""shipping_fee"": {""change_pct"": 51.28, ""new"": 59.0, ""old"": 39.0}}",conversion_rate,Decrease,-0.9,Inconclusive,0.588,Higher shipping fee should create checkout friction.
EXP0390,P076,Skincare,Serum,Minimalist,Shipping Fee Decrease,2025-12-06,2025-12-12,"{""shipping_fee"": {""change_pct"": -100.0, ""new"": 0.0, ""old"": 39.0}}",conversion_rate,Increase,-1.7,Inconclusive,0.58,Reduced shipping fee should reduce checkout friction.
EXP0391,P028,Skincare,Serum,Mamaearth,Free Shipping,2025-09-15,2025-09-23,"{""shipping_fee"": {""change_pct"": -100.0, ""new"": 0.0, ""old"": 39.0}}",conversion_rate,Increase,-7.94,Loss,0.655,Free shipping test should increase conversion and order volume.
EXP0392,P065,Haircare,Shampoo,The Derma Co,Marketing Spend Increase,2025-10-10,2025-11-07,"{""marketing_spend"": {""change_pct"": 27.53, ""new"": 9252.75, ""old"": 7255.15}}",traffic,Increase,61.25,Win,0.9,Higher spend should increase traffic through paid reach and lagged adstock.
EXP0393,P054,Makeup,Lipstick,Minimalist,Marketing Spend Decrease,2025-07-25,2025-08-13,"{""marketing_spend"": {""change_pct"": -31.32, ""new"": 5775.8, ""old"": 8409.76}}",current_roas,Increase,28.34,Win,0.869,Spend reduction tests whether inefficient paid traffic can be trimmed.
EXP0394,P070,Skincare,Serum,Mamaearth,Inventory Increase,2025-02-17,2025-03-02,"{""inventory_available"": {""change_pct"": 52.76, ""new"": 3420.37, ""old"": 2239.0}}",orders,Increase,-5.78,Loss,0.709,Higher stock availability should reduce sales capacity constraints.
EXP0395,P094,Skincare,Serum,Minimalist,Inventory Reduction,2025-08-01,2025-08-23,"{""inventory_available"": {""change_pct"": -51.77, ""new"": 906.64, ""old"": 1880.0}}",revenue,Decrease,12.12,Loss,0.725,Lower inventory should cap orders and revenue.
EXP0396,P083,Haircare,Shampoo,Minimalist,Amazon to Website Shift,2025-03-10,2025-03-22,"{""sales_channel_mix"": {""Amazon"": {""change_pct"": -14.21, ""new"": 11.68, ""old"": 25.89}, ""Website"": {""change_pct"": 14.21, ""new"": 52.54, ""old"": 38.33}}}",website_sales_pct,Increase,129.33,Win,0.931,Channel share shifted from marketplace to owned website.
EXP0397,P034,Skincare,Serum,Mamaearth,Website to Amazon Shift,2025-02-18,2025-03-09,"{""sales_channel_mix"": {""Amazon"": {""change_pct"": 11.81, ""new"": 49.51, ""old"": 37.7}, ""Website"": {""change_pct"": -11.81, ""new"": 3.8, ""old"": 15.61}}}",amazon_sales_pct,Increase,32.45,Win,0.873,Channel share shifted toward Amazon for demand capture.
EXP0398,P054,Makeup,Lipstick,Minimalist,Amazon to Mobile App Shift,2025-11-14,2025-12-19,"{""sales_channel_mix"": {""Amazon"": {""change_pct"": -7.83, ""new"": 22.34, ""old"": 30.17}, ""MobileApp"": {""change_pct"": 7.83, ""new"": 27.92, ""old"": 20.09}}}",mobile_app_sales_pct,Increase,37.66,Win,0.96,Marketplace users redirected toward app purchase journeys.
EXP0399,P097,Skincare,Serum,Mamaearth,Website to Mobile App Shift,2025-02-05,2025-02-26,"{""sales_channel_mix"": {""MobileApp"": {""change_pct"": 7.88, ""new"": 19.45, ""old"": 11.57}, ""Website"": {""change_pct"": -7.88, ""new"": 18.06, ""old"": 25.94}}}",mobile_app_sales_pct,Increase,69.88,Win,0.96,Owned web traffic nudged toward app conversion.
EXP0400,P093,Makeup,Lipstick,Minimalist,Channel Mix Optimization,2025-10-14,2025-11-12,"{""sales_channel_mix"": {""Amazon"": {""change_pct"": -5.0, ""new"": 20.24, ""old"": 25.24}, ""MobileApp"": {""change_pct"": 4.0, ""new"": 26.67, ""old"": 22.67}, ""Nykaa"": {""change_pct"": -4.0, ""new"": 22.77, ""old"": 26.77}, ""Website"": {""change_pct"": 5.0, ""new"": 30.32, ""old"": 25.32}}}",current_roas,Increase,21.2,Win,0.687,Mix optimized toward higher-margin owned channels.
EXP0401,P047,Haircare,Shampoo,The Derma Co,Search Increase,2025-04-07,2025-05-11,"{""campaign_mix"": {""Search"": {""change_pct"": 10.52, ""new"": 52.72, ""old"": 42.2}, ""Social"": {""change_pct"": -10.52, ""new"": 15.81, ""old"": 26.33}}}",search_campaign_pct,Increase,26.39,Win,0.927,Search share increased for higher purchase intent.
EXP0402,P048,Makeup,Lipstick,Mamaearth,Social Increase,2025-09-12,2025-09-27,"{""campaign_mix"": {""Search"": {""change_pct"": -8.23, ""new"": 19.19, ""old"": 27.42}, ""Social"": {""change_pct"": 8.23, ""new"": 50.01, ""old"": 41.78}}}",social_campaign_pct,Increase,58.38,Win,0.959,Social share increased for discovery and mid-funnel reach.
EXP0403,P071,Haircare,Shampoo,The Derma Co,Email Increase,2025-10-01,2025-10-07,"{""campaign_mix"": {""Email"": {""change_pct"": 6.45, ""new"": 28.43, ""old"": 21.98}, ""Social"": {""change_pct"": -6.45, ""new"": 19.02, ""old"": 25.47}}}",retention_rate,Increase,-1.04,Inconclusive,0.606,Email share increased to reactivate known buyers.
EXP0404,P089,Haircare,Shampoo,Minimalist,Affiliate Increase,2025-08-22,2025-09-11,"{""campaign_mix"": {""Affiliate"": {""change_pct"": 6.78, ""new"": 10.89, ""old"": 4.11}, ""Search"": {""change_pct"": -6.78, ""new"": 24.87, ""old"": 31.65}}}",affiliate_campaign_pct,Increase,167.82,Win,0.96,Affiliate share increased for deal-led acquisition.
EXP0405,P029,Haircare,Shampoo,Minimalist,Campaign Mix Optimization,2025-04-18,2025-05-17,"{""campaign_mix"": {""Affiliate"": {""change_pct"": -3.0, ""new"": 5.96, ""old"": 8.96}, ""Email"": {""change_pct"": 3.0, ""new"": 27.06, ""old"": 24.06}, ""Search"": {""change_pct"": 4.0, ""new"": 48.0, ""old"": 44.0}, ""Social"": {""change_pct"": -4.0, ""new"": 18.98, ""old"": 22.98}}}",current_ctr,Increase,-1.01,Inconclusive,0.602,Campaign mix optimized toward intent and lifecycle channels.
EXP0406,P057,Makeup,Lipstick,The Derma Co,Google to Instagram Shift,2025-06-05,2025-06-18,"{""acquisition_mix"": {""Google"": {""change_pct"": -11.69, ""new"": 19.59, ""old"": 31.28}, ""Instagram"": {""change_pct"": 11.69, ""new"": 48.35, ""old"": 36.66}}}",instagram_source_pct,Increase,28.61,Win,0.857,Acquisition shifted from search-led to creator and social discovery.
EXP0407,P012,Makeup,Lipstick,The Derma Co,Instagram to Google Shift,2025-03-01,2025-03-16,"{""acquisition_mix"": {""Google"": {""change_pct"": 6.98, ""new"": 35.58, ""old"": 28.6}, ""Instagram"": {""change_pct"": -6.98, ""new"": 29.22, ""old"": 36.2}}}",google_source_pct,Increase,28.43,Win,0.831,Acquisition shifted toward high-intent Google traffic.
EXP0408,P062,Haircare,Shampoo,Minimalist,Facebook to Google Shift,2025-05-10,2025-05-18,"{""acquisition_mix"": {""Facebook"": {""change_pct"": -5.53, ""new"": 3.0, ""old"": 8.53}, ""Google"": {""change_pct"": 5.53, ""new"": 49.31, ""old"": 43.78}}}",google_source_pct,Increase,13.46,Win,0.687,Budget moved from Facebook to Google for better intent quality.
EXP0409,P092,Haircare,Shampoo,Minimalist,Paid to Organic Shift,2025-09-02,2025-09-28,"{""acquisition_mix"": {""Google"": {""change_pct"": -4.0, ""new"": 36.31, ""old"": 40.31}, ""Instagram"": {""change_pct"": -4.0, ""new"": 13.77, ""old"": 17.77}, ""Organic"": {""change_pct"": 8.0, ""new"": 29.18, ""old"": 21.18}}, ""marketing_spend"": {""change_pct"": -12.85, ""new"": 6980.52, ""old"": 8009.62}}",organic_source_pct,Increase,43.91,Win,0.864,Paid dependency reduced while organic share is lifted.
EXP0410,P043,Skincare,Serum,Mamaearth,Acquisition Mix Optimization,2025-10-22,2025-11-08,"{""acquisition_mix"": {""Facebook"": {""change_pct"": -3.0, ""new"": 8.32, ""old"": 11.32}, ""Google"": {""change_pct"": 3.0, ""new"": 59.27, ""old"": 56.27}}}",conversion_rate,Increase,-1.64,Inconclusive,0.581,Acquisition mix optimized toward higher-converting sources.
EXP0411,P034,Skincare,Serum,Mamaearth,Premium Pricing Strategy,2025-01-02,2025-02-09,"{""avg_selling_price"": {""change_pct"": 8.91, ""new"": 784.15, ""old"": 720.0}, ""discount_pct"": {""change_pct"": -43.36, ""new"": 6.28, ""old"": 11.08}}",profit,Increase,213.59,Win,0.937,Premium posture combines higher price with lower promotion depth.
EXP0412,P098,Haircare,Shampoo,The Derma Co,Aggressive Growth Strategy,2025-10-07,2025-11-09,"{""discount_pct"": {""change_pct"": 83.76, ""new"": 19.24, ""old"": 10.47}, ""marketing_spend"": {""change_pct"": 83.58, ""new"": 7474.11, ""old"": 4071.23}, ""shipping_fee"": {""change_pct"": -67.8, ""new"": 19.0, ""old"": 59.0}}",orders,Increase,41.77,Win,0.915,"Growth strategy combines paid reach, promotion, and reduced friction."
EXP0413,P014,Haircare,Shampoo,Minimalist,Profit Optimization Strategy,2025-04-16,2025-05-24,"{""discount_pct"": {""change_pct"": -34.57, ""new"": 13.28, ""old"": 20.29}, ""marketing_spend"": {""change_pct"": -21.57, ""new"": 3875.11, ""old"": 4940.96}, ""sales_channel_mix"": {""Amazon"": {""change_pct"": -4.0, ""new"": 14.49, ""old"": 18.49}, ""MobileApp"": {""change_pct"": 3.0, ""new"": 9.81, ""old"": 6.81}, ""Nykaa"": {""change_pct"": -3.0, ""new"": 19.52, ""old"": 22.52}, ""Website"": {""change_pct"": 4.0, ""new"": 56.18, ""old"": 52.18}}}",profit,Increase,70.65,Win,0.924,Profit optimization trims inefficient spend and marketplace dependency.
EXP0414,P054,Makeup,Lipstick,Minimalist,Conversion Recovery Strategy,2025-08-21,2025-09-08,"{""campaign_mix"": {""Affiliate"": {""change_pct"": -3.0, ""new"": 5.76, ""old"": 8.76}, ""Email"": {""change_pct"": 3.0, ""new"": 10.79, ""old"": 7.79}, ""Search"": {""change_pct"": 3.0, ""new"": 29.42, ""old"": 26.42}, ""Social"": {""change_pct"": -3.0, ""new"": 54.03, ""old"": 57.03}}, ""discount_pct"": {""change_pct"": 15.6, ""new"": 24.01, ""old"": 20.77}, ""shipping_fee"": {""change_pct"": -50.85, ""new"": 29.0, ""old"": 59.0}}",conversion_rate,Increase,12.18,Win,0.722,Conversion recovery lowers checkout friction and raises intent messaging.
EXP0415,P058,Skincare,Serum,Mamaearth,Inventory Clearance Strategy,2025-08-10,2025-08-17,"{""avg_selling_price"": {""change_pct"": -5.83, ""new"": 696.83, ""old"": 740.0}, ""discount_pct"": {""change_pct"": 90.57, ""new"": 26.18, ""old"": 13.74}}",orders,Increase,56.05,Win,0.954,Clearance strategy accelerates sell-through using price and discount.
EXP0416,P044,Haircare,Shampoo,The Derma Co,D2C Growth Strategy,2025-07-23,2025-08-15,"{""marketing_spend"": {""change_pct"": 17.18, ""new"": 11411.7, ""old"": 9738.98}, ""sales_channel_mix"": {""Amazon"": {""change_pct"": -5.0, ""new"": 32.02, ""old"": 37.02}, ""MobileApp"": {""change_pct"": 5.0, ""new"": 22.03, ""old"": 17.03}, ""Nykaa"": {""change_pct"": -5.0, ""new"": 9.66, ""old"": 14.66}, ""Website"": {""change_pct"": 5.0, ""new"": 36.29, ""old"": 31.29}}}",website_sales_pct,Increase,14.96,Win,0.692,D2C growth moves share toward owned web and app channels.
EXP0417,P066,Makeup,Lipstick,Mamaearth,Price Increase,2025-09-04,2025-10-09,"{""avg_selling_price"": {""change_pct"": 8.59, ""new"": 868.7, ""old"": 800.0}}",profit,Increase,148.07,Win,0.893,Premium price test expects higher unit margin with some demand elasticity.
EXP0418,P055,Skincare,Serum,Mamaearth,Price Decrease,2025-06-11,2025-06-23,"{""avg_selling_price"": {""change_pct"": -10.04, ""new"": 863.63, ""old"": 960.0}}",orders,Increase,7.31,Win,0.626,Lower price should improve demand and conversion.
EXP0419,P086,Haircare,Shampoo,The Derma Co,Discount Increase,2025-01-12,2025-01-25,"{""discount_pct"": {""change_pct"": 53.81, ""new"": 23.46, ""old"": 15.25}}",orders,Increase,13.91,Win,0.714,Higher discount should lift orders but may dilute margin.
EXP0420,P052,Skincare,Serum,Mamaearth,Discount Decrease,2025-09-30,2025-10-22,"{""discount_pct"": {""change_pct"": -36.99, ""new"": 10.26, ""old"": 16.29}}",profit,Increase,54.19,Win,0.96,Lower discount tests whether stronger margin offsets order loss.
EXP0421,P042,Makeup,Lipstick,Mamaearth,Shipping Fee Increase,2025-10-11,2025-11-09,"{""shipping_fee"": {""change_pct"": 57.97, ""new"": 109.0, ""old"": 69.0}}",conversion_rate,Decrease,-9.72,Win,0.666,Higher shipping fee should create checkout friction.
EXP0422,P006,Makeup,Lipstick,Minimalist,Shipping Fee Decrease,2025-03-04,2025-03-11,"{""shipping_fee"": {""change_pct"": -76.92, ""new"": 9.0, ""old"": 39.0}}",conversion_rate,Increase,10.77,Win,0.694,Reduced shipping fee should reduce checkout friction.
EXP0423,P038,Haircare,Shampoo,Minimalist,Free Shipping,2025-07-06,2025-07-13,"{""shipping_fee"": {""change_pct"": -100.0, ""new"": 0.0, ""old"": 49.0}}",conversion_rate,Increase,-0.27,Inconclusive,0.525,Free shipping test should increase conversion and order volume.
EXP0424,P049,Skincare,Serum,Mamaearth,Marketing Spend Increase,2025-12-18,2025-12-25,"{""marketing_spend"": {""change_pct"": 36.32, ""new"": 19147.04, ""old"": 14045.97}}",traffic,Increase,23.55,Win,0.848,Higher spend should increase traffic through paid reach and lagged adstock.
EXP0425,P014,Haircare,Shampoo,Minimalist,Marketing Spend Decrease,2025-08-17,2025-09-16,"{""marketing_spend"": {""change_pct"": -34.89, ""new"": 5698.55, ""old"": 8751.61}}",current_roas,Increase,5.43,Win,0.626,Spend reduction tests whether inefficient paid traffic can be trimmed.
EXP0426,P096,Makeup,Lipstick,Minimalist,Inventory Increase,2025-02-27,2025-03-11,"{""inventory_available"": {""change_pct"": 52.19, ""new"": 2917.42, ""old"": 1917.0}}",orders,Increase,38.27,Win,0.861,Higher stock availability should reduce sales capacity constraints.
EXP0427,P096,Makeup,Lipstick,Minimalist,Inventory Reduction,2025-11-01,2025-11-08,"{""inventory_available"": {""change_pct"": -62.15, ""new"": 649.52, ""old"": 1716.0}}",revenue,Decrease,-43.71,Win,0.96,Lower inventory should cap orders and revenue.
EXP0428,P028,Skincare,Serum,Mamaearth,Amazon to Website Shift,2025-10-25,2025-11-09,"{""sales_channel_mix"": {""Amazon"": {""change_pct"": -8.84, ""new"": 38.39, ""old"": 47.23}, ""Website"": {""change_pct"": 8.84, ""new"": 24.34, ""old"": 15.5}}}",website_sales_pct,Increase,48.72,Win,0.883,Channel share shifted from marketplace to owned website.
EXP0429,P012,Makeup,Lipstick,The Derma Co,Website to Amazon Shift,2025-11-02,2025-11-22,"{""sales_channel_mix"": {""Amazon"": {""change_pct"": 11.66, ""new"": 32.34, ""old"": 20.68}, ""Website"": {""change_pct"": -11.66, ""new"": 26.62, ""old"": 38.28}}}",amazon_sales_pct,Increase,121.8,Win,0.953,Channel share shifted toward Amazon for demand capture.
EXP0430,P059,Haircare,Shampoo,Mamaearth,Amazon to Mobile App Shift,2025-01-29,2025-02-12,"{""sales_channel_mix"": {""Amazon"": {""change_pct"": -7.52, ""new"": 46.37, ""old"": 53.89}, ""MobileApp"": {""change_pct"": 7.52, ""new"": 23.6, ""old"": 16.08}}}",mobile_app_sales_pct,Increase,45.75,Win,0.931,Marketplace users redirected toward app purchase journeys.
EXP0431,P013,Skincare,Serum,Mamaearth,Website to Mobile App Shift,2025-07-27,2025-08-26,"{""sales_channel_mix"": {""MobileApp"": {""change_pct"": 13.83, ""new"": 17.52, ""old"": 3.69}, ""Website"": {""change_pct"": -13.83, ""new"": 4.51, ""old"": 18.34}}}",mobile_app_sales_pct,Increase,452.02,Win,0.96,Owned web traffic nudged toward app conversion.
EXP0432,P044,Haircare,Shampoo,The Derma Co,Channel Mix Optimization,2025-04-20,2025-05-12,"{""sales_channel_mix"": {""Amazon"": {""change_pct"": -5.0, ""new"": 34.15, ""old"": 39.15}, ""MobileApp"": {""change_pct"": 4.0, ""new"": 20.78, ""old"": 16.78}, ""Nykaa"": {""change_pct"": -4.0, ""new"": 10.41, ""old"": 14.41}, ""Website"": {""change_pct"": 5.0, ""new"": 34.66, ""old"": 29.66}}}",current_roas,Increase,-20.42,Loss,0.785,Mix optimized toward higher-margin owned channels.
EXP0433,P081,Makeup,Lipstick,The Derma Co,Search Increase,2025-10-20,2025-11-07,"{""campaign_mix"": {""Search"": {""change_pct"": 10.93, ""new"": 42.75, ""old"": 31.82}, ""Social"": {""change_pct"": -10.93, ""new"": 30.38, ""old"": 41.31}}}",search_campaign_pct,Increase,39.93,Win,0.904,Search share increased for higher purchase intent.
EXP0434,P099,Makeup,Lipstick,The Derma Co,Social Increase,2025-02-18,2025-03-09,"{""campaign_mix"": {""Search"": {""change_pct"": -6.36, ""new"": 19.55, ""old"": 25.91}, ""Social"": {""change_pct"": 6.36, ""new"": 56.24, ""old"": 49.88}}}",social_campaign_pct,Increase,8.87,Win,0.703,Social share increased for discovery and mid-funnel reach.
EXP0435,P081,Makeup,Lipstick,The Derma Co,Email Increase,2025-01-21,2025-03-02,"{""campaign_mix"": {""Email"": {""change_pct"": 9.19, ""new"": 18.94, ""old"": 9.75}, ""Social"": {""change_pct"": -9.19, ""new"": 32.05, ""old"": 41.24}}}",retention_rate,Increase,2.83,Inconclusive,0.604,Email share increased to reactivate known buyers.
EXP0436,P030,Makeup,Lipstick,Mamaearth,Affiliate Increase,2025-07-19,2025-08-25,"{""campaign_mix"": {""Affiliate"": {""change_pct"": 5.84, ""new"": 14.55, ""old"": 8.71}, ""Search"": {""change_pct"": -5.84, ""new"": 16.54, ""old"": 22.38}}}",affiliate_campaign_pct,Increase,60.7,Win,0.96,Affiliate share increased for deal-led acquisition.
EXP0437,P085,Skincare,Serum,The Derma Co,Campaign Mix Optimization,2025-08-11,2025-09-10,"{""campaign_mix"": {""Search"": {""change_pct"": 4.0, ""new"": 47.14, ""old"": 43.14}, ""Social"": {""change_pct"": -4.0, ""new"": 29.76, ""old"": 33.76}}}",current_ctr,Increase,-1.41,Inconclusive,0.575,Campaign mix optimized toward intent and lifecycle channels.
EXP0438,P030,Makeup,Lipstick,Mamaearth,Google to Instagram Shift,2025-05-27,2025-06-17,"{""acquisition_mix"": {""Google"": {""change_pct"": -11.91, ""new"": 33.78, ""old"": 45.69}, ""Instagram"": {""change_pct"": 11.91, ""new"": 38.17, ""old"": 26.26}}}",instagram_source_pct,Increase,39.44,Win,0.94,Acquisition shifted from search-led to creator and social discovery.
EXP0439,P075,Makeup,Lipstick,The Derma Co,Instagram to Google Shift,2025-07-17,2025-08-17,"{""acquisition_mix"": {""Google"": {""change_pct"": 7.26, ""new"": 27.73, ""old"": 20.47}, ""Instagram"": {""change_pct"": -7.26, ""new"": 33.03, ""old"": 40.29}}}",google_source_pct,Increase,54.82,Win,0.905,Acquisition shifted toward high-intent Google traffic.
EXP0440,P038,Haircare,Shampoo,Minimalist,Facebook to Google Shift,2025-02-16,2025-02-23,"{""acquisition_mix"": {""Facebook"": {""change_pct"": -7.35, ""new"": 7.04, ""old"": 14.39}, ""Google"": {""change_pct"": 7.35, ""new"": 49.48, ""old"": 42.13}}}",google_source_pct,Increase,17.87,Win,0.801,Budget moved from Facebook to Google for better intent quality.
EXP0441,P057,Makeup,Lipstick,The Derma Co,Paid to Organic Shift,2025-07-16,2025-08-21,"{""acquisition_mix"": {""Google"": {""change_pct"": -4.0, ""new"": 26.24, ""old"": 30.24}, ""Instagram"": {""change_pct"": -4.0, ""new"": 33.25, ""old"": 37.25}, ""Organic"": {""change_pct"": 8.0, ""new"": 16.38, ""old"": 8.38}}, ""marketing_spend"": {""change_pct"": -13.47, ""new"": 6983.65, ""old"": 8070.5}}",organic_source_pct,Increase,90.49,Win,0.96,Paid dependency reduced while organic share is lifted.
EXP0442,P090,Makeup,Lipstick,Minimalist,Acquisition Mix Optimization,2025-06-30,2025-07-27,"{""acquisition_mix"": {""Facebook"": {""change_pct"": -3.0, ""new"": 16.79, ""old"": 19.79}, ""Google"": {""change_pct"": 3.0, ""new"": 27.96, ""old"": 24.96}, ""Organic"": {""change_pct"": 1.26, ""new"": 9.51, ""old"": 8.25}, ""Referral"": {""change_pct"": -1.26, ""new"": 3.0, ""old"": 4.26}}}",conversion_rate,Increase,2.57,Inconclusive,0.614,Acquisition mix optimized toward higher-converting sources.
EXP0443,P029,Haircare,Shampoo,Minimalist,Premium Pricing Strategy,2025-09-18,2025-09-24,"{""avg_selling_price"": {""change_pct"": 8.35, ""new"": 725.94, ""old"": 670.0}, ""discount_pct"": {""change_pct"": -36.64, ""new"": 7.95, ""old"": 12.55}}",profit,Increase,-8.27,Inconclusive,0.597,Premium posture combines higher price with lower promotion depth.
EXP0444,P046,Skincare,Serum,Mamaearth,Aggressive Growth Strategy,2025-09-22,2025-09-29,"{""discount_pct"": {""change_pct"": 89.33, ""new"": 22.08, ""old"": 11.66}, ""marketing_spend"": {""change_pct"": 78.06, ""new"": 9154.4, ""old"": 5141.25}, ""shipping_fee"": {""change_pct"": -33.9, ""new"": 39.0, ""old"": 59.0}}",orders,Increase,72.73,Win,0.926,"Growth strategy combines paid reach, promotion, and reduced friction."
EXP0445,P065,Haircare,Shampoo,The Derma Co,Profit Optimization Strategy,2025-07-21,2025-08-05,"{""discount_pct"": {""change_pct"": -60.68, ""new"": 5.67, ""old"": 14.42}, ""marketing_spend"": {""change_pct"": -14.64, ""new"": 3649.46, ""old"": 4275.37}, ""sales_channel_mix"": {""Amazon"": {""change_pct"": -4.0, ""new"": 18.61, ""old"": 22.61}, ""MobileApp"": {""change_pct"": 3.0, ""new"": 24.24, ""old"": 21.24}, ""Nykaa"": {""change_pct"": -3.0, ""new"": 11.02, ""old"": 14.02}, ""Website"": {""change_pct"": 4.0, ""new"": 46.13, ""old"": 42.13}}}",profit,Increase,14.82,Win,0.721,Profit optimization trims inefficient spend and marketplace dependency.
EXP0446,P089,Haircare,Shampoo,Minimalist,Conversion Recovery Strategy,2025-07-19,2025-08-01,"{""campaign_mix"": {""Affiliate"": {""change_pct"": -1.03, ""new"": 3.0, ""old"": 4.03}, ""Email"": {""change_pct"": 1.03, ""new"": 45.1, ""old"": 44.07}, ""Search"": {""change_pct"": 3.0, ""new"": 34.27, ""old"": 31.27}, ""Social"": {""change_pct"": -3.0, ""new"": 17.63, ""old"": 20.63}}, ""discount_pct"": {""change_pct"": 50.98, ""new"": 21.26, ""old"": 14.08}, ""shipping_fee"": {""change_pct"": -57.97, ""new"": 29.0, ""old"": 69.0}}",conversion_rate,Increase,31.06,Win,0.879,Conversion recovery lowers checkout friction and raises intent messaging.
EXP0447,P031,Skincare,Serum,Mamaearth,Inventory Clearance Strategy,2025-09-16,2025-10-09,"{""avg_selling_price"": {""change_pct"": -8.53, ""new"": 777.5, ""old"": 850.0}, ""discount_pct"": {""change_pct"": 110.88, ""new"": 20.14, ""old"": 9.55}}",orders,Increase,38.5,Win,0.957,Clearance strategy accelerates sell-through using price and discount.
EXP0448,P002,Haircare,Shampoo,The Derma Co,D2C Growth Strategy,2025-02-24,2025-03-03,"{""marketing_spend"": {""change_pct"": 25.23, ""new"": 6891.38, ""old"": 5503.04}, ""sales_channel_mix"": {""Amazon"": {""change_pct"": -5.0, ""new"": 21.18, ""old"": 26.18}, ""MobileApp"": {""change_pct"": 5.0, ""new"": 18.7, ""old"": 13.7}, ""Nykaa"": {""change_pct"": -5.0, ""new"": 17.32, ""old"": 22.32}, ""Website"": {""change_pct"": 5.0, ""new"": 42.8, ""old"": 37.8}}}",website_sales_pct,Increase,0.7,Loss,0.627,D2C growth moves share toward owned web and app channels.
EXP0449,P031,Skincare,Serum,Mamaearth,Price Increase,2025-11-04,2025-11-30,"{""avg_selling_price"": {""change_pct"": 9.91, ""new"": 934.24, ""old"": 850.0}}",profit,Increase,1.71,Inconclusive,0.606,Premium price test expects higher unit margin with some demand elasticity.
EXP0450,P041,Haircare,Shampoo,Minimalist,Price Decrease,2025-09-05,2025-10-11,"{""avg_selling_price"": {""change_pct"": -8.68, ""new"": 301.34, ""old"": 330.0}}",orders,Increase,3.78,Inconclusive,0.605,Lower price should improve demand and conversion.
EXP0451,P085,Skincare,Serum,The Derma Co,Discount Increase,2025-07-13,2025-07-31,"{""discount_pct"": {""change_pct"": 78.29, ""new"": 25.35, ""old"": 14.22}}",orders,Increase,21.47,Win,0.795,Higher discount should lift orders but may dilute margin.
EXP0452,P065,Haircare,Shampoo,The Derma Co,Discount Decrease,2025-09-06,2025-09-30,"{""discount_pct"": {""change_pct"": -44.17, ""new"": 7.36, ""old"": 13.18}}",profit,Increase,13.51,Win,0.625,Lower discount tests whether stronger margin offsets order loss.
EXP0453,P006,Makeup,Lipstick,Minimalist,Shipping Fee Increase,2025-02-12,2025-02-28,"{""shipping_fee"": {""change_pct"": 51.28, ""new"": 59.0, ""old"": 39.0}}",conversion_rate,Decrease,-5.69,Win,0.636,Higher shipping fee should create checkout friction.
EXP0454,P014,Haircare,Shampoo,Minimalist,Shipping Fee Decrease,2025-10-09,2025-10-24,"{""shipping_fee"": {""change_pct"": -81.63, ""new"": 9.0, ""old"": 49.0}}",conversion_rate,Increase,15.71,Win,0.705,Reduced shipping fee should reduce checkout friction.
EXP0455,P008,Haircare,Shampoo,Mamaearth,Free Shipping,2025-06-25,2025-07-12,"{""shipping_fee"": {""change_pct"": -100.0, ""new"": 0.0, ""old"": 59.0}}",conversion_rate,Increase,19.4,Win,0.737,Free shipping test should increase conversion and order volume.
EXP0456,P097,Skincare,Serum,Mamaearth,Marketing Spend Increase,2025-08-25,2025-09-20,"{""marketing_spend"": {""change_pct"": 25.7, ""new"": 5959.8, ""old"": 4741.44}}",traffic,Increase,-4.79,Loss,0.629,Higher spend should increase traffic through paid reach and lagged adstock.
EXP0457,P093,Makeup,Lipstick,Minimalist,Marketing Spend Decrease,2025-04-10,2025-04-19,"{""marketing_spend"": {""change_pct"": -26.52, ""new"": 5826.57, ""old"": 7929.59}}",current_roas,Increase,34.19,Win,0.907,Spend reduction tests whether inefficient paid traffic can be trimmed.
EXP0458,P061,Skincare,Serum,Minimalist,Inventory Increase,2025-06-25,2025-08-01,"{""inventory_available"": {""change_pct"": 42.89, ""new"": 1214.54, ""old"": 850.0}}",orders,Increase,-6.65,Loss,0.661,Higher stock availability should reduce sales capacity constraints.
EXP0459,P063,Makeup,Lipstick,Mamaearth,Inventory Reduction,2025-01-24,2025-02-13,"{""inventory_available"": {""change_pct"": -45.69, ""new"": 459.97, ""old"": 847.0}}",revenue,Decrease,13.33,Loss,0.693,Lower inventory should cap orders and revenue.
EXP0460,P052,Skincare,Serum,Mamaearth,Amazon to Website Shift,2025-12-09,2025-12-25,"{""sales_channel_mix"": {""Amazon"": {""change_pct"": -15.84, ""new"": 28.54, ""old"": 44.38}, ""Website"": {""change_pct"": 15.84, ""new"": 43.04, ""old"": 27.2}}}",website_sales_pct,Increase,51.63,Win,0.927,Channel share shifted from marketplace to owned website.
EXP0461,P047,Haircare,Shampoo,The Derma Co,Website to Amazon Shift,2025-01-17,2025-02-08,"{""sales_channel_mix"": {""Amazon"": {""change_pct"": 13.54, ""new"": 50.31, ""old"": 36.77}, ""Website"": {""change_pct"": -13.54, ""new"": 17.22, ""old"": 30.76}}}",amazon_sales_pct,Increase,30.65,Win,0.856,Channel share shifted toward Amazon for demand capture.
EXP0462,P066,Makeup,Lipstick,Mamaearth,Amazon to Mobile App Shift,2025-01-09,2025-01-24,"{""sales_channel_mix"": {""Amazon"": {""change_pct"": -8.49, ""new"": 37.81, ""old"": 46.3}, ""MobileApp"": {""change_pct"": 8.49, ""new"": 12.16, ""old"": 3.67}}}",mobile_app_sales_pct,Increase,215.64,Win,0.943,Marketplace users redirected toward app purchase journeys.
EXP0463,P059,Haircare,Shampoo,Mamaearth,Website to Mobile App Shift,2025-09-24,2025-10-24,"{""sales_channel_mix"": {""MobileApp"": {""change_pct"": 10.8, ""new"": 27.8, ""old"": 17.0}, ""Website"": {""change_pct"": -10.8, ""new"": 9.64, ""old"": 20.44}}}",mobile_app_sales_pct,Increase,60.21,Win,0.96,Owned web traffic nudged toward app conversion.
EXP0464,P080,Haircare,Shampoo,Mamaearth,Channel Mix Optimization,2025-02-02,2025-02-25,"{""sales_channel_mix"": {""Amazon"": {""change_pct"": -5.0, ""new"": 34.71, ""old"": 39.71}, ""MobileApp"": {""change_pct"": 4.0, ""new"": 10.56, ""old"": 6.56}, ""Nykaa"": {""change_pct"": -4.0, ""new"": 25.64, ""old"": 29.64}, ""Website"": {""change_pct"": 5.0, ""new"": 29.09, ""old"": 24.09}}}",current_roas,Increase,-1.96,Inconclusive,0.603,Mix optimized toward higher-margin owned channels.
EXP0465,P013,Skincare,Serum,Mamaearth,Search Increase,2025-04-04,2025-04-23,"{""campaign_mix"": {""Search"": {""change_pct"": 11.84, ""new"": 54.29, ""old"": 42.45}, ""Social"": {""change_pct"": -11.84, ""new"": 13.22, ""old"": 25.06}}}",search_campaign_pct,Increase,19.97,Win,0.786,Search share increased for higher purchase intent.
EXP0466,P062,Haircare,Shampoo,Minimalist,Social Increase,2025-10-30,2025-11-27,"{""campaign_mix"": {""Search"": {""change_pct"": -9.18, ""new"": 23.54, ""old"": 32.72}, ""Social"": {""change_pct"": 9.18, ""new"": 35.05, ""old"": 25.87}}}",social_campaign_pct,Increase,44.8,Win,0.84,Social share increased for discovery and mid-funnel reach.
EXP0467,P100,Skincare,Serum,The Derma Co,Email Increase,2025-06-07,2025-06-21,"{""campaign_mix"": {""Email"": {""change_pct"": 10.84, ""new"": 32.97, ""old"": 22.13}, ""Social"": {""change_pct"": -10.84, ""new"": 33.4, ""old"": 44.24}}}",retention_rate,Increase,-1.23,Loss,0.622,Email share increased to reactivate known buyers.
EXP0468,P048,Makeup,Lipstick,Mamaearth,Affiliate Increase,2025-11-06,2025-11-29,"{""campaign_mix"": {""Affiliate"": {""change_pct"": 9.49, ""new"": 29.2, ""old"": 19.71}, ""Search"": {""change_pct"": -9.49, ""new"": 17.95, ""old"": 27.44}}}",affiliate_campaign_pct,Increase,46.66,Win,0.947,Affiliate share increased for deal-led acquisition.
EXP0469,P034,Skincare,Serum,Mamaearth,Campaign Mix Optimization,2025-06-29,2025-07-11,"{""campaign_mix"": {""Affiliate"": {""change_pct"": -2.48, ""new"": 3.0, ""old"": 5.48}, ""Email"": {""change_pct"": 2.48, ""new"": 11.73, ""old"": 9.25}, ""Search"": {""change_pct"": 4.0, ""new"": 60.35, ""old"": 56.35}, ""Social"": {""change_pct"": -4.0, ""new"": 24.92, ""old"": 28.92}}}",current_ctr,Increase,0.55,Inconclusive,0.605,Campaign mix optimized toward intent and lifecycle channels.
EXP0470,P099,Makeup,Lipstick,The Derma Co,Google to Instagram Shift,2025-09-23,2025-10-09,"{""acquisition_mix"": {""Google"": {""change_pct"": -12.85, ""new"": 13.13, ""old"": 25.98}, ""Instagram"": {""change_pct"": 12.85, ""new"": 51.76, ""old"": 38.91}}}",instagram_source_pct,Increase,44.6,Win,0.96,Acquisition shifted from search-led to creator and social discovery.
EXP0471,P070,Skincare,Serum,Mamaearth,Instagram to Google Shift,2025-06-08,2025-06-19,"{""acquisition_mix"": {""Google"": {""change_pct"": 6.51, ""new"": 66.26, ""old"": 59.75}, ""Instagram"": {""change_pct"": -6.51, ""new"": 6.6, ""old"": 13.11}}}",google_source_pct,Increase,11.14,Win,0.625,Acquisition shifted toward high-intent Google traffic.
EXP0472,P050,Haircare,Shampoo,Minimalist,Facebook to Google Shift,2025-09-12,2025-10-02,"{""acquisition_mix"": {""Facebook"": {""change_pct"": -7.34, ""new"": 3.0, ""old"": 10.34}, ""Google"": {""change_pct"": 7.34, ""new"": 48.28, ""old"": 40.94}}}",google_source_pct,Increase,16.5,Win,0.699,Budget moved from Facebook to Google for better intent quality.
EXP0473,P053,Haircare,Shampoo,Mamaearth,Paid to Organic Shift,2025-12-17,2025-12-23,"{""acquisition_mix"": {""Google"": {""change_pct"": -4.0, ""new"": 19.94, ""old"": 23.94}, ""Instagram"": {""change_pct"": -4.0, ""new"": 22.61, ""old"": 26.61}, ""Organic"": {""change_pct"": 8.0, ""new"": 31.21, ""old"": 23.21}}, ""marketing_spend"": {""change_pct"": -25.0, ""new"": 5091.39, ""old"": 6788.53}}",organic_source_pct,Increase,37.64,Win,0.892,Paid dependency reduced while organic share is lifted.
EXP0474,P066,Makeup,Lipstick,Mamaearth,Acquisition Mix Optimization,2025-11-26,2025-12-05,"{""acquisition_mix"": {""Facebook"": {""change_pct"": -3.0, ""new"": 6.53, ""old"": 9.53}, ""Google"": {""change_pct"": 3.0, ""new"": 41.57, ""old"": 38.57}, ""Organic"": {""change_pct"": 1.47, ""new"": 9.47, ""old"": 8.0}, ""Referral"": {""change_pct"": -1.47, ""new"": 3.0, ""old"": 4.47}}}",conversion_rate,Increase,1.13,Inconclusive,0.574,Acquisition mix optimized toward higher-converting sources.
EXP0475,P073,Skincare,Serum,Minimalist,Premium Pricing Strategy,2025-11-09,2025-12-05,"{""avg_selling_price"": {""change_pct"": 9.03, ""new"": 1264.8, ""old"": 1160.0}, ""discount_pct"": {""change_pct"": -54.0, ""new"": 6.26, ""old"": 13.61}}",profit,Increase,11.86,Win,0.727,Premium posture combines higher price with lower promotion depth.
EXP0476,P065,Haircare,Shampoo,The Derma Co,Aggressive Growth Strategy,2025-01-01,2025-01-19,"{""discount_pct"": {""change_pct"": 72.46, ""new"": 27.54, ""old"": 15.97}, ""marketing_spend"": {""change_pct"": 61.77, ""new"": 6675.0, ""old"": 4126.3}, ""shipping_fee"": {""change_pct"": -67.8, ""new"": 19.0, ""old"": 59.0}}",orders,Increase,25.84,Win,0.933,"Growth strategy combines paid reach, promotion, and reduced friction."
EXP0477,P091,Skincare,Serum,Minimalist,Profit Optimization Strategy,2025-01-19,2025-02-06,"{""discount_pct"": {""change_pct"": -70.59, ""new"": 3.32, ""old"": 11.3}, ""marketing_spend"": {""change_pct"": -19.74, ""new"": 7421.13, ""old"": 9246.08}, ""sales_channel_mix"": {""Amazon"": {""change_pct"": -4.0, ""new"": 24.96, ""old"": 28.96}, ""MobileApp"": {""change_pct"": 3.0, ""new"": 12.85, ""old"": 9.85}, ""Nykaa"": {""change_pct"": -3.0, ""new"": 20.88, ""old"": 23.88}, ""Website"": {""change_pct"": 4.0, ""new"": 41.31, ""old"": 37.31}}}",profit,Increase,4.13,Win,0.639,Profit optimization trims inefficient spend and marketplace dependency.
EXP0478,P011,Haircare,Shampoo,Mamaearth,Conversion Recovery Strategy,2025-01-30,2025-03-03,"{""campaign_mix"": {""Affiliate"": {""change_pct"": -3.0, ""new"": 26.22, ""old"": 29.22}, ""Email"": {""change_pct"": 3.0, ""new"": 15.45, ""old"": 12.45}, ""Search"": {""change_pct"": 3.0, ""new"": 27.35, ""old"": 24.35}, ""Social"": {""change_pct"": -3.0, ""new"": 30.98, ""old"": 33.98}}, ""discount_pct"": {""change_pct"": 40.15, ""new"": 18.93, ""old"": 13.51}, ""shipping_fee"": {""change_pct"": -28.99, ""new"": 49.0, ""old"": 69.0}}",conversion_rate,Increase,15.37,Win,0.795,Conversion recovery lowers checkout friction and raises intent messaging.
EXP0479,P072,Makeup,Lipstick,Mamaearth,Inventory Clearance Strategy,2025-07-30,2025-08-10,"{""avg_selling_price"": {""change_pct"": -9.48, ""new"": 271.55, ""old"": 300.0}, ""discount_pct"": {""change_pct"": 78.8, ""new"": 38.03, ""old"": 21.27}}",orders,Increase,3.26,Inconclusive,0.595,Clearance strategy accelerates sell-through using price and discount.
EXP0480,P053,Haircare,Shampoo,Mamaearth,D2C Growth Strategy,2025-03-19,2025-04-23,"{""marketing_spend"": {""change_pct"": 31.42, ""new"": 5292.38, ""old"": 4026.99}, ""sales_channel_mix"": {""Amazon"": {""change_pct"": -5.0, ""new"": 29.54, ""old"": 34.54}, ""MobileApp"": {""change_pct"": 5.0, ""new"": 14.07, ""old"": 9.07}, ""Nykaa"": {""change_pct"": -5.0, ""new"": 13.67, ""old"": 18.67}, ""Website"": {""change_pct"": 5.0, ""new"": 42.72, ""old"": 37.72}}}",website_sales_pct,Increase,15.77,Win,0.738,D2C growth moves share toward owned web and app channels.
EXP0481,P083,Haircare,Shampoo,Minimalist,Price Increase,2025-09-09,2025-10-16,"{""avg_selling_price"": {""change_pct"": 14.85, ""new"": 597.22, ""old"": 520.0}}",profit,Increase,67.39,Win,0.899,Premium price test expects higher unit margin with some demand elasticity.
EXP0482,P041,Haircare,Shampoo,Minimalist,Price Decrease,2025-06-25,2025-07-19,"{""avg_selling_price"": {""change_pct"": -13.07, ""new"": 286.87, ""old"": 330.0}}",orders,Increase,13.87,Win,0.791,Lower price should improve demand and conversion.
EXP0483,P006,Makeup,Lipstick,Minimalist,Discount Increase,2025-04-15,2025-05-29,"{""discount_pct"": {""change_pct"": 56.52, ""new"": 32.35, ""old"": 20.67}}",orders,Increase,37.73,Win,0.928,Higher discount should lift orders but may dilute margin.
EXP0484,P038,Haircare,Shampoo,Minimalist,Discount Decrease,2025-05-01,2025-06-03,"{""discount_pct"": {""change_pct"": -81.71, ""new"": 2.15, ""old"": 11.75}}",profit,Increase,-35.73,Loss,0.957,Lower discount tests whether stronger margin offsets order loss.
EXP0485,P004,Skincare,Serum,The Derma Co,Shipping Fee Increase,2025-07-04,2025-07-13,"{""shipping_fee"": {""change_pct"": 40.82, ""new"": 69.0, ""old"": 49.0}}",conversion_rate,Decrease,-3.13,Win,0.622,Higher shipping fee should create checkout friction.
EXP0486,P056,Haircare,Shampoo,The Derma Co,Shipping Fee Decrease,2025-01-20,2025-02-13,"{""shipping_fee"": {""change_pct"": -28.99, ""new"": 49.0, ""old"": 69.0}}",conversion_rate,Increase,-4.41,Inconclusive,0.597,Reduced shipping fee should reduce checkout friction.
EXP0487,P049,Skincare,Serum,Mamaearth,Free Shipping,2025-06-21,2025-07-12,"{""shipping_fee"": {""change_pct"": -100.0, ""new"": 0.0, ""old"": 69.0}}",conversion_rate,Increase,11.25,Win,0.662,Free shipping test should increase conversion and order volume.
EXP0488,P004,Skincare,Serum,The Derma Co,Marketing Spend Increase,2025-07-31,2025-08-28,"{""marketing_spend"": {""change_pct"": 35.47, ""new"": 7644.54, ""old"": 5643.03}}",traffic,Increase,12.73,Win,0.75,Higher spend should increase traffic through paid reach and lagged adstock.
EXP0489,P068,Haircare,Shampoo,Mamaearth,Marketing Spend Decrease,2025-04-29,2025-05-24,"{""marketing_spend"": {""change_pct"": -40.34, ""new"": 5235.85, ""old"": 8776.32}}",current_roas,Increase,40.46,Win,0.96,Spend reduction tests whether inefficient paid traffic can be trimmed.
EXP0490,P019,Skincare,Serum,Mamaearth,Inventory Increase,2025-07-25,2025-08-01,"{""inventory_available"": {""change_pct"": 62.71, ""new"": 1633.63, ""old"": 1004.0}}",orders,Increase,0.47,Inconclusive,0.581,Higher stock availability should reduce sales capacity constraints.
EXP0491,P015,Makeup,Lipstick,Minimalist,Inventory Reduction,2025-07-12,2025-07-31,"{""inventory_available"": {""change_pct"": -58.5, ""new"": 352.71, ""old"": 850.0}}",revenue,Decrease,11.05,Loss,0.771,Lower inventory should cap orders and revenue.
EXP0492,P049,Skincare,Serum,Mamaearth,Amazon to Website Shift,2025-02-22,2025-03-28,"{""sales_channel_mix"": {""Amazon"": {""change_pct"": -11.41, ""new"": 28.22, ""old"": 39.63}, ""Website"": {""change_pct"": 11.41, ""new"": 39.27, ""old"": 27.86}}}",website_sales_pct,Increase,38.11,Win,0.878,Channel share shifted from marketplace to owned website.
EXP0493,P022,Skincare,Serum,The Derma Co,Website to Amazon Shift,2025-06-29,2025-07-07,"{""sales_channel_mix"": {""Amazon"": {""change_pct"": 13.92, ""new"": 65.66, ""old"": 51.74}, ""Website"": {""change_pct"": -13.92, ""new"": 9.94, ""old"": 23.86}}}",amazon_sales_pct,Increase,26.7,Win,0.834,Channel share shifted toward Amazon for demand capture.
EXP0494,P079,Skincare,Serum,Minimalist,Amazon to Mobile App Shift,2025-01-19,2025-02-17,"{""sales_channel_mix"": {""Amazon"": {""change_pct"": -9.85, ""new"": 31.51, ""old"": 41.36}, ""MobileApp"": {""change_pct"": 9.85, ""new"": 19.65, ""old"": 9.8}}}",mobile_app_sales_pct,Increase,110.36,Win,0.96,Marketplace users redirected toward app purchase journeys.
EXP0495,P051,Makeup,Lipstick,Mamaearth,Website to Mobile App Shift,2025-07-29,2025-09-06,"{""sales_channel_mix"": {""MobileApp"": {""change_pct"": 7.34, ""new"": 19.54, ""old"": 12.2}, ""Website"": {""change_pct"": -7.34, ""new"": 21.24, ""old"": 28.58}}}",mobile_app_sales_pct,Increase,57.14,Win,0.96,Owned web traffic nudged toward app conversion.
EXP0496,P078,Makeup,Lipstick,Minimalist,Channel Mix Optimization,2025-03-03,2025-04-15,"{""sales_channel_mix"": {""Amazon"": {""change_pct"": -5.0, ""new"": 35.23, ""old"": 40.23}, ""MobileApp"": {""change_pct"": 4.0, ""new"": 12.49, ""old"": 8.49}, ""Nykaa"": {""change_pct"": -4.0, ""new"": 10.46, ""old"": 14.46}, ""Website"": {""change_pct"": 5.0, ""new"": 41.82, ""old"": 36.82}}}",current_roas,Increase,-3.95,Loss,0.652,Mix optimized toward higher-margin owned channels.
EXP0497,P063,Makeup,Lipstick,Mamaearth,Search Increase,2025-07-23,2025-08-01,"{""campaign_mix"": {""Search"": {""change_pct"": 10.12, ""new"": 36.16, ""old"": 26.04}, ""Social"": {""change_pct"": -10.12, ""new"": 38.67, ""old"": 48.79}}}",search_campaign_pct,Increase,44.83,Win,0.91,Search share increased for higher purchase intent.
EXP0498,P010,Skincare,Serum,Mamaearth,Social Increase,2025-11-18,2025-12-05,"{""campaign_mix"": {""Search"": {""change_pct"": -10.84, ""new"": 41.38, ""old"": 52.22}, ""Social"": {""change_pct"": 10.84, ""new"": 29.4, ""old"": 18.56}}}",social_campaign_pct,Increase,124.6,Win,0.947,Social share increased for discovery and mid-funnel reach.
EXP0499,P093,Makeup,Lipstick,Minimalist,Email Increase,2025-02-22,2025-03-28,"{""campaign_mix"": {""Email"": {""change_pct"": 10.79, ""new"": 28.41, ""old"": 17.62}, ""Social"": {""change_pct"": -10.79, ""new"": 39.23, ""old"": 50.02}}}",retention_rate,Increase,-1.01,Loss,0.625,Email share increased to reactivate known buyers.
EXP0500,P064,Skincare,Serum,Mamaearth,Affiliate Increase,2025-06-30,2025-07-07,"{""campaign_mix"": {""Affiliate"": {""change_pct"": 7.25, ""new"": 18.64, ""old"": 11.39}, ""Search"": {""change_pct"": -7.25, ""new"": 38.25, ""old"": 45.5}}}",affiliate_campaign_pct,Increase,66.55,Win,0.888,Affiliate share increased for deal-led acquisition.
EXP0501,P001,Skincare,Serum,Mamaearth,Campaign Mix Optimization,2025-09-30,2025-10-11,"{""campaign_mix"": {""Affiliate"": {""change_pct"": -1.82, ""new"": 3.0, ""old"": 4.82}, ""Email"": {""change_pct"": 1.82, ""new"": 29.08, ""old"": 27.26}, ""Search"": {""change_pct"": 4.0, ""new"": 49.76, ""old"": 45.76}, ""Social"": {""change_pct"": -4.0, ""new"": 18.16, ""old"": 22.16}}}",current_ctr,Increase,1.82,Inconclusive,0.535,Campaign mix optimized toward intent and lifecycle channels.
EXP0502,P088,Skincare,Serum,Minimalist,Google to Instagram Shift,2025-06-02,2025-06-24,"{""acquisition_mix"": {""Google"": {""change_pct"": -9.47, ""new"": 27.93, ""old"": 37.4}, ""Instagram"": {""change_pct"": 9.47, ""new"": 44.44, ""old"": 34.97}}}",instagram_source_pct,Increase,29.95,Win,0.9,Acquisition shifted from search-led to creator and social discovery.
EXP0503,P079,Skincare,Serum,Minimalist,Instagram to Google Shift,2025-07-01,2025-08-12,"{""acquisition_mix"": {""Google"": {""change_pct"": 10.33, ""new"": 68.27, ""old"": 57.94}, ""Instagram"": {""change_pct"": -10.33, ""new"": 10.97, ""old"": 21.3}}}",google_source_pct,Increase,19.14,Win,0.787,Acquisition shifted toward high-intent Google traffic.
EXP0504,P035,Haircare,Shampoo,Minimalist,Facebook to Google Shift,2025-03-12,2025-04-03,"{""acquisition_mix"": {""Facebook"": {""change_pct"": -7.06, ""new"": 3.93, ""old"": 10.99}, ""Google"": {""change_pct"": 7.06, ""new"": 52.76, ""old"": 45.7}}}",google_source_pct,Increase,18.93,Win,0.693,Budget moved from Facebook to Google for better intent quality.
EXP0505,P082,Skincare,Serum,Mamaearth,Paid to Organic Shift,2025-06-12,2025-06-30,"{""acquisition_mix"": {""Google"": {""change_pct"": -4.0, ""new"": 36.35, ""old"": 40.35}, ""Instagram"": {""change_pct"": -4.0, ""new"": 16.77, ""old"": 20.77}, ""Organic"": {""change_pct"": 8.0, ""new"": 17.99, ""old"": 9.99}}, ""marketing_spend"": {""change_pct"": -26.31, ""new"": 4245.19, ""old"": 5760.49}}",organic_source_pct,Increase,80.86,Win,0.96,Paid dependency reduced while organic share is lifted.
EXP0506,P074,Haircare,Shampoo,Minimalist,Acquisition Mix Optimization,2025-02-01,2025-02-08,"{""acquisition_mix"": {""Facebook"": {""change_pct"": -3.0, ""new"": 7.06, ""old"": 10.06}, ""Google"": {""change_pct"": 3.0, ""new"": 46.06, ""old"": 43.06}, ""Organic"": {""change_pct"": 0.36, ""new"": 17.72, ""old"": 17.36}, ""Referral"": {""change_pct"": -0.36, ""new"": 3.0, ""old"": 3.36}}}",conversion_rate,Increase,-1.21,Inconclusive,0.618,Acquisition mix optimized toward higher-converting sources.
EXP0507,P075,Makeup,Lipstick,The Derma Co,Premium Pricing Strategy,2025-04-06,2025-04-27,"{""avg_selling_price"": {""change_pct"": 10.26, ""new"": 430.01, ""old"": 390.0}, ""discount_pct"": {""change_pct"": -29.28, ""new"": 8.16, ""old"": 11.54}}",profit,Increase,-2.83,Inconclusive,0.605,Premium posture combines higher price with lower promotion depth.
EXP0508,P001,Skincare,Serum,Mamaearth,Aggressive Growth Strategy,2025-01-26,2025-03-10,"{""discount_pct"": {""change_pct"": 60.95, ""new"": 23.74, ""old"": 14.75}, ""marketing_spend"": {""change_pct"": 81.95, ""new"": 16397.33, ""old"": 9011.83}, ""shipping_fee"": {""change_pct"": -28.99, ""new"": 49.0, ""old"": 69.0}}",orders,Increase,70.59,Win,0.948,"Growth strategy combines paid reach, promotion, and reduced friction."
EXP0509,P040,Skincare,Serum,Minimalist,Profit Optimization Strategy,2025-06-04,2025-06-28,"{""discount_pct"": {""change_pct"": -37.19, ""new"": 8.66, ""old"": 13.78}, ""marketing_spend"": {""change_pct"": -21.11, ""new"": 5276.98, ""old"": 6689.44}, ""sales_channel_mix"": {""Amazon"": {""change_pct"": -4.0, ""new"": 32.18, ""old"": 36.18}, ""MobileApp"": {""change_pct"": 3.0, ""new"": 11.4, ""old"": 8.4}, ""Nykaa"": {""change_pct"": -3.0, ""new"": 6.66, ""old"": 9.66}, ""Website"": {""change_pct"": 4.0, ""new"": 49.76, ""old"": 45.76}}}",profit,Increase,1.88,Win,0.71,Profit optimization trims inefficient spend and marketplace dependency.
EXP0510,P022,Skincare,Serum,The Derma Co,Conversion Recovery Strategy,2025-05-23,2025-06-23,"{""campaign_mix"": {""Affiliate"": {""change_pct"": -3.0, ""new"": 8.99, ""old"": 11.99}, ""Email"": {""change_pct"": 3.0, ""new"": 17.06, ""old"": 14.06}, ""Search"": {""change_pct"": 3.0, ""new"": 51.31, ""old"": 48.31}, ""Social"": {""change_pct"": -3.0, ""new"": 22.64, ""old"": 25.64}}, ""discount_pct"": {""change_pct"": 63.27, ""new"": 19.35, ""old"": 11.85}, ""shipping_fee"": {""change_pct"": 0.0, ""new"": 0.0, ""old"": 0.0}}",conversion_rate,Increase,15.21,Win,0.722,Conversion recovery lowers checkout friction and raises intent messaging.
EXP0511,P075,Makeup,Lipstick,The Derma Co,Inventory Clearance Strategy,2025-04-30,2025-05-10,"{""avg_selling_price"": {""change_pct"": -6.69, ""new"": 363.91, ""old"": 390.0}, ""discount_pct"": {""change_pct"": 120.9, ""new"": 32.58, ""old"": 14.75}}",orders,Increase,163.69,Win,0.96,Clearance strategy accelerates sell-through using price and discount.
EXP0512,P081,Makeup,Lipstick,The Derma Co,D2C Growth Strategy,2025-09-17,2025-10-15,"{""marketing_spend"": {""change_pct"": 14.95, ""new"": 9748.19, ""old"": 8480.5}, ""sales_channel_mix"": {""Amazon"": {""change_pct"": -5.0, ""new"": 26.94, ""old"": 31.94}, ""MobileApp"": {""change_pct"": 5.0, ""new"": 11.15, ""old"": 6.15}, ""Nykaa"": {""change_pct"": -5.0, ""new"": 25.17, ""old"": 30.17}, ""Website"": {""change_pct"": 5.0, ""new"": 36.74, ""old"": 31.74}}}",website_sales_pct,Increase,14.67,Win,0.742,D2C growth moves share toward owned web and app channels.
EXP0513,P020,Haircare,Shampoo,The Derma Co,Price Increase,2025-03-10,2025-03-25,"{""avg_selling_price"": {""change_pct"": 11.49, ""new"": 568.58, ""old"": 510.0}}",profit,Increase,83.14,Win,0.849,Premium price test expects higher unit margin with some demand elasticity.
EXP0514,P002,Haircare,Shampoo,The Derma Co,Price Decrease,2025-08-08,2025-09-18,"{""avg_selling_price"": {""change_pct"": -6.28, ""new"": 534.2, ""old"": 570.0}}",orders,Increase,-17.47,Loss,0.751,Lower price should improve demand and conversion.
EXP0515,P007,Skincare,Serum,Minimalist,Discount Increase,2025-12-10,2025-12-19,"{""discount_pct"": {""change_pct"": 81.63, ""new"": 25.76, ""old"": 14.18}}",orders,Increase,-14.96,Loss,0.744,Higher discount should lift orders but may dilute margin.
EXP0516,P063,Makeup,Lipstick,Mamaearth,Discount Decrease,2025-01-07,2025-01-20,"{""discount_pct"": {""change_pct"": -44.73, ""new"": 10.64, ""old"": 19.26}}",profit,Increase,30.34,Win,0.892,Lower discount tests whether stronger margin offsets order loss.
EXP0517,P030,Makeup,Lipstick,Mamaearth,Shipping Fee Increase,2025-11-28,2025-12-21,"{""shipping_fee"": {""change_pct"": 51.28, ""new"": 59.0, ""old"": 39.0}}",conversion_rate,Decrease,9.48,Inconclusive,0.613,Higher shipping fee should create checkout friction.
EXP0518,P029,Haircare,Shampoo,Minimalist,Shipping Fee Decrease,2025-01-01,2025-02-04,"{""shipping_fee"": {""change_pct"": -28.99, ""new"": 49.0, ""old"": 69.0}}",conversion_rate,Increase,-3.26,Loss,0.665,Reduced shipping fee should reduce checkout friction.
EXP0519,P046,Skincare,Serum,Mamaearth,Free Shipping,2025-07-04,2025-08-03,"{""shipping_fee"": {""change_pct"": -100.0, ""new"": 0.0, ""old"": 59.0}}",conversion_rate,Increase,7.6,Inconclusive,0.611,Free shipping test should increase conversion and order volume.
EXP0520,P034,Skincare,Serum,Mamaearth,Marketing Spend Increase,2025-03-30,2025-04-23,"{""marketing_spend"": {""change_pct"": 53.69, ""new"": 7757.45, ""old"": 5047.51}}",traffic,Increase,27.67,Win,0.851,Higher spend should increase traffic through paid reach and lagged adstock.
EXP0521,P033,Makeup,Lipstick,Mamaearth,Marketing Spend Decrease,2025-07-23,2025-08-07,"{""marketing_spend"": {""change_pct"": -41.7, ""new"": 3255.88, ""old"": 5584.45}}",current_roas,Increase,35.58,Win,0.891,Spend reduction tests whether inefficient paid traffic can be trimmed.
EXP0522,P034,Skincare,Serum,Mamaearth,Inventory Increase,2025-10-21,2025-11-08,"{""inventory_available"": {""change_pct"": 38.41, ""new"": 1242.94, ""old"": 898.0}}",orders,Increase,2.49,Win,0.659,Higher stock availability should reduce sales capacity constraints.
EXP0523,P056,Haircare,Shampoo,The Derma Co,Inventory Reduction,2025-05-15,2025-06-01,"{""inventory_available"": {""change_pct"": -64.21, ""new"": 366.17, ""old"": 1023.0}}",revenue,Decrease,-13.73,Win,0.67,Lower inventory should cap orders and revenue.
EXP0524,P043,Skincare,Serum,Mamaearth,Amazon to Website Shift,2025-05-24,2025-06-04,"{""sales_channel_mix"": {""Amazon"": {""change_pct"": -12.11, ""new"": 25.22, ""old"": 37.33}, ""Website"": {""change_pct"": 12.11, ""new"": 40.18, ""old"": 28.07}}}",website_sales_pct,Increase,37.56,Win,0.872,Channel share shifted from marketplace to owned website.
EXP0525,P076,Skincare,Serum,Minimalist,Website to Amazon Shift,2025-06-23,2025-07-01,"{""sales_channel_mix"": {""Amazon"": {""change_pct"": 10.68, ""new"": 45.43, ""old"": 34.75}, ""Website"": {""change_pct"": -10.68, ""new"": 12.32, ""old"": 23.0}}}",amazon_sales_pct,Increase,34.69,Win,0.955,Channel share shifted toward Amazon for demand capture.
EXP0526,P087,Makeup,Lipstick,The Derma Co,Amazon to Mobile App Shift,2025-02-22,2025-03-01,"{""sales_channel_mix"": {""Amazon"": {""change_pct"": -11.4, ""new"": 16.33, ""old"": 27.73}, ""MobileApp"": {""change_pct"": 11.4, ""new"": 24.97, ""old"": 13.57}}}",mobile_app_sales_pct,Increase,85.51,Win,0.96,Marketplace users redirected toward app purchase journeys.
EXP0527,P060,Makeup,Lipstick,The Derma Co,Website to Mobile App Shift,2025-10-16,2025-11-19,"{""sales_channel_mix"": {""MobileApp"": {""change_pct"": 9.25, ""new"": 16.36, ""old"": 7.11}, ""Website"": {""change_pct"": -9.25, ""new"": 20.8, ""old"": 30.05}}}",mobile_app_sales_pct,Increase,167.65,Win,0.954,Owned web traffic nudged toward app conversion.
EXP0528,P060,Makeup,Lipstick,The Derma Co,Channel Mix Optimization,2025-01-06,2025-01-25,"{""sales_channel_mix"": {""Amazon"": {""change_pct"": -5.0, ""new"": 33.9, ""old"": 38.9}, ""MobileApp"": {""change_pct"": 4.0, ""new"": 7.73, ""old"": 3.73}, ""Nykaa"": {""change_pct"": -4.0, ""new"": 22.6, ""old"": 26.6}, ""Website"": {""change_pct"": 5.0, ""new"": 35.77, ""old"": 30.77}}}",current_roas,Increase,2.02,Inconclusive,0.52,Mix optimized toward higher-margin owned channels.
EXP0529,P060,Makeup,Lipstick,The Derma Co,Search Increase,2025-06-18,2025-07-12,"{""campaign_mix"": {""Search"": {""change_pct"": 9.57, ""new"": 39.31, ""old"": 29.74}, ""Social"": {""change_pct"": -9.57, ""new"": 40.34, ""old"": 49.91}}}",search_campaign_pct,Increase,29.06,Win,0.831,Search share increased for higher purchase intent.
EXP0530,P025,Skincare,Serum,The Derma Co,Social Increase,2025-09-19,2025-09-26,"{""campaign_mix"": {""Search"": {""change_pct"": -10.02, ""new"": 38.73, ""old"": 48.75}, ""Social"": {""change_pct"": 10.02, ""new"": 42.88, ""old"": 32.86}}}",social_campaign_pct,Increase,32.49,Win,0.881,Social share increased for discovery and mid-funnel reach.
EXP0531,P064,Skincare,Serum,Mamaearth,Email Increase,2025-09-27,2025-10-19,"{""campaign_mix"": {""Email"": {""change_pct"": 6.67, ""new"": 27.49, ""old"": 20.82}, ""Social"": {""change_pct"": -6.67, ""new"": 16.35, ""old"": 23.02}}}",retention_rate,Increase,2.47,Inconclusive,0.564,Email share increased to reactivate known buyers.
EXP0532,P034,Skincare,Serum,Mamaearth,Affiliate Increase,2025-11-29,2025-12-19,"{""campaign_mix"": {""Affiliate"": {""change_pct"": 5.54, ""new"": 10.6, ""old"": 5.06}, ""Search"": {""change_pct"": -5.54, ""new"": 50.12, ""old"": 55.66}}}",affiliate_campaign_pct,Increase,129.84,Win,0.94,Affiliate share increased for deal-led acquisition.
EXP0533,P028,Skincare,Serum,Mamaearth,Campaign Mix Optimization,2025-09-24,2025-10-11,"{""campaign_mix"": {""Affiliate"": {""change_pct"": -1.88, ""new"": 3.0, ""old"": 4.88}, ""Email"": {""change_pct"": 1.88, ""new"": 18.41, ""old"": 16.53}, ""Search"": {""change_pct"": 4.0, ""new"": 54.63, ""old"": 50.63}, ""Social"": {""change_pct"": -4.0, ""new"": 23.96, ""old"": 27.96}}}",current_ctr,Increase,-1.42,Inconclusive,0.579,Campaign mix optimized toward intent and lifecycle channels.
EXP0534,P016,Skincare,Serum,Mamaearth,Google to Instagram Shift,2025-07-12,2025-08-10,"{""acquisition_mix"": {""Google"": {""change_pct"": -8.08, ""new"": 40.92, ""old"": 49.0}, ""Instagram"": {""change_pct"": 8.08, ""new"": 19.75, ""old"": 11.67}}}",instagram_source_pct,Increase,81.79,Win,0.929,Acquisition shifted from search-led to creator and social discovery.
EXP0535,P003,Makeup,Lipstick,Minimalist,Instagram to Google Shift,2025-10-09,2025-10-15,"{""acquisition_mix"": {""Google"": {""change_pct"": 6.53, ""new"": 31.74, ""old"": 25.21}, ""Instagram"": {""change_pct"": -6.53, ""new"": 24.66, ""old"": 31.19}}}",google_source_pct,Increase,21.5,Win,0.832,Acquisition shifted toward high-intent Google traffic.
EXP0536,P077,Haircare,Shampoo,Mamaearth,Facebook to Google Shift,2025-09-19,2025-10-05,"{""acquisition_mix"": {""Facebook"": {""change_pct"": -4.58, ""new"": 3.0, ""old"": 7.58}, ""Google"": {""change_pct"": 4.58, ""new"": 48.37, ""old"": 43.79}}}",google_source_pct,Increase,9.62,Win,0.671,Budget moved from Facebook to Google for better intent quality.
EXP0537,P076,Skincare,Serum,Minimalist,Paid to Organic Shift,2025-03-08,2025-03-22,"{""acquisition_mix"": {""Google"": {""change_pct"": -4.0, ""new"": 41.24, ""old"": 45.24}, ""Instagram"": {""change_pct"": -4.0, ""new"": 22.18, ""old"": 26.18}, ""Organic"": {""change_pct"": 8.0, ""new"": 20.61, ""old"": 12.61}}, ""marketing_spend"": {""change_pct"": -27.48, ""new"": 6380.14, ""old"": 8797.8}}",organic_source_pct,Increase,63.44,Win,0.945,Paid dependency reduced while organic share is lifted.
EXP0538,P058,Skincare,Serum,Mamaearth,Acquisition Mix Optimization,2025-05-10,2025-05-23,"{""acquisition_mix"": {""Facebook"": {""change_pct"": -3.0, ""new"": 9.97, ""old"": 12.97}, ""Google"": {""change_pct"": 3.0, ""new"": 32.49, ""old"": 29.49}}}",conversion_rate,Increase,-3.04,Inconclusive,0.605,Acquisition mix optimized toward higher-converting sources.
EXP0539,P030,Makeup,Lipstick,Mamaearth,Premium Pricing Strategy,2025-10-31,2025-11-21,"{""avg_selling_price"": {""change_pct"": 15.87, ""new"": 718.39, ""old"": 620.0}, ""discount_pct"": {""change_pct"": -27.89, ""new"": 11.77, ""old"": 16.32}}",profit,Increase,-39.55,Loss,0.94,Premium posture combines higher price with lower promotion depth.
EXP0540,P039,Makeup,Lipstick,The Derma Co,Aggressive Growth Strategy,2025-07-26,2025-08-15,"{""discount_pct"": {""change_pct"": 51.98, ""new"": 27.72, ""old"": 18.24}, ""marketing_spend"": {""change_pct"": 79.28, ""new"": 15666.8, ""old"": 8738.84}, ""shipping_fee"": {""change_pct"": -40.82, ""new"": 29.0, ""old"": 49.0}}",orders,Increase,75.76,Win,0.855,"Growth strategy combines paid reach, promotion, and reduced friction."
EXP0541,P094,Skincare,Serum,Minimalist,Profit Optimization Strategy,2025-11-09,2025-11-27,"{""discount_pct"": {""change_pct"": -100.0, ""new"": 0.0, ""old"": 7.85}, ""marketing_spend"": {""change_pct"": -13.92, ""new"": 14686.54, ""old"": 17061.43}, ""sales_channel_mix"": {""Amazon"": {""change_pct"": -4.0, ""new"": 27.11, ""old"": 31.11}, ""MobileApp"": {""change_pct"": 3.0, ""new"": 12.03, ""old"": 9.03}, ""Nykaa"": {""change_pct"": -3.0, ""new"": 18.38, ""old"": 21.38}, ""Website"": {""change_pct"": 4.0, ""new"": 42.48, ""old"": 38.48}}}",profit,Increase,-30.69,Loss,0.875,Profit optimization trims inefficient spend and marketplace dependency.
EXP0542,P056,Haircare,Shampoo,The Derma Co,Conversion Recovery Strategy,2025-10-27,2025-11-08,"{""campaign_mix"": {""Affiliate"": {""change_pct"": -3.0, ""new"": 6.31, ""old"": 9.31}, ""Email"": {""change_pct"": 3.0, ""new"": 25.44, ""old"": 22.44}, ""Search"": {""change_pct"": 3.0, ""new"": 43.24, ""old"": 40.24}, ""Social"": {""change_pct"": -3.0, ""new"": 25.01, ""old"": 28.01}}, ""discount_pct"": {""change_pct"": 20.57, ""new"": 32.61, ""old"": 27.05}, ""shipping_fee"": {""change_pct"": -57.97, ""new"": 29.0, ""old"": 69.0}}",conversion_rate,Increase,11.81,Win,0.721,Conversion recovery lowers checkout friction and raises intent messaging.
EXP0543,P086,Haircare,Shampoo,The Derma Co,Inventory Clearance Strategy,2025-11-29,2025-12-15,"{""avg_selling_price"": {""change_pct"": -5.77, ""new"": 405.17, ""old"": 430.0}, ""discount_pct"": {""change_pct"": 48.24, ""new"": 35.71, ""old"": 24.09}}",orders,Increase,63.4,Win,0.96,Clearance strategy accelerates sell-through using price and discount.
EXP0544,P006,Makeup,Lipstick,Minimalist,D2C Growth Strategy,2025-09-08,2025-09-19,"{""marketing_spend"": {""change_pct"": 22.74, ""new"": 7447.19, ""old"": 6067.6}, ""sales_channel_mix"": {""Amazon"": {""change_pct"": -5.0, ""new"": 38.77, ""old"": 43.77}, ""MobileApp"": {""change_pct"": 5.0, ""new"": 12.8, ""old"": 7.8}, ""Nykaa"": {""change_pct"": -5.0, ""new"": 12.85, ""old"": 17.85}, ""Website"": {""change_pct"": 5.0, ""new"": 35.58, ""old"": 30.58}}}",website_sales_pct,Increase,40.82,Win,0.96,D2C growth moves share toward owned web and app channels.
EXP0545,P031,Skincare,Serum,Mamaearth,Price Increase,2025-12-03,2025-12-16,"{""avg_selling_price"": {""change_pct"": 14.34, ""new"": 971.87, ""old"": 850.0}}",profit,Increase,3.66,Inconclusive,0.583,Premium price test expects higher unit margin with some demand elasticity.
EXP0546,P051,Makeup,Lipstick,Mamaearth,Price Decrease,2025-05-25,2025-06-20,"{""avg_selling_price"": {""change_pct"": -12.87, ""new"": 365.96, ""old"": 420.0}}",orders,Increase,-2.34,Loss,0.771,Lower price should improve demand and conversion.
EXP0547,P013,Skincare,Serum,Mamaearth,Discount Increase,2025-05-01,2025-05-30,"{""discount_pct"": {""change_pct"": 57.44, ""new"": 20.18, ""old"": 12.82}}",orders,Increase,32.79,Win,0.93,Higher discount should lift orders but may dilute margin.
EXP0548,P074,Haircare,Shampoo,Minimalist,Discount Decrease,2025-04-21,2025-05-04,"{""discount_pct"": {""change_pct"": -56.97, ""new"": 6.7, ""old"": 15.58}}",profit,Increase,46.0,Win,0.949,Lower discount tests whether stronger margin offsets order loss.
EXP0549,P037,Skincare,Serum,The Derma Co,Shipping Fee Increase,2025-03-09,2025-04-19,"{""shipping_fee"": {""change_pct"": 102.56, ""new"": 79.0, ""old"": 39.0}}",conversion_rate,Decrease,-4.96,Inconclusive,0.601,Higher shipping fee should create checkout friction.
EXP0550,P031,Skincare,Serum,Mamaearth,Shipping Fee Decrease,2025-05-22,2025-06-20,"{""shipping_fee"": {""change_pct"": -67.8, ""new"": 19.0, ""old"": 59.0}}",conversion_rate,Increase,1.1,Inconclusive,0.569,Reduced shipping fee should reduce checkout friction.
EXP0551,P087,Makeup,Lipstick,The Derma Co,Free Shipping,2025-08-05,2025-09-15,"{""shipping_fee"": {""change_pct"": -100.0, ""new"": 0.0, ""old"": 49.0}}",conversion_rate,Increase,-3.29,Inconclusive,0.534,Free shipping test should increase conversion and order volume.
EXP0552,P078,Makeup,Lipstick,Minimalist,Marketing Spend Increase,2025-06-12,2025-06-19,"{""marketing_spend"": {""change_pct"": 40.07, ""new"": 9024.01, ""old"": 6442.27}}",traffic,Increase,2.33,Inconclusive,0.594,Higher spend should increase traffic through paid reach and lagged adstock.
EXP0553,P032,Haircare,Shampoo,Mamaearth,Marketing Spend Decrease,2025-01-05,2025-01-16,"{""marketing_spend"": {""change_pct"": -41.78, ""new"": 4539.21, ""old"": 7797.0}}",current_roas,Increase,35.5,Win,0.911,Spend reduction tests whether inefficient paid traffic can be trimmed.
EXP0554,P033,Makeup,Lipstick,Mamaearth,Inventory Increase,2025-06-07,2025-07-04,"{""inventory_available"": {""change_pct"": 55.55, ""new"": 2340.95, ""old"": 1505.0}}",orders,Increase,5.8,Inconclusive,0.617,Higher stock availability should reduce sales capacity constraints.
EXP0555,P085,Skincare,Serum,The Derma Co,Inventory Reduction,2025-04-12,2025-04-25,"{""inventory_available"": {""change_pct"": -38.57, ""new"": 530.16, ""old"": 863.0}}",revenue,Decrease,4.87,Inconclusive,0.543,Lower inventory should cap orders and revenue.
EXP0556,P016,Skincare,Serum,Mamaearth,Amazon to Website Shift,2025-05-26,2025-06-24,"{""sales_channel_mix"": {""Amazon"": {""change_pct"": -14.05, ""new"": 35.51, ""old"": 49.56}, ""Website"": {""change_pct"": 14.05, ""new"": 42.68, ""old"": 28.63}}}",website_sales_pct,Increase,43.34,Win,0.807,Channel share shifted from marketplace to owned website.
EXP0557,P096,Makeup,Lipstick,Minimalist,Website to Amazon Shift,2025-03-14,2025-04-07,"{""sales_channel_mix"": {""Amazon"": {""change_pct"": 12.25, ""new"": 45.45, ""old"": 33.2}, ""Website"": {""change_pct"": -12.25, ""new"": 30.74, ""old"": 42.99}}}",amazon_sales_pct,Increase,30.08,Win,0.93,Channel share shifted toward Amazon for demand capture.
EXP0558,P064,Skincare,Serum,Mamaearth,Amazon to Mobile App Shift,2025-01-06,2025-01-14,"{""sales_channel_mix"": {""Amazon"": {""change_pct"": -10.61, ""new"": 47.4, ""old"": 58.01}, ""MobileApp"": {""change_pct"": 10.61, ""new"": 25.54, ""old"": 14.93}}}",mobile_app_sales_pct,Increase,67.94,Win,0.939,Marketplace users redirected toward app purchase journeys.
EXP0559,P053,Haircare,Shampoo,Mamaearth,Website to Mobile App Shift,2025-09-25,2025-10-06,"{""sales_channel_mix"": {""MobileApp"": {""change_pct"": 7.04, ""new"": 17.04, ""old"": 10.0}, ""Website"": {""change_pct"": -7.04, ""new"": 30.9, ""old"": 37.94}}}",mobile_app_sales_pct,Increase,54.5,Win,0.943,Owned web traffic nudged toward app conversion.
EXP0560,P034,Skincare,Serum,Mamaearth,Channel Mix Optimization,2025-07-13,2025-08-13,"{""sales_channel_mix"": {""Amazon"": {""change_pct"": -5.0, ""new"": 33.77, ""old"": 38.77}, ""MobileApp"": {""change_pct"": 4.0, ""new"": 26.0, ""old"": 22.0}, ""Nykaa"": {""change_pct"": -4.0, ""new"": 21.84, ""old"": 25.84}, ""Website"": {""change_pct"": 5.0, ""new"": 18.39, ""old"": 13.39}}}",current_roas,Increase,2.09,Inconclusive,0.55,Mix optimized toward higher-margin owned channels.
EXP0561,P018,Makeup,Lipstick,Minimalist,Search Increase,2025-07-25,2025-08-31,"{""campaign_mix"": {""Search"": {""change_pct"": 10.99, ""new"": 34.39, ""old"": 23.4}, ""Social"": {""change_pct"": -10.99, ""new"": 41.73, ""old"": 52.72}}}",search_campaign_pct,Increase,46.46,Win,0.873,Search share increased for higher purchase intent.
EXP0562,P089,Haircare,Shampoo,Minimalist,Social Increase,2025-11-18,2025-11-24,"{""campaign_mix"": {""Search"": {""change_pct"": -6.15, ""new"": 24.94, ""old"": 31.09}, ""Social"": {""change_pct"": 6.15, ""new"": 26.0, ""old"": 19.85}}}",social_campaign_pct,Increase,37.9,Win,0.919,Social share increased for discovery and mid-funnel reach.
EXP0563,P040,Skincare,Serum,Minimalist,Email Increase,2025-03-19,2025-04-08,"{""campaign_mix"": {""Email"": {""change_pct"": 5.85, ""new"": 28.51, ""old"": 22.66}, ""Social"": {""change_pct"": -5.85, ""new"": 24.5, ""old"": 30.35}}}",retention_rate,Increase,2.8,Inconclusive,0.593,Email share increased to reactivate known buyers.
EXP0564,P084,Makeup,Lipstick,Minimalist,Affiliate Increase,2025-08-20,2025-08-28,"{""campaign_mix"": {""Affiliate"": {""change_pct"": 6.46, ""new"": 20.96, ""old"": 14.5}, ""Search"": {""change_pct"": -6.46, ""new"": 3.0, ""old"": 9.46}}}",affiliate_campaign_pct,Increase,49.19,Win,0.944,Affiliate share increased for deal-led acquisition.
EXP0565,P091,Skincare,Serum,Minimalist,Campaign Mix Optimization,2025-11-23,2025-12-08,"{""campaign_mix"": {""Affiliate"": {""change_pct"": -3.0, ""new"": 3.56, ""old"": 6.56}, ""Email"": {""change_pct"": 3.0, ""new"": 26.98, ""old"": 23.98}, ""Search"": {""change_pct"": 4.0, ""new"": 40.59, ""old"": 36.59}, ""Social"": {""change_pct"": -4.0, ""new"": 28.87, ""old"": 32.87}}}",current_ctr,Increase,-1.97,Inconclusive,0.583,Campaign mix optimized toward intent and lifecycle channels.
EXP0566,P025,Skincare,Serum,The Derma Co,Google to Instagram Shift,2025-10-21,2025-11-29,"{""acquisition_mix"": {""Google"": {""change_pct"": -6.77, ""new"": 38.27, ""old"": 45.04}, ""Instagram"": {""change_pct"": 6.77, ""new"": 39.03, ""old"": 32.26}}}",instagram_source_pct,Increase,20.55,Win,0.781,Acquisition shifted from search-led to creator and social discovery.
EXP0567,P070,Skincare,Serum,Mamaearth,Instagram to Google Shift,2025-03-21,2025-04-02,"{""acquisition_mix"": {""Google"": {""change_pct"": 7.59, ""new"": 67.76, ""old"": 60.17}, ""Instagram"": {""change_pct"": -7.59, ""new"": 5.78, ""old"": 13.37}}}",google_source_pct,Increase,11.96,Win,0.627,Acquisition shifted toward high-intent Google traffic.
EXP0568,P058,Skincare,Serum,Mamaearth,Facebook to Google Shift,2025-09-18,2025-10-02,"{""acquisition_mix"": {""Facebook"": {""change_pct"": -9.19, ""new"": 3.0, ""old"": 12.19}, ""Google"": {""change_pct"": 9.19, ""new"": 36.92, ""old"": 27.73}}}",google_source_pct,Increase,32.13,Win,0.929,Budget moved from Facebook to Google for better intent quality.
EXP0569,P010,Skincare,Serum,Mamaearth,Paid to Organic Shift,2025-01-10,2025-01-21,"{""acquisition_mix"": {""Google"": {""change_pct"": -4.0, ""new"": 54.95, ""old"": 58.95}, ""Instagram"": {""change_pct"": -4.0, ""new"": 10.71, ""old"": 14.71}, ""Organic"": {""change_pct"": 8.0, ""new"": 20.16, ""old"": 12.16}}, ""marketing_spend"": {""change_pct"": -23.07, ""new"": 4396.64, ""old"": 5714.78}}",organic_source_pct,Increase,71.36,Win,0.902,Paid dependency reduced while organic share is lifted.
EXP0570,P092,Haircare,Shampoo,Minimalist,Acquisition Mix Optimization,2025-06-07,2025-07-06,"{""acquisition_mix"": {""Facebook"": {""change_pct"": -3.0, ""new"": 4.04, ""old"": 7.04}, ""Google"": {""change_pct"": 3.0, ""new"": 42.68, ""old"": 39.68}, ""Organic"": {""change_pct"": 2.0, ""new"": 22.19, ""old"": 20.19}, ""Referral"": {""change_pct"": -2.0, ""new"": 4.19, ""old"": 6.19}}}",conversion_rate,Increase,-2.49,Loss,0.629,Acquisition mix optimized toward higher-converting sources.
EXP0571,P003,Makeup,Lipstick,Minimalist,Premium Pricing Strategy,2025-10-18,2025-10-24,"{""avg_selling_price"": {""change_pct"": 9.99, ""new"": 461.98, ""old"": 420.0}, ""discount_pct"": {""change_pct"": -40.77, ""new"": 11.61, ""old"": 19.6}}",profit,Increase,22.65,Win,0.854,Premium posture combines higher price with lower promotion depth.
EXP0572,P075,Makeup,Lipstick,The Derma Co,Aggressive Growth Strategy,2025-01-19,2025-02-23,"{""discount_pct"": {""change_pct"": 104.81, ""new"": 22.88, ""old"": 11.17}, ""marketing_spend"": {""change_pct"": 53.55, ""new"": 9304.56, ""old"": 6059.64}, ""shipping_fee"": {""change_pct"": -100.0, ""new"": 0.0, ""old"": 39.0}}",orders,Increase,64.04,Win,0.909,"Growth strategy combines paid reach, promotion, and reduced friction."
EXP0573,P076,Skincare,Serum,Minimalist,Profit Optimization Strategy,2025-10-22,2025-11-14,"{""discount_pct"": {""change_pct"": -39.64, ""new"": 9.83, ""old"": 16.28}, ""marketing_spend"": {""change_pct"": -20.83, ""new"": 9910.06, ""old"": 12516.65}, ""sales_channel_mix"": {""Amazon"": {""change_pct"": -4.0, ""new"": 27.94, ""old"": 31.94}, ""MobileApp"": {""change_pct"": 3.0, ""new"": 28.63, ""old"": 25.63}, ""Nykaa"": {""change_pct"": -3.0, ""new"": 14.37, ""old"": 17.37}, ""Website"": {""change_pct"": 4.0, ""new"": 29.06, ""old"": 25.06}}}",profit,Increase,-1.03,Inconclusive,0.593,Profit optimization trims inefficient spend and marketplace dependency.
EXP0574,P091,Skincare,Serum,Minimalist,Conversion Recovery Strategy,2025-06-01,2025-06-29,"{""campaign_mix"": {""Affiliate"": {""change_pct"": -3.0, ""new"": 4.67, ""old"": 7.67}, ""Email"": {""change_pct"": 3.0, ""new"": 27.28, ""old"": 24.28}, ""Search"": {""change_pct"": 3.0, ""new"": 40.4, ""old"": 37.4}, ""Social"": {""change_pct"": -3.0, ""new"": 27.65, ""old"": 30.65}}, ""discount_pct"": {""change_pct"": 25.49, ""new"": 19.21, ""old"": 15.31}, ""shipping_fee"": {""change_pct"": -61.22, ""new"": 19.0, ""old"": 49.0}}",conversion_rate,Increase,15.43,Win,0.69,Conversion recovery lowers checkout friction and raises intent messaging.
EXP0575,P085,Skincare,Serum,The Derma Co,Inventory Clearance Strategy,2025-02-15,2025-03-17,"{""avg_selling_price"": {""change_pct"": -7.2, ""new"": 825.9, ""old"": 890.0}, ""discount_pct"": {""change_pct"": 95.71, ""new"": 24.97, ""old"": 12.76}}",orders,Increase,27.57,Win,0.816,Clearance strategy accelerates sell-through using price and discount.
EXP0576,P004,Skincare,Serum,The Derma Co,D2C Growth Strategy,2025-04-11,2025-05-10,"{""marketing_spend"": {""change_pct"": 29.69, ""new"": 7013.19, ""old"": 5407.59}, ""sales_channel_mix"": {""Amazon"": {""change_pct"": -5.0, ""new"": 30.64, ""old"": 35.64}, ""MobileApp"": {""change_pct"": 5.0, ""new"": 16.38, ""old"": 11.38}, ""Nykaa"": {""change_pct"": -5.0, ""new"": 13.8, ""old"": 18.8}, ""Website"": {""change_pct"": 5.0, ""new"": 39.18, ""old"": 34.18}}}",website_sales_pct,Increase,31.16,Win,0.96,D2C growth moves share toward owned web and app channels.
EXP0577,P057,Makeup,Lipstick,The Derma Co,Price Increase,2025-11-06,2025-11-15,"{""avg_selling_price"": {""change_pct"": 11.8, ""new"": 301.87, ""old"": 270.0}}",profit,Increase,-41.69,Loss,0.918,Premium price test expects higher unit margin with some demand elasticity.
EXP0578,P016,Skincare,Serum,Mamaearth,Price Decrease,2025-09-04,2025-10-07,"{""avg_selling_price"": {""change_pct"": -10.36, ""new"": 797.75, ""old"": 890.0}}",orders,Increase,1.42,Inconclusive,0.536,Lower price should improve demand and conversion.
EXP0579,P040,Skincare,Serum,Minimalist,Discount Increase,2025-09-04,2025-10-11,"{""discount_pct"": {""change_pct"": 72.79, ""new"": 20.22, ""old"": 11.7}}",orders,Increase,9.28,Win,0.691,Higher discount should lift orders but may dilute margin.
EXP0580,P086,Haircare,Shampoo,The Derma Co,Discount Decrease,2025-10-13,2025-11-09,"{""discount_pct"": {""change_pct"": -24.05, ""new"": 15.8, ""old"": 20.8}}",profit,Increase,-15.73,Loss,0.803,Lower discount tests whether stronger margin offsets order loss.
EXP0581,P052,Skincare,Serum,Mamaearth,Shipping Fee Increase,2025-08-25,2025-09-07,"{""shipping_fee"": {""change_pct"": 57.97, ""new"": 109.0, ""old"": 69.0}}",conversion_rate,Decrease,-8.17,Win,0.693,Higher shipping fee should create checkout friction.
EXP0582,P046,Skincare,Serum,Mamaearth,Shipping Fee Decrease,2025-06-25,2025-07-01,"{""shipping_fee"": {""change_pct"": -33.9, ""new"": 39.0, ""old"": 59.0}}",conversion_rate,Increase,6.85,Win,0.633,Reduced shipping fee should reduce checkout friction.
EXP0583,P059,Haircare,Shampoo,Mamaearth,Free Shipping,2025-01-01,2025-01-27,"{""shipping_fee"": {""change_pct"": -100.0, ""new"": 0.0, ""old"": 49.0}}",conversion_rate,Increase,15.74,Win,0.695,Free shipping test should increase conversion and order volume.
EXP0584,P009,Makeup,Lipstick,Mamaearth,Marketing Spend Increase,2025-12-12,2025-12-26,"{""marketing_spend"": {""change_pct"": 45.35, ""new"": 9690.57, ""old"": 6667.05}}",traffic,Increase,2.53,Inconclusive,0.58,Higher spend should increase traffic through paid reach and lagged adstock.
EXP0585,P008,Haircare,Shampoo,Mamaearth,Marketing Spend Decrease,2025-11-07,2025-11-15,"{""marketing_spend"": {""change_pct"": -34.66, ""new"": 5515.57, ""old"": 8441.27}}",current_roas,Increase,28.2,Win,0.825,Spend reduction tests whether inefficient paid traffic can be trimmed.
EXP0586,P011,Haircare,Shampoo,Mamaearth,Inventory Increase,2025-12-13,2025-12-26,"{""inventory_available"": {""change_pct"": 53.71, ""new"": 2256.44, ""old"": 1468.0}}",orders,Increase,1.78,Win,0.626,Higher stock availability should reduce sales capacity constraints.
EXP0587,P012,Makeup,Lipstick,The Derma Co,Inventory Reduction,2025-11-24,2025-12-04,"{""inventory_available"": {""change_pct"": -34.47, ""new"": 911.59, ""old"": 1391.0}}",revenue,Decrease,28.62,Loss,0.877,Lower inventory should cap orders and revenue.
EXP0588,P050,Haircare,Shampoo,Minimalist,Amazon to Website Shift,2025-10-20,2025-11-21,"{""sales_channel_mix"": {""Amazon"": {""change_pct"": -12.54, ""new"": 14.64, ""old"": 27.18}, ""Website"": {""change_pct"": 12.54, ""new"": 47.16, ""old"": 34.62}}}",website_sales_pct,Increase,39.57,Win,0.895,Channel share shifted from marketplace to owned website.
EXP0589,P027,Makeup,Lipstick,Mamaearth,Website to Amazon Shift,2025-02-28,2025-03-17,"{""sales_channel_mix"": {""Amazon"": {""change_pct"": 9.26, ""new"": 44.85, ""old"": 35.59}, ""Website"": {""change_pct"": -9.26, ""new"": 29.97, ""old"": 39.23}}}",amazon_sales_pct,Increase,37.39,Win,0.959,Channel share shifted toward Amazon for demand capture.
EXP0590,P035,Haircare,Shampoo,Minimalist,Amazon to Mobile App Shift,2025-01-09,2025-02-02,"{""sales_channel_mix"": {""Amazon"": {""change_pct"": -10.0, ""new"": 41.17, ""old"": 51.17}, ""MobileApp"": {""change_pct"": 10.0, ""new"": 15.45, ""old"": 5.45}}}",mobile_app_sales_pct,Increase,178.44,Win,0.95,Marketplace users redirected toward app purchase journeys.
EXP0591,P089,Haircare,Shampoo,Minimalist,Website to Mobile App Shift,2025-01-09,2025-01-17,"{""sales_channel_mix"": {""MobileApp"": {""change_pct"": 11.02, ""new"": 23.92, ""old"": 12.9}, ""Website"": {""change_pct"": -11.02, ""new"": 41.19, ""old"": 52.21}}}",mobile_app_sales_pct,Increase,86.91,Win,0.959,Owned web traffic nudged toward app conversion.
EXP0592,P009,Makeup,Lipstick,Mamaearth,Channel Mix Optimization,2025-09-25,2025-10-03,"{""sales_channel_mix"": {""Amazon"": {""change_pct"": -5.0, ""new"": 32.17, ""old"": 37.17}, ""MobileApp"": {""change_pct"": 4.0, ""new"": 12.98, ""old"": 8.98}, ""Nykaa"": {""change_pct"": -4.0, ""new"": 8.17, ""old"": 12.17}, ""Website"": {""change_pct"": 5.0, ""new"": 46.68, ""old"": 41.68}}}",current_roas,Increase,12.07,Win,0.651,Mix optimized toward higher-margin owned channels.
EXP0593,P031,Skincare,Serum,Mamaearth,Search Increase,2025-02-28,2025-03-30,"{""campaign_mix"": {""Search"": {""change_pct"": 10.96, ""new"": 51.15, ""old"": 40.19}, ""Social"": {""change_pct"": -10.96, ""new"": 27.24, ""old"": 38.2}}}",search_campaign_pct,Increase,26.07,Win,0.843,Search share increased for higher purchase intent.
EXP0594,P060,Makeup,Lipstick,The Derma Co,Social Increase,2025-03-06,2025-04-12,"{""campaign_mix"": {""Search"": {""change_pct"": -6.22, ""new"": 24.17, ""old"": 30.39}, ""Social"": {""change_pct"": 6.22, ""new"": 55.07, ""old"": 48.85}}}",social_campaign_pct,Increase,12.83,Win,0.682,Social share increased for discovery and mid-funnel reach.
EXP0595,P008,Haircare,Shampoo,Mamaearth,Email Increase,2025-02-22,2025-03-01,"{""campaign_mix"": {""Email"": {""change_pct"": 6.48, ""new"": 26.99, ""old"": 20.51}, ""Social"": {""change_pct"": -6.48, ""new"": 25.26, ""old"": 31.74}}}",retention_rate,Increase,-1.14,Inconclusive,0.609,Email share increased to reactivate known buyers.
EXP0596,P098,Haircare,Shampoo,The Derma Co,Affiliate Increase,2025-04-17,2025-05-01,"{""campaign_mix"": {""Affiliate"": {""change_pct"": 10.75, ""new"": 25.86, ""old"": 15.11}, ""Search"": {""change_pct"": -10.75, ""new"": 31.4, ""old"": 42.15}}}",affiliate_campaign_pct,Increase,70.88,Win,0.96,Affiliate share increased for deal-led acquisition.
EXP0597,P052,Skincare,Serum,Mamaearth,Campaign Mix Optimization,2025-01-03,2025-01-23,"{""campaign_mix"": {""Affiliate"": {""change_pct"": -2.5, ""new"": 3.0, ""old"": 5.5}, ""Email"": {""change_pct"": 2.5, ""new"": 18.36, ""old"": 15.86}, ""Search"": {""change_pct"": 4.0, ""new"": 46.03, ""old"": 42.03}, ""Social"": {""change_pct"": -4.0, ""new"": 32.61, ""old"": 36.61}}}",current_ctr,Increase,2.84,Inconclusive,0.596,Campaign mix optimized toward intent and lifecycle channels.
EXP0598,P012,Makeup,Lipstick,The Derma Co,Google to Instagram Shift,2025-12-24,2025-12-31,"{""acquisition_mix"": {""Google"": {""change_pct"": -10.85, ""new"": 16.86, ""old"": 27.71}, ""Instagram"": {""change_pct"": 10.85, ""new"": 47.82, ""old"": 36.97}}}",instagram_source_pct,Increase,32.01,Win,0.93,Acquisition shifted from search-led to creator and social discovery.
EXP0599,P093,Makeup,Lipstick,Minimalist,Instagram to Google Shift,2025-05-03,2025-05-10,"{""acquisition_mix"": {""Google"": {""change_pct"": 10.46, ""new"": 38.98, ""old"": 28.52}, ""Instagram"": {""change_pct"": -10.46, ""new"": 21.92, ""old"": 32.38}}}",google_source_pct,Increase,36.37,Win,0.943,Acquisition shifted toward high-intent Google traffic.
EXP0600,P057,Makeup,Lipstick,The Derma Co,Facebook to Google Shift,2025-10-15,2025-10-26,"{""acquisition_mix"": {""Facebook"": {""change_pct"": -6.72, ""new"": 6.97, ""old"": 13.69}, ""Google"": {""change_pct"": 6.72, ""new"": 36.94, ""old"": 30.22}}}",google_source_pct,Increase,42.76,Win,0.911,Budget moved from Facebook to Google for better intent quality.
EXP0601,P082,Skincare,Serum,Mamaearth,Paid to Organic Shift,2025-03-27,2025-05-01,"{""acquisition_mix"": {""Google"": {""change_pct"": -4.0, ""new"": 34.98, ""old"": 38.98}, ""Instagram"": {""change_pct"": -4.0, ""new"": 19.43, ""old"": 23.43}, ""Organic"": {""change_pct"": 8.0, ""new"": 17.46, ""old"": 9.46}}, ""marketing_spend"": {""change_pct"": -18.29, ""new"": 4823.5, ""old"": 5903.38}}",organic_source_pct,Increase,94.09,Win,0.914,Paid dependency reduced while organic share is lifted.
EXP0602,P075,Makeup,Lipstick,The Derma Co,Acquisition Mix Optimization,2025-05-12,2025-06-03,"{""acquisition_mix"": {""Facebook"": {""change_pct"": -3.0, ""new"": 7.18, ""old"": 10.18}, ""Google"": {""change_pct"": 3.0, ""new"": 23.58, ""old"": 20.58}, ""Organic"": {""change_pct"": 2.0, ""new"": 19.94, ""old"": 17.94}, ""Referral"": {""change_pct"": -2.0, ""new"": 3.59, ""old"": 5.59}}}",conversion_rate,Increase,-14.39,Loss,0.687,Acquisition mix optimized toward higher-converting sources.
EXP0603,P099,Makeup,Lipstick,The Derma Co,Premium Pricing Strategy,2025-05-08,2025-05-15,"{""avg_selling_price"": {""change_pct"": 11.05, ""new"": 810.67, ""old"": 730.0}, ""discount_pct"": {""change_pct"": -18.82, ""new"": 19.41, ""old"": 23.91}}",profit,Increase,179.3,Win,0.883,Premium posture combines higher price with lower promotion depth.
EXP0604,P070,Skincare,Serum,Mamaearth,Aggressive Growth Strategy,2025-04-07,2025-04-18,"{""discount_pct"": {""change_pct"": 67.7, ""new"": 26.61, ""old"": 15.87}, ""marketing_spend"": {""change_pct"": 83.61, ""new"": 13274.36, ""old"": 7229.65}, ""shipping_fee"": {""change_pct"": -100.0, ""new"": 0.0, ""old"": 39.0}}",orders,Increase,76.61,Win,0.96,"Growth strategy combines paid reach, promotion, and reduced friction."
EXP0605,P003,Makeup,Lipstick,Minimalist,Profit Optimization Strategy,2025-03-07,2025-03-14,"{""discount_pct"": {""change_pct"": -32.59, ""new"": 10.34, ""old"": 15.34}, ""marketing_spend"": {""change_pct"": -11.77, ""new"": 4763.96, ""old"": 5399.36}, ""sales_channel_mix"": {""Amazon"": {""change_pct"": -4.0, ""new"": 52.58, ""old"": 56.58}, ""MobileApp"": {""change_pct"": 3.0, ""new"": 9.64, ""old"": 6.64}, ""Nykaa"": {""change_pct"": -3.0, ""new"": 12.11, ""old"": 15.11}, ""Website"": {""change_pct"": 4.0, ""new"": 25.67, ""old"": 21.67}}}",profit,Increase,57.48,Win,0.925,Profit optimization trims inefficient spend and marketplace dependency.
EXP0606,P079,Skincare,Serum,Minimalist,Conversion Recovery Strategy,2025-10-13,2025-11-26,"{""campaign_mix"": {""Affiliate"": {""change_pct"": -3.0, ""new"": 17.63, ""old"": 20.63}, ""Email"": {""change_pct"": 3.0, ""new"": 21.27, ""old"": 18.27}, ""Search"": {""change_pct"": 3.0, ""new"": 45.06, ""old"": 42.06}, ""Social"": {""change_pct"": -3.0, ""new"": 16.04, ""old"": 19.04}}, ""discount_pct"": {""change_pct"": 30.13, ""new"": 24.78, ""old"": 19.04}, ""shipping_fee"": {""change_pct"": -76.92, ""new"": 9.0, ""old"": 39.0}}",conversion_rate,Increase,23.39,Win,0.787,Conversion recovery lowers checkout friction and raises intent messaging.
EXP0607,P001,Skincare,Serum,Mamaearth,Inventory Clearance Strategy,2025-04-13,2025-04-20,"{""avg_selling_price"": {""change_pct"": -8.5, ""new"": 658.78, ""old"": 720.0}, ""discount_pct"": {""change_pct"": 91.22, ""new"": 33.2, ""old"": 17.36}}",orders,Increase,67.05,Win,0.913,Clearance strategy accelerates sell-through using price and discount.
EXP0608,P069,Makeup,Lipstick,Minimalist,D2C Growth Strategy,2025-09-13,2025-09-19,"{""marketing_spend"": {""change_pct"": 24.92, ""new"": 6952.35, ""old"": 5565.31}, ""sales_channel_mix"": {""Amazon"": {""change_pct"": -5.0, ""new"": 36.13, ""old"": 41.13}, ""MobileApp"": {""change_pct"": 5.0, ""new"": 15.92, ""old"": 10.92}, ""Nykaa"": {""change_pct"": -5.0, ""new"": 5.01, ""old"": 10.01}, ""Website"": {""change_pct"": 5.0, ""new"": 42.94, ""old"": 37.94}}}",website_sales_pct,Increase,-5.55,Loss,0.662,D2C growth moves share toward owned web and app channels.
EXP0609,P070,Skincare,Serum,Mamaearth,Price Increase,2025-10-17,2025-11-12,"{""avg_selling_price"": {""change_pct"": 14.58, ""new"": 584.33, ""old"": 510.0}}",profit,Increase,131.52,Win,0.948,Premium price test expects higher unit margin with some demand elasticity.
EXP0610,P051,Makeup,Lipstick,Mamaearth,Price Decrease,2025-10-07,2025-10-24,"{""avg_selling_price"": {""change_pct"": -6.77, ""new"": 391.55, ""old"": 420.0}}",orders,Increase,171.36,Win,0.931,Lower price should improve demand and conversion.
EXP0611,P090,Makeup,Lipstick,Minimalist,Discount Increase,2025-04-16,2025-05-04,"{""discount_pct"": {""change_pct"": 39.21, ""new"": 24.51, ""old"": 17.61}}",orders,Increase,18.66,Win,0.762,Higher discount should lift orders but may dilute margin.
EXP0612,P055,Skincare,Serum,Mamaearth,Discount Decrease,2025-01-13,2025-02-17,"{""discount_pct"": {""change_pct"": -36.76, ""new"": 9.68, ""old"": 15.31}}",profit,Increase,-4.82,Loss,0.639,Lower discount tests whether stronger margin offsets order loss.
EXP0613,P008,Haircare,Shampoo,Mamaearth,Shipping Fee Increase,2025-04-27,2025-05-08,"{""shipping_fee"": {""change_pct"": 67.8, ""new"": 99.0, ""old"": 59.0}}",conversion_rate,Decrease,-1.4,Inconclusive,0.52,Higher shipping fee should create checkout friction.
EXP0614,P016,Skincare,Serum,Mamaearth,Shipping Fee Decrease,2025-08-15,2025-09-03,"{""shipping_fee"": {""change_pct"": -57.97, ""new"": 29.0, ""old"": 69.0}}",conversion_rate,Increase,4.5,Win,0.658,Reduced shipping fee should reduce checkout friction.
EXP0615,P028,Skincare,Serum,Mamaearth,Free Shipping,2025-01-30,2025-02-19,"{""shipping_fee"": {""change_pct"": -100.0, ""new"": 0.0, ""old"": 39.0}}",conversion_rate,Increase,7.78,Win,0.645,Free shipping test should increase conversion and order volume.
EXP0616,P023,Haircare,Shampoo,The Derma Co,Marketing Spend Increase,2025-11-30,2025-12-20,"{""marketing_spend"": {""change_pct"": 57.18, ""new"": 23487.5, ""old"": 14943.52}}",traffic,Increase,35.65,Win,0.96,Higher spend should increase traffic through paid reach and lagged adstock.
EXP0617,P034,Skincare,Serum,Mamaearth,Marketing Spend Decrease,2025-11-20,2025-11-28,"{""marketing_spend"": {""change_pct"": -22.16, ""new"": 6104.2, ""old"": 7841.59}}",current_roas,Increase,31.82,Win,0.907,Spend reduction tests whether inefficient paid traffic can be trimmed.
EXP0618,P083,Haircare,Shampoo,Minimalist,Inventory Increase,2025-04-05,2025-04-26,"{""inventory_available"": {""change_pct"": 40.18, ""new"": 988.25, ""old"": 705.0}}",orders,Increase,-1.68,Inconclusive,0.602,Higher stock availability should reduce sales capacity constraints.
EXP0619,P058,Skincare,Serum,Mamaearth,Inventory Reduction,2025-08-18,2025-08-31,"{""inventory_available"": {""change_pct"": -59.45, ""new"": 862.53, ""old"": 2127.0}}",revenue,Decrease,-11.24,Win,0.667,Lower inventory should cap orders and revenue.
EXP0620,P006,Makeup,Lipstick,Minimalist,Amazon to Website Shift,2025-01-23,2025-02-02,"{""sales_channel_mix"": {""Amazon"": {""change_pct"": -9.91, ""new"": 35.49, ""old"": 45.4}, ""Website"": {""change_pct"": 9.91, ""new"": 39.04, ""old"": 29.13}}}",website_sales_pct,Increase,29.82,Win,0.875,Channel share shifted from marketplace to owned website.
EXP0621,P076,Skincare,Serum,Minimalist,Website to Amazon Shift,2025-03-30,2025-04-17,"{""sales_channel_mix"": {""Amazon"": {""change_pct"": 8.49, ""new"": 44.01, ""old"": 35.52}, ""Website"": {""change_pct"": -8.49, ""new"": 14.19, ""old"": 22.68}}}",amazon_sales_pct,Increase,32.71,Win,0.904,Channel share shifted toward Amazon for demand capture.
EXP0622,P069,Makeup,Lipstick,Minimalist,Amazon to Mobile App Shift,2025-01-27,2025-02-02,"{""sales_channel_mix"": {""Amazon"": {""change_pct"": -7.33, ""new"": 32.91, ""old"": 40.24}, ""MobileApp"": {""change_pct"": 7.33, ""new"": 16.21, ""old"": 8.88}}}",mobile_app_sales_pct,Increase,36.75,Win,0.946,Marketplace users redirected toward app purchase journeys.
EXP0623,P003,Makeup,Lipstick,Minimalist,Website to Mobile App Shift,2025-01-25,2025-02-04,"{""sales_channel_mix"": {""MobileApp"": {""change_pct"": 12.95, ""new"": 19.9, ""old"": 6.95}, ""Website"": {""change_pct"": -12.95, ""new"": 9.28, ""old"": 22.23}}}",mobile_app_sales_pct,Increase,202.96,Win,0.914,Owned web traffic nudged toward app conversion.
EXP0624,P059,Haircare,Shampoo,Mamaearth,Channel Mix Optimization,2025-10-27,2025-11-02,"{""sales_channel_mix"": {""Amazon"": {""change_pct"": -5.0, ""new"": 45.57, ""old"": 50.57}, ""MobileApp"": {""change_pct"": 4.0, ""new"": 22.6, ""old"": 18.6}, ""Nykaa"": {""change_pct"": -4.0, ""new"": 3.23, ""old"": 7.23}, ""Website"": {""change_pct"": 5.0, ""new"": 28.6, ""old"": 23.6}}}",current_roas,Increase,15.43,Win,0.749,Mix optimized toward higher-margin owned channels.
EXP0625,P031,Skincare,Serum,Mamaearth,Search Increase,2025-04-14,2025-04-21,"{""campaign_mix"": {""Search"": {""change_pct"": 12.91, ""new"": 54.04, ""old"": 41.13}, ""Social"": {""change_pct"": -12.91, ""new"": 25.62, ""old"": 38.53}}}",search_campaign_pct,Increase,21.92,Win,0.837,Search share increased for higher purchase intent.
EXP0626,P068,Haircare,Shampoo,Mamaearth,Social Increase,2025-01-10,2025-01-18,"{""campaign_mix"": {""Search"": {""change_pct"": -9.55, ""new"": 17.06, ""old"": 26.61}, ""Social"": {""change_pct"": 9.55, ""new"": 30.96, ""old"": 21.41}}}",social_campaign_pct,Increase,39.49,Win,0.929,Social share increased for discovery and mid-funnel reach.
EXP0627,P060,Makeup,Lipstick,The Derma Co,Email Increase,2025-10-06,2025-10-12,"{""campaign_mix"": {""Email"": {""change_pct"": 10.37, ""new"": 20.97, ""old"": 10.6}, ""Social"": {""change_pct"": -10.37, ""new"": 38.94, ""old"": 49.31}}}",retention_rate,Increase,1.02,Inconclusive,0.589,Email share increased to reactivate known buyers.
EXP0628,P024,Makeup,Lipstick,The Derma Co,Affiliate Increase,2025-03-08,2025-04-20,"{""campaign_mix"": {""Affiliate"": {""change_pct"": 10.89, ""new"": 25.14, ""old"": 14.25}, ""Search"": {""change_pct"": -10.89, ""new"": 9.47, ""old"": 20.36}}}",affiliate_campaign_pct,Increase,76.72,Win,0.96,Affiliate share increased for deal-led acquisition.
EXP0629,P039,Makeup,Lipstick,The Derma Co,Campaign Mix Optimization,2025-12-21,2025-12-27,"{""campaign_mix"": {""Affiliate"": {""change_pct"": -2.5, ""new"": 3.0, ""old"": 5.5}, ""Email"": {""change_pct"": 2.5, ""new"": 13.03, ""old"": 10.53}, ""Search"": {""change_pct"": 4.0, ""new"": 37.97, ""old"": 33.97}, ""Social"": {""change_pct"": -4.0, ""new"": 46.0, ""old"": 50.0}}}",current_ctr,Increase,0.86,Loss,0.659,Campaign mix optimized toward intent and lifecycle channels.
EXP0630,P056,Haircare,Shampoo,The Derma Co,Google to Instagram Shift,2025-06-06,2025-06-13,"{""acquisition_mix"": {""Google"": {""change_pct"": -13.0, ""new"": 13.98, ""old"": 26.98}, ""Instagram"": {""change_pct"": 13.0, ""new"": 32.52, ""old"": 19.52}}}",instagram_source_pct,Increase,66.37,Win,0.96,Acquisition shifted from search-led to creator and social discovery.
EXP0631,P072,Makeup,Lipstick,Mamaearth,Instagram to Google Shift,2025-03-08,2025-04-12,"{""acquisition_mix"": {""Google"": {""change_pct"": 11.01, ""new"": 48.6, ""old"": 37.59}, ""Instagram"": {""change_pct"": -11.01, ""new"": 17.84, ""old"": 28.85}}}",google_source_pct,Increase,29.74,Win,0.85,Acquisition shifted toward high-intent Google traffic.
EXP0632,P003,Makeup,Lipstick,Minimalist,Facebook to Google Shift,2025-04-21,2025-05-06,"{""acquisition_mix"": {""Facebook"": {""change_pct"": -6.02, ""new"": 3.0, ""old"": 9.02}, ""Google"": {""change_pct"": 6.02, ""new"": 32.03, ""old"": 26.01}}}",google_source_pct,Increase,16.89,Win,0.792,Budget moved from Facebook to Google for better intent quality.
EXP0633,P052,Skincare,Serum,Mamaearth,Paid to Organic Shift,2025-03-14,2025-04-02,"{""acquisition_mix"": {""Google"": {""change_pct"": -4.0, ""new"": 42.93, ""old"": 46.93}, ""Instagram"": {""change_pct"": -4.0, ""new"": 23.27, ""old"": 27.27}, ""Organic"": {""change_pct"": 8.0, ""new"": 20.27, ""old"": 12.27}}, ""marketing_spend"": {""change_pct"": -19.85, ""new"": 8263.35, ""old"": 10309.34}}",organic_source_pct,Increase,55.08,Win,0.909,Paid dependency reduced while organic share is lifted.
EXP0634,P052,Skincare,Serum,Mamaearth,Acquisition Mix Optimization,2025-10-28,2025-11-07,"{""acquisition_mix"": {}}",conversion_rate,Increase,7.62,Win,0.682,Acquisition mix optimized toward higher-converting sources.
EXP0635,P087,Makeup,Lipstick,The Derma Co,Premium Pricing Strategy,2025-05-18,2025-06-26,"{""avg_selling_price"": {""change_pct"": 9.58, ""new"": 975.27, ""old"": 890.0}, ""discount_pct"": {""change_pct"": -49.78, ""new"": 7.36, ""old"": 14.66}}",profit,Increase,-4.22,Loss,0.658,Premium posture combines higher price with lower promotion depth.
EXP0636,P079,Skincare,Serum,Minimalist,Aggressive Growth Strategy,2025-03-23,2025-04-03,"{""discount_pct"": {""change_pct"": 88.76, ""new"": 24.69, ""old"": 13.08}, ""marketing_spend"": {""change_pct"": 72.53, ""new"": 10988.67, ""old"": 6369.0}, ""shipping_fee"": {""change_pct"": -51.28, ""new"": 19.0, ""old"": 39.0}}",orders,Increase,62.04,Win,0.936,"Growth strategy combines paid reach, promotion, and reduced friction."
EXP0637,P083,Haircare,Shampoo,Minimalist,Profit Optimization Strategy,2025-01-20,2025-01-31,"{""discount_pct"": {""change_pct"": -58.4, ""new"": 6.37, ""old"": 15.32}, ""marketing_spend"": {""change_pct"": -20.05, ""new"": 4692.3, ""old"": 5868.8}, ""sales_channel_mix"": {""Amazon"": {""change_pct"": -4.0, ""new"": 25.56, ""old"": 29.56}, ""MobileApp"": {""change_pct"": 3.0, ""new"": 13.66, ""old"": 10.66}, ""Nykaa"": {""change_pct"": -3.0, ""new"": 20.94, ""old"": 23.94}, ""Website"": {""change_pct"": 4.0, ""new"": 39.84, ""old"": 35.84}}}",profit,Increase,135.64,Win,0.896,Profit optimization trims inefficient spend and marketplace dependency.
EXP0638,P098,Haircare,Shampoo,The Derma Co,Conversion Recovery Strategy,2025-12-01,2025-12-13,"{""campaign_mix"": {""Affiliate"": {""change_pct"": -3.0, ""new"": 11.81, ""old"": 14.81}, ""Email"": {""change_pct"": 3.0, ""new"": 21.29, ""old"": 18.29}, ""Search"": {""change_pct"": 3.0, ""new"": 42.71, ""old"": 39.71}, ""Social"": {""change_pct"": -3.0, ""new"": 24.19, ""old"": 27.19}}, ""discount_pct"": {""change_pct"": 34.96, ""new"": 17.02, ""old"": 12.61}, ""shipping_fee"": {""change_pct"": -50.85, ""new"": 29.0, ""old"": 59.0}}",conversion_rate,Increase,10.14,Inconclusive,0.579,Conversion recovery lowers checkout friction and raises intent messaging.
EXP0639,P064,Skincare,Serum,Mamaearth,Inventory Clearance Strategy,2025-04-08,2025-04-29,"{""avg_selling_price"": {""change_pct"": -4.0, ""new"": 566.38, ""old"": 590.0}, ""discount_pct"": {""change_pct"": 102.73, ""new"": 32.9, ""old"": 16.23}}",orders,Increase,70.4,Win,0.88,Clearance strategy accelerates sell-through using price and discount.
EXP0640,P001,Skincare,Serum,Mamaearth,D2C Growth Strategy,2025-06-13,2025-06-26,"{""marketing_spend"": {""change_pct"": 27.03, ""new"": 9891.55, ""old"": 7787.0}, ""sales_channel_mix"": {""Amazon"": {""change_pct"": -5.0, ""new"": 34.6, ""old"": 39.6}, ""MobileApp"": {""change_pct"": 5.0, ""new"": 16.88, ""old"": 11.88}, ""Nykaa"": {""change_pct"": -5.0, ""new"": 7.52, ""old"": 12.52}, ""Website"": {""change_pct"": 5.0, ""new"": 41.0, ""old"": 36.0}}}",website_sales_pct,Increase,44.4,Win,0.865,D2C growth moves share toward owned web and app channels.
EXP0641,P087,Makeup,Lipstick,The Derma Co,Price Increase,2025-06-29,2025-07-10,"{""avg_selling_price"": {""change_pct"": 13.94, ""new"": 1014.07, ""old"": 890.0}}",profit,Increase,13.35,Win,0.79,Premium price test expects higher unit margin with some demand elasticity.
EXP0642,P076,Skincare,Serum,Minimalist,Price Decrease,2025-02-08,2025-02-24,"{""avg_selling_price"": {""change_pct"": -6.49, ""new"": 944.44, ""old"": 1010.0}}",orders,Increase,0.19,Inconclusive,0.559,Lower price should improve demand and conversion.
EXP0643,P067,Skincare,Serum,Minimalist,Discount Increase,2025-12-11,2025-12-21,"{""discount_pct"": {""change_pct"": 54.08, ""new"": 21.63, ""old"": 14.04}}",orders,Increase,-14.79,Loss,0.723,Higher discount should lift orders but may dilute margin.
EXP0644,P075,Makeup,Lipstick,The Derma Co,Discount Decrease,2025-06-04,2025-06-11,"{""discount_pct"": {""change_pct"": -53.4, ""new"": 6.8, ""old"": 14.59}}",profit,Increase,-5.49,Loss,0.627,Lower discount tests whether stronger margin offsets order loss.
EXP0645,P076,Skincare,Serum,Minimalist,Shipping Fee Increase,2025-09-09,2025-09-25,"{""shipping_fee"": {""change_pct"": 102.56, ""new"": 79.0, ""old"": 39.0}}",conversion_rate,Decrease,-22.68,Win,0.791,Higher shipping fee should create checkout friction.
EXP0646,P068,Haircare,Shampoo,Mamaearth,Shipping Fee Decrease,2025-04-10,2025-04-26,"{""shipping_fee"": {""change_pct"": -40.82, ""new"": 29.0, ""old"": 49.0}}",conversion_rate,Increase,0.43,Loss,0.671,Reduced shipping fee should reduce checkout friction.
EXP0647,P063,Makeup,Lipstick,Mamaearth,Free Shipping,2025-12-03,2025-12-13,"{""shipping_fee"": {""change_pct"": -100.0, ""new"": 0.0, ""old"": 49.0}}",conversion_rate,Increase,5.4,Inconclusive,0.613,Free shipping test should increase conversion and order volume.
EXP0648,P093,Makeup,Lipstick,Minimalist,Marketing Spend Increase,2025-12-12,2025-12-26,"{""marketing_spend"": {""change_pct"": 38.83, ""new"": 16039.58, ""old"": 11553.35}}",traffic,Increase,24.98,Win,0.908,Higher spend should increase traffic through paid reach and lagged adstock.
EXP0649,P038,Haircare,Shampoo,Minimalist,Marketing Spend Decrease,2025-01-31,2025-02-12,"{""marketing_spend"": {""change_pct"": -26.54, ""new"": 3324.18, ""old"": 4524.9}}",current_roas,Increase,21.55,Win,0.849,Spend reduction tests whether inefficient paid traffic can be trimmed.
EXP0650,P053,Haircare,Shampoo,Mamaearth,Inventory Increase,2025-02-21,2025-03-14,"{""inventory_available"": {""change_pct"": 49.68, ""new"": 1052.24, ""old"": 703.0}}",orders,Increase,1.82,Win,0.661,Higher stock availability should reduce sales capacity constraints.
EXP0651,P026,Haircare,Shampoo,The Derma Co,Inventory Reduction,2025-08-05,2025-09-01,"{""inventory_available"": {""change_pct"": -56.97, ""new"": 389.46, ""old"": 905.0}}",revenue,Decrease,14.22,Loss,0.702,Lower inventory should cap orders and revenue.
EXP0652,P031,Skincare,Serum,Mamaearth,Amazon to Website Shift,2025-08-28,2025-09-15,"{""sales_channel_mix"": {""Amazon"": {""change_pct"": -8.19, ""new"": 35.11, ""old"": 43.3}, ""Website"": {""change_pct"": 8.19, ""new"": 32.71, ""old"": 24.52}}}",website_sales_pct,Increase,34.91,Win,0.866,Channel share shifted from marketplace to owned website.
EXP0653,P086,Haircare,Shampoo,The Derma Co,Website to Amazon Shift,2025-11-14,2025-11-24,"{""sales_channel_mix"": {""Amazon"": {""change_pct"": 12.31, ""new"": 45.17, ""old"": 32.86}, ""Website"": {""change_pct"": -12.31, ""new"": 16.87, ""old"": 29.18}}}",amazon_sales_pct,Increase,43.44,Win,0.96,Channel share shifted toward Amazon for demand capture.
EXP0654,P053,Haircare,Shampoo,Mamaearth,Amazon to Mobile App Shift,2025-05-19,2025-06-14,"{""sales_channel_mix"": {""Amazon"": {""change_pct"": -12.1, ""new"": 22.69, ""old"": 34.79}, ""MobileApp"": {""change_pct"": 12.1, ""new"": 21.44, ""old"": 9.34}}}",mobile_app_sales_pct,Increase,116.58,Win,0.9,Marketplace users redirected toward app purchase journeys.
EXP0655,P044,Haircare,Shampoo,The Derma Co,Website to Mobile App Shift,2025-01-09,2025-02-15,"{""sales_channel_mix"": {""MobileApp"": {""change_pct"": 12.38, ""new"": 28.07, ""old"": 15.69}, ""Website"": {""change_pct"": -12.38, ""new"": 20.41, ""old"": 32.79}}}",mobile_app_sales_pct,Increase,80.91,Win,0.893,Owned web traffic nudged toward app conversion.
EXP0656,P006,Makeup,Lipstick,Minimalist,Channel Mix Optimization,2025-11-29,2025-12-31,"{""sales_channel_mix"": {""Amazon"": {""change_pct"": -5.0, ""new"": 35.65, ""old"": 40.65}, ""MobileApp"": {""change_pct"": 4.0, ""new"": 14.74, ""old"": 10.74}, ""Nykaa"": {""change_pct"": -4.0, ""new"": 14.34, ""old"": 18.34}, ""Website"": {""change_pct"": 5.0, ""new"": 35.27, ""old"": 30.27}}}",current_roas,Increase,5.57,Win,0.633,Mix optimized toward higher-margin owned channels.
EXP0657,P003,Makeup,Lipstick,Minimalist,Search Increase,2025-09-04,2025-10-06,"{""campaign_mix"": {""Search"": {""change_pct"": 8.63, ""new"": 35.03, ""old"": 26.4}, ""Social"": {""change_pct"": -8.63, ""new"": 43.41, ""old"": 52.04}}}",search_campaign_pct,Increase,25.61,Win,0.82,Search share increased for higher purchase intent.
EXP0658,P053,Haircare,Shampoo,Mamaearth,Social Increase,2025-08-05,2025-08-12,"{""campaign_mix"": {""Search"": {""change_pct"": -11.75, ""new"": 34.25, ""old"": 46.0}, ""Social"": {""change_pct"": 11.75, ""new"": 43.56, ""old"": 31.81}}}",social_campaign_pct,Increase,33.38,Win,0.923,Social share increased for discovery and mid-funnel reach.
EXP0659,P001,Skincare,Serum,Mamaearth,Email Increase,2025-12-01,2025-12-15,"{""campaign_mix"": {""Email"": {""change_pct"": 6.46, ""new"": 33.68, ""old"": 27.22}, ""Social"": {""change_pct"": -6.46, ""new"": 17.11, ""old"": 23.57}}}",retention_rate,Increase,0.95,Inconclusive,0.523,Email share increased to reactivate known buyers.
EXP0660,P090,Makeup,Lipstick,Minimalist,Affiliate Increase,2025-03-05,2025-04-12,"{""campaign_mix"": {""Affiliate"": {""change_pct"": 9.33, ""new"": 30.83, ""old"": 21.5}, ""Search"": {""change_pct"": -9.33, ""new"": 18.32, ""old"": 27.65}}}",affiliate_campaign_pct,Increase,34.74,Win,0.902,Affiliate share increased for deal-led acquisition.
EXP0661,P039,Makeup,Lipstick,The Derma Co,Campaign Mix Optimization,2025-09-25,2025-10-16,"{""campaign_mix"": {""Affiliate"": {""change_pct"": -2.73, ""new"": 3.0, ""old"": 5.73}, ""Email"": {""change_pct"": 2.73, ""new"": 12.94, ""old"": 10.21}, ""Search"": {""change_pct"": 4.0, ""new"": 38.62, ""old"": 34.62}, ""Social"": {""change_pct"": -4.0, ""new"": 45.44, ""old"": 49.44}}}",current_ctr,Increase,0.83,Inconclusive,0.616,Campaign mix optimized toward intent and lifecycle channels.
EXP0662,P045,Makeup,Lipstick,Mamaearth,Google to Instagram Shift,2025-09-25,2025-11-05,"{""acquisition_mix"": {""Google"": {""change_pct"": -7.21, ""new"": 12.94, ""old"": 20.15}, ""Instagram"": {""change_pct"": 7.21, ""new"": 49.89, ""old"": 42.68}}}",instagram_source_pct,Increase,16.21,Win,0.772,Acquisition shifted from search-led to creator and social discovery.
EXP0663,P035,Haircare,Shampoo,Minimalist,Instagram to Google Shift,2025-10-22,2025-10-31,"{""acquisition_mix"": {""Google"": {""change_pct"": 9.9, ""new"": 54.41, ""old"": 44.51}, ""Instagram"": {""change_pct"": -9.9, ""new"": 6.46, ""old"": 16.36}}}",google_source_pct,Increase,22.63,Win,0.814,Acquisition shifted toward high-intent Google traffic.
EXP0664,P027,Makeup,Lipstick,Mamaearth,Facebook to Google Shift,2025-07-05,2025-07-28,"{""acquisition_mix"": {""Facebook"": {""change_pct"": -8.71, ""new"": 3.48, ""old"": 12.19}, ""Google"": {""change_pct"": 8.71, ""new"": 34.14, ""old"": 25.43}}}",google_source_pct,Increase,35.34,Win,0.939,Budget moved from Facebook to Google for better intent quality.
EXP0665,P096,Makeup,Lipstick,Minimalist,Paid to Organic Shift,2025-02-03,2025-02-25,"{""acquisition_mix"": {""Google"": {""change_pct"": -4.0, ""new"": 19.55, ""old"": 23.55}, ""Instagram"": {""change_pct"": -4.0, ""new"": 23.36, ""old"": 27.36}, ""Organic"": {""change_pct"": 8.0, ""new"": 29.83, ""old"": 21.83}}, ""marketing_spend"": {""change_pct"": -14.27, ""new"": 4375.53, ""old"": 5103.85}}",organic_source_pct,Increase,40.63,Win,0.94,Paid dependency reduced while organic share is lifted.
EXP0666,P062,Haircare,Shampoo,Minimalist,Acquisition Mix Optimization,2025-08-23,2025-08-31,"{""acquisition_mix"": {""Facebook"": {""change_pct"": -3.0, ""new"": 4.96, ""old"": 7.96}, ""Google"": {""change_pct"": 3.0, ""new"": 45.8, ""old"": 42.8}}}",conversion_rate,Increase,8.08,Inconclusive,0.618,Acquisition mix optimized toward higher-converting sources.
EXP0667,P021,Makeup,Lipstick,Minimalist,Premium Pricing Strategy,2025-03-17,2025-04-06,"{""avg_selling_price"": {""change_pct"": 15.24, ""new"": 979.5, ""old"": 850.0}, ""discount_pct"": {""change_pct"": -41.26, ""new"": 9.35, ""old"": 15.92}}",profit,Increase,18.16,Win,0.764,Premium posture combines higher price with lower promotion depth.
EXP0668,P026,Haircare,Shampoo,The Derma Co,Aggressive Growth Strategy,2025-06-03,2025-06-16,"{""discount_pct"": {""change_pct"": 81.23, ""new"": 25.26, ""old"": 13.94}, ""marketing_spend"": {""change_pct"": 43.21, ""new"": 9957.72, ""old"": 6953.09}, ""shipping_fee"": {""change_pct"": -57.97, ""new"": 29.0, ""old"": 69.0}}",orders,Increase,120.88,Win,0.923,"Growth strategy combines paid reach, promotion, and reduced friction."
EXP0669,P078,Makeup,Lipstick,Minimalist,Profit Optimization Strategy,2025-06-27,2025-07-03,"{""discount_pct"": {""change_pct"": -38.8, ""new"": 10.25, ""old"": 16.75}, ""marketing_spend"": {""change_pct"": -18.05, ""new"": 5634.07, ""old"": 6875.24}, ""sales_channel_mix"": {""Amazon"": {""change_pct"": -4.0, ""new"": 35.2, ""old"": 39.2}, ""MobileApp"": {""change_pct"": 3.0, ""new"": 12.41, ""old"": 9.41}, ""Nykaa"": {""change_pct"": -3.0, ""new"": 11.67, ""old"": 14.67}, ""Website"": {""change_pct"": 4.0, ""new"": 40.72, ""old"": 36.72}}}",profit,Increase,67.1,Win,0.902,Profit optimization trims inefficient spend and marketplace dependency.
EXP0670,P078,Makeup,Lipstick,Minimalist,Conversion Recovery Strategy,2025-09-02,2025-09-20,"{""campaign_mix"": {""Affiliate"": {""change_pct"": -3.0, ""new"": 6.21, ""old"": 9.21}, ""Email"": {""change_pct"": 3.0, ""new"": 19.77, ""old"": 16.77}, ""Search"": {""change_pct"": 3.0, ""new"": 18.56, ""old"": 15.56}, ""Social"": {""change_pct"": -3.0, ""new"": 55.46, ""old"": 58.46}}, ""discount_pct"": {""change_pct"": 50.26, ""new"": 23.32, ""old"": 15.52}, ""shipping_fee"": {""change_pct"": -50.85, ""new"": 29.0, ""old"": 59.0}}",conversion_rate,Increase,22.18,Win,0.91,Conversion recovery lowers checkout friction and raises intent messaging.
EXP0671,P088,Skincare,Serum,Minimalist,Inventory Clearance Strategy,2025-11-02,2025-11-16,"{""avg_selling_price"": {""change_pct"": -7.35, ""new"": 1158.15, ""old"": 1250.0}, ""discount_pct"": {""change_pct"": 125.9, ""new"": 25.28, ""old"": 11.19}}",orders,Increase,3.37,Inconclusive,0.603,Clearance strategy accelerates sell-through using price and discount.
EXP0672,P013,Skincare,Serum,Mamaearth,D2C Growth Strategy,2025-09-02,2025-10-15,"{""marketing_spend"": {""change_pct"": 27.22, ""new"": 10408.49, ""old"": 8181.71}, ""sales_channel_mix"": {""Amazon"": {""change_pct"": -5.0, ""new"": 55.65, ""old"": 60.65}, ""MobileApp"": {""change_pct"": 5.0, ""new"": 8.13, ""old"": 3.13}, ""Nykaa"": {""change_pct"": -5.0, ""new"": 11.61, ""old"": 16.61}, ""Website"": {""change_pct"": 5.0, ""new"": 24.61, ""old"": 19.61}}}",website_sales_pct,Increase,180.08,Win,0.959,D2C growth moves share toward owned web and app channels.
EXP0673,P041,Haircare,Shampoo,Minimalist,Price Increase,2025-07-24,2025-08-13,"{""avg_selling_price"": {""change_pct"": 11.21, ""new"": 367.0, ""old"": 330.0}}",profit,Increase,136.79,Win,0.946,Premium price test expects higher unit margin with some demand elasticity.
EXP0674,P065,Haircare,Shampoo,The Derma Co,Price Decrease,2025-03-19,2025-04-19,"{""avg_selling_price"": {""change_pct"": -7.87, ""new"": 294.81, ""old"": 320.0}}",orders,Increase,-0.37,Inconclusive,0.555,Lower price should improve demand and conversion.
EXP0675,P020,Haircare,Shampoo,The Derma Co,Discount Increase,2025-08-02,2025-08-15,"{""discount_pct"": {""change_pct"": 48.56, ""new"": 19.68, ""old"": 13.25}}",orders,Increase,8.85,Inconclusive,0.593,Higher discount should lift orders but may dilute margin.
EXP0676,P068,Haircare,Shampoo,Mamaearth,Discount Decrease,2025-06-08,2025-06-24,"{""discount_pct"": {""change_pct"": -48.15, ""new"": 9.88, ""old"": 19.05}}",profit,Increase,6.14,Win,0.633,Lower discount tests whether stronger margin offsets order loss.
EXP0677,P088,Skincare,Serum,Minimalist,Shipping Fee Increase,2025-01-09,2025-01-16,"{""shipping_fee"": {""change_pct"": 40.82, ""new"": 69.0, ""old"": 49.0}}",conversion_rate,Decrease,3.86,Loss,0.728,Higher shipping fee should create checkout friction.
EXP0678,P066,Makeup,Lipstick,Mamaearth,Shipping Fee Decrease,2025-02-20,2025-03-09,"{""shipping_fee"": {""change_pct"": -76.92, ""new"": 9.0, ""old"": 39.0}}",conversion_rate,Increase,3.01,Inconclusive,0.616,Reduced shipping fee should reduce checkout friction.
EXP0679,P096,Makeup,Lipstick,Minimalist,Free Shipping,2025-11-23,2025-12-01,"{""shipping_fee"": {""change_pct"": -100.0, ""new"": 0.0, ""old"": 59.0}}",conversion_rate,Increase,12.53,Win,0.68,Free shipping test should increase conversion and order volume.
EXP0680,P011,Haircare,Shampoo,Mamaearth,Marketing Spend Increase,2025-07-31,2025-09-12,"{""marketing_spend"": {""change_pct"": 35.18, ""new"": 9641.37, ""old"": 7132.5}}",traffic,Increase,13.57,Win,0.673,Higher spend should increase traffic through paid reach and lagged adstock.
EXP0681,P079,Skincare,Serum,Minimalist,Marketing Spend Decrease,2025-04-16,2025-05-03,"{""marketing_spend"": {""change_pct"": -24.69, ""new"": 5492.88, ""old"": 7293.34}}",current_roas,Increase,30.89,Win,0.841,Spend reduction tests whether inefficient paid traffic can be trimmed.
EXP0682,P051,Makeup,Lipstick,Mamaearth,Inventory Increase,2025-03-20,2025-04-04,"{""inventory_available"": {""change_pct"": 31.55, ""new"": 1868.07, ""old"": 1420.0}}",orders,Increase,-21.17,Loss,0.802,Higher stock availability should reduce sales capacity constraints.
EXP0683,P083,Haircare,Shampoo,Minimalist,Inventory Reduction,2025-05-02,2025-05-23,"{""inventory_available"": {""change_pct"": -37.87, ""new"": 476.54, ""old"": 767.0}}",revenue,Decrease,7.88,Loss,0.631,Lower inventory should cap orders and revenue.
EXP0684,P036,Makeup,Lipstick,The Derma Co,Amazon to Website Shift,2025-10-05,2025-11-18,"{""sales_channel_mix"": {""Amazon"": {""change_pct"": -11.46, ""new"": 21.67, ""old"": 33.13}, ""Website"": {""change_pct"": 11.46, ""new"": 42.09, ""old"": 30.63}}}",website_sales_pct,Increase,34.46,Win,0.96,Channel share shifted from marketplace to owned website.
EXP0685,P063,Makeup,Lipstick,Mamaearth,Website to Amazon Shift,2025-07-07,2025-07-15,"{""sales_channel_mix"": {""Amazon"": {""change_pct"": 10.09, ""new"": 44.57, ""old"": 34.48}, ""Website"": {""change_pct"": -10.09, ""new"": 16.86, ""old"": 26.95}}}",amazon_sales_pct,Increase,82.51,Win,0.96,Channel share shifted toward Amazon for demand capture.
EXP0686,P030,Makeup,Lipstick,Mamaearth,Amazon to Mobile App Shift,2025-05-02,2025-05-17,"{""sales_channel_mix"": {""Amazon"": {""change_pct"": -6.56, ""new"": 43.58, ""old"": 50.14}, ""MobileApp"": {""change_pct"": 6.56, ""new"": 13.93, ""old"": 7.37}}}",mobile_app_sales_pct,Increase,82.67,Win,0.915,Marketplace users redirected toward app purchase journeys.
EXP0687,P075,Makeup,Lipstick,The Derma Co,Website to Mobile App Shift,2025-12-07,2025-12-18,"{""sales_channel_mix"": {""MobileApp"": {""change_pct"": 6.19, ""new"": 23.48, ""old"": 17.29}, ""Website"": {""change_pct"": -6.19, ""new"": 16.7, ""old"": 22.89}}}",mobile_app_sales_pct,Increase,32.62,Win,0.918,Owned web traffic nudged toward app conversion.
EXP0688,P045,Makeup,Lipstick,Mamaearth,Channel Mix Optimization,2025-11-28,2025-12-20,"{""sales_channel_mix"": {""Amazon"": {""change_pct"": -5.0, ""new"": 22.65, ""old"": 27.65}, ""MobileApp"": {""change_pct"": 4.0, ""new"": 24.17, ""old"": 20.17}, ""Nykaa"": {""change_pct"": -4.0, ""new"": 3.12, ""old"": 7.12}, ""Website"": {""change_pct"": 5.0, ""new"": 50.06, ""old"": 45.06}}}",current_roas,Increase,4.89,Inconclusive,0.616,Mix optimized toward higher-margin owned channels.
EXP0689,P048,Makeup,Lipstick,Mamaearth,Search Increase,2025-07-24,2025-09-02,"{""campaign_mix"": {""Search"": {""change_pct"": 10.18, ""new"": 37.29, ""old"": 27.11}, ""Social"": {""change_pct"": -10.18, ""new"": 30.74, ""old"": 40.92}}}",search_campaign_pct,Increase,39.69,Win,0.928,Search share increased for higher purchase intent.
EXP0690,P020,Haircare,Shampoo,The Derma Co,Social Increase,2025-02-01,2025-02-22,"{""campaign_mix"": {""Search"": {""change_pct"": -10.62, ""new"": 19.04, ""old"": 29.66}, ""Social"": {""change_pct"": 10.62, ""new"": 40.44, ""old"": 29.82}}}",social_campaign_pct,Increase,38.53,Win,0.922,Social share increased for discovery and mid-funnel reach.
EXP0691,P085,Skincare,Serum,The Derma Co,Email Increase,2025-03-18,2025-03-31,"{""campaign_mix"": {""Email"": {""change_pct"": 9.86, ""new"": 30.94, ""old"": 21.08}, ""Social"": {""change_pct"": -9.86, ""new"": 24.54, ""old"": 34.4}}}",retention_rate,Increase,-0.09,Inconclusive,0.539,Email share increased to reactivate known buyers.
EXP0692,P064,Skincare,Serum,Mamaearth,Affiliate Increase,2025-08-11,2025-09-06,"{""campaign_mix"": {""Affiliate"": {""change_pct"": 10.71, ""new"": 21.71, ""old"": 11.0}, ""Search"": {""change_pct"": -10.71, ""new"": 34.49, ""old"": 45.2}}}",affiliate_campaign_pct,Increase,92.47,Win,0.936,Affiliate share increased for deal-led acquisition.
EXP0693,P046,Skincare,Serum,Mamaearth,Campaign Mix Optimization,2025-05-08,2025-05-15,"{""campaign_mix"": {""Affiliate"": {""change_pct"": -3.0, ""new"": 4.45, ""old"": 7.45}, ""Email"": {""change_pct"": 3.0, ""new"": 29.97, ""old"": 26.97}, ""Search"": {""change_pct"": 4.0, ""new"": 38.6, ""old"": 34.6}, ""Social"": {""change_pct"": -4.0, ""new"": 26.98, ""old"": 30.98}}}",current_ctr,Increase,2.41,Inconclusive,0.588,Campaign mix optimized toward intent and lifecycle channels.
EXP0694,P001,Skincare,Serum,Mamaearth,Google to Instagram Shift,2025-08-16,2025-08-30,"{""acquisition_mix"": {""Google"": {""change_pct"": -11.0, ""new"": 27.06, ""old"": 38.06}, ""Instagram"": {""change_pct"": 11.0, ""new"": 32.29, ""old"": 21.29}}}",instagram_source_pct,Increase,48.96,Win,0.949,Acquisition shifted from search-led to creator and social discovery.
EXP0695,P098,Haircare,Shampoo,The Derma Co,Instagram to Google Shift,2025-07-13,2025-08-12,"{""acquisition_mix"": {""Google"": {""change_pct"": 9.06, ""new"": 56.24, ""old"": 47.18}, ""Instagram"": {""change_pct"": -9.06, ""new"": 12.27, ""old"": 21.33}}}",google_source_pct,Increase,38.53,Win,0.881,Acquisition shifted toward high-intent Google traffic.
EXP0696,P093,Makeup,Lipstick,Minimalist,Facebook to Google Shift,2025-09-11,2025-10-03,"{""acquisition_mix"": {""Facebook"": {""change_pct"": -3.77, ""new"": 3.0, ""old"": 6.77}, ""Google"": {""change_pct"": 3.77, ""new"": 32.08, ""old"": 28.31}}}",google_source_pct,Increase,27.17,Win,0.813,Budget moved from Facebook to Google for better intent quality.
EXP0697,P059,Haircare,Shampoo,Mamaearth,Paid to Organic Shift,2025-08-14,2025-09-22,"{""acquisition_mix"": {""Google"": {""change_pct"": -4.0, ""new"": 29.67, ""old"": 33.67}, ""Instagram"": {""change_pct"": -4.0, ""new"": 15.16, ""old"": 19.16}, ""Organic"": {""change_pct"": 8.0, ""new"": 23.44, ""old"": 15.44}}, ""marketing_spend"": {""change_pct"": -26.78, ""new"": 11154.59, ""old"": 15234.48}}",organic_source_pct,Increase,23.5,Win,0.722,Paid dependency reduced while organic share is lifted.
EXP0698,P002,Haircare,Shampoo,The Derma Co,Acquisition Mix Optimization,2025-03-11,2025-04-12,"{""acquisition_mix"": {""Facebook"": {""change_pct"": -3.0, ""new"": 14.94, ""old"": 17.94}, ""Google"": {""change_pct"": 3.0, ""new"": 34.6, ""old"": 31.6}}}",conversion_rate,Increase,2.15,Win,0.633,Acquisition mix optimized toward higher-converting sources.
EXP0699,P082,Skincare,Serum,Mamaearth,Premium Pricing Strategy,2025-10-03,2025-10-21,"{""avg_selling_price"": {""change_pct"": 9.5, ""new"": 536.57, ""old"": 490.0}, ""discount_pct"": {""change_pct"": -23.41, ""new"": 13.95, ""old"": 18.22}}",profit,Increase,524.69,Win,0.886,Premium posture combines higher price with lower promotion depth.
EXP0700,P046,Skincare,Serum,Mamaearth,Aggressive Growth Strategy,2025-10-14,2025-11-24,"{""discount_pct"": {""change_pct"": 73.36, ""new"": 28.05, ""old"": 16.18}, ""marketing_spend"": {""change_pct"": 78.19, ""new"": 16586.07, ""old"": 9308.12}, ""shipping_fee"": {""change_pct"": -33.9, ""new"": 39.0, ""old"": 59.0}}",orders,Increase,141.79,Win,0.96,"Growth strategy combines paid reach, promotion, and reduced friction."
EXP0701,P048,Makeup,Lipstick,Mamaearth,Profit Optimization Strategy,2025-05-26,2025-07-07,"{""discount_pct"": {""change_pct"": -37.1, ""new"": 12.34, ""old"": 19.61}, ""marketing_spend"": {""change_pct"": -11.77, ""new"": 5515.19, ""old"": 6250.72}, ""sales_channel_mix"": {""Amazon"": {""change_pct"": -4.0, ""new"": 38.51, ""old"": 42.51}, ""MobileApp"": {""change_pct"": 3.0, ""new"": 8.74, ""old"": 5.74}, ""Nykaa"": {""change_pct"": -3.0, ""new"": 15.49, ""old"": 18.49}, ""Website"": {""change_pct"": 4.0, ""new"": 37.26, ""old"": 33.26}}}",profit,Increase,115.84,Win,0.91,Profit optimization trims inefficient spend and marketplace dependency.
EXP0702,P056,Haircare,Shampoo,The Derma Co,Conversion Recovery Strategy,2025-04-19,2025-05-04,"{""campaign_mix"": {""Affiliate"": {""change_pct"": -3.0, ""new"": 6.48, ""old"": 9.48}, ""Email"": {""change_pct"": 3.0, ""new"": 22.7, ""old"": 19.7}, ""Search"": {""change_pct"": 3.0, ""new"": 42.8, ""old"": 39.8}, ""Social"": {""change_pct"": -3.0, ""new"": 28.02, ""old"": 31.02}}, ""discount_pct"": {""change_pct"": 27.95, ""new"": 24.87, ""old"": 19.44}, ""shipping_fee"": {""change_pct"": -57.97, ""new"": 29.0, ""old"": 69.0}}",conversion_rate,Increase,22.54,Win,0.734,Conversion recovery lowers checkout friction and raises intent messaging.
EXP0703,P048,Makeup,Lipstick,Mamaearth,Inventory Clearance Strategy,2025-04-17,2025-04-26,"{""avg_selling_price"": {""change_pct"": -3.33, ""new"": 734.66, ""old"": 760.0}, ""discount_pct"": {""change_pct"": 70.27, ""new"": 36.81, ""old"": 21.62}}",orders,Increase,16.04,Win,0.759,Clearance strategy accelerates sell-through using price and discount.
EXP0704,P029,Haircare,Shampoo,Minimalist,D2C Growth Strategy,2025-09-04,2025-09-11,"{""marketing_spend"": {""change_pct"": 34.15, ""new"": 10676.26, ""old"": 7958.61}, ""sales_channel_mix"": {""Amazon"": {""change_pct"": -5.0, ""new"": 16.13, ""old"": 21.13}, ""MobileApp"": {""change_pct"": 5.0, ""new"": 19.78, ""old"": 14.78}, ""Nykaa"": {""change_pct"": -5.0, ""new"": 17.0, ""old"": 22.0}, ""Website"": {""change_pct"": 5.0, ""new"": 47.09, ""old"": 42.09}}}",website_sales_pct,Increase,55.35,Win,0.96,D2C growth moves share toward owned web and app channels.
EXP0705,P050,Haircare,Shampoo,Minimalist,Price Increase,2025-05-18,2025-06-11,"{""avg_selling_price"": {""change_pct"": 14.89, ""new"": 505.51, ""old"": 440.0}}",profit,Increase,348.66,Win,0.96,Premium price test expects higher unit margin with some demand elasticity.
EXP0706,P015,Makeup,Lipstick,Minimalist,Price Decrease,2025-02-23,2025-04-06,"{""avg_selling_price"": {""change_pct"": -6.86, ""new"": 689.21, ""old"": 740.0}}",orders,Increase,3.02,Win,0.665,Lower price should improve demand and conversion.
EXP0707,P075,Makeup,Lipstick,The Derma Co,Discount Increase,2025-09-13,2025-09-20,"{""discount_pct"": {""change_pct"": 114.63, ""new"": 22.45, ""old"": 10.46}}",orders,Increase,5.93,Win,0.672,Higher discount should lift orders but may dilute margin.
EXP0708,P018,Makeup,Lipstick,Minimalist,Discount Decrease,2025-01-07,2025-02-13,"{""discount_pct"": {""change_pct"": -45.16, ""new"": 7.21, ""old"": 13.15}}",profit,Increase,35.84,Win,0.87,Lower discount tests whether stronger margin offsets order loss.
EXP0709,P088,Skincare,Serum,Minimalist,Shipping Fee Increase,2025-03-10,2025-04-09,"{""shipping_fee"": {""change_pct"": 61.22, ""new"": 79.0, ""old"": 49.0}}",conversion_rate,Decrease,-3.04,Win,0.72,Higher shipping fee should create checkout friction.
EXP0710,P043,Skincare,Serum,Mamaearth,Shipping Fee Decrease,2025-04-09,2025-05-17,"{""shipping_fee"": {""change_pct"": -76.92, ""new"": 9.0, ""old"": 39.0}}",conversion_rate,Increase,5.11,Inconclusive,0.599,Reduced shipping fee should reduce checkout friction.
EXP0711,P084,Makeup,Lipstick,Minimalist,Free Shipping,2025-06-13,2025-07-01,"{""shipping_fee"": {""change_pct"": -100.0, ""new"": 0.0, ""old"": 59.0}}",conversion_rate,Increase,10.2,Win,0.756,Free shipping test should increase conversion and order volume.
EXP0712,P025,Skincare,Serum,The Derma Co,Marketing Spend Increase,2025-05-24,2025-06-13,"{""marketing_spend"": {""change_pct"": 42.5, ""new"": 15028.5, ""old"": 10546.06}}",traffic,Increase,23.42,Win,0.799,Higher spend should increase traffic through paid reach and lagged adstock.
EXP0713,P056,Haircare,Shampoo,The Derma Co,Marketing Spend Decrease,2025-02-15,2025-03-10,"{""marketing_spend"": {""change_pct"": -32.05, ""new"": 2090.0, ""old"": 3075.78}}",current_roas,Increase,28.04,Win,0.891,Spend reduction tests whether inefficient paid traffic can be trimmed.
EXP0714,P086,Haircare,Shampoo,The Derma Co,Inventory Increase,2025-12-21,2025-12-31,"{""inventory_available"": {""change_pct"": 33.03, ""new"": 1048.29, ""old"": 788.0}}",orders,Increase,-3.49,Loss,0.651,Higher stock availability should reduce sales capacity constraints.
EXP0715,P075,Makeup,Lipstick,The Derma Co,Inventory Reduction,2025-08-25,2025-09-12,"{""inventory_available"": {""change_pct"": -44.89, ""new"": 574.21, ""old"": 1042.0}}",revenue,Decrease,-8.29,Win,0.644,Lower inventory should cap orders and revenue.
EXP0716,P080,Haircare,Shampoo,Mamaearth,Amazon to Website Shift,2025-10-27,2025-11-03,"{""sales_channel_mix"": {""Amazon"": {""change_pct"": -13.45, ""new"": 24.41, ""old"": 37.86}, ""Website"": {""change_pct"": 13.45, ""new"": 38.78, ""old"": 25.33}}}",website_sales_pct,Increase,47.86,Win,0.96,Channel share shifted from marketplace to owned website.
EXP0717,P083,Haircare,Shampoo,Minimalist,Website to Amazon Shift,2025-02-08,2025-03-09,"{""sales_channel_mix"": {""Amazon"": {""change_pct"": 11.54, ""new"": 42.52, ""old"": 30.98}, ""Website"": {""change_pct"": -11.54, ""new"": 22.91, ""old"": 34.45}}}",amazon_sales_pct,Increase,53.93,Win,0.927,Channel share shifted toward Amazon for demand capture.
EXP0718,P017,Haircare,Shampoo,The Derma Co,Amazon to Mobile App Shift,2025-03-21,2025-04-14,"{""sales_channel_mix"": {""Amazon"": {""change_pct"": -7.71, ""new"": 12.96, ""old"": 20.67}, ""MobileApp"": {""change_pct"": 7.71, ""new"": 28.03, ""old"": 20.32}}}",mobile_app_sales_pct,Increase,35.6,Win,0.841,Marketplace users redirected toward app purchase journeys.
EXP0719,P029,Haircare,Shampoo,Minimalist,Website to Mobile App Shift,2025-11-02,2025-11-18,"{""sales_channel_mix"": {""MobileApp"": {""change_pct"": 6.09, ""new"": 21.87, ""old"": 15.78}, ""Website"": {""change_pct"": -6.09, ""new"": 34.84, ""old"": 40.93}}}",mobile_app_sales_pct,Increase,35.08,Win,0.96,Owned web traffic nudged toward app conversion.
EXP0720,P072,Makeup,Lipstick,Mamaearth,Channel Mix Optimization,2025-08-17,2025-08-23,"{""sales_channel_mix"": {""Amazon"": {""change_pct"": -5.0, ""new"": 30.4, ""old"": 35.4}, ""MobileApp"": {""change_pct"": 4.0, ""new"": 32.05, ""old"": 28.05}, ""Nykaa"": {""change_pct"": -4.0, ""new"": 19.66, ""old"": 23.66}, ""Website"": {""change_pct"": 5.0, ""new"": 17.89, ""old"": 12.89}}}",current_roas,Increase,8.68,Inconclusive,0.595,Mix optimized toward higher-margin owned channels.
EXP0721,P014,Haircare,Shampoo,Minimalist,Search Increase,2025-03-14,2025-03-28,"{""campaign_mix"": {""Search"": {""change_pct"": 8.26, ""new"": 33.19, ""old"": 24.93}, ""Social"": {""change_pct"": -8.26, ""new"": 31.2, ""old"": 39.46}}}",search_campaign_pct,Increase,37.54,Win,0.96,Search share increased for higher purchase intent.
EXP0722,P077,Haircare,Shampoo,Mamaearth,Social Increase,2025-07-07,2025-07-31,"{""campaign_mix"": {""Search"": {""change_pct"": -9.8, ""new"": 42.18, ""old"": 51.98}, ""Social"": {""change_pct"": 9.8, ""new"": 31.75, ""old"": 21.95}}}",social_campaign_pct,Increase,38.86,Win,0.934,Social share increased for discovery and mid-funnel reach.
EXP0723,P003,Makeup,Lipstick,Minimalist,Email Increase,2025-03-28,2025-04-09,"{""campaign_mix"": {""Email"": {""change_pct"": 7.17, ""new"": 18.17, ""old"": 11.0}, ""Social"": {""change_pct"": -7.17, ""new"": 44.07, ""old"": 51.24}}}",retention_rate,Increase,-1.0,Inconclusive,0.581,Email share increased to reactivate known buyers.
EXP0724,P011,Haircare,Shampoo,Mamaearth,Affiliate Increase,2025-07-12,2025-07-29,"{""campaign_mix"": {""Affiliate"": {""change_pct"": 5.85, ""new"": 34.43, ""old"": 28.58}, ""Search"": {""change_pct"": -5.85, ""new"": 18.05, ""old"": 23.9}}}",affiliate_campaign_pct,Increase,20.7,Win,0.81,Affiliate share increased for deal-led acquisition.
EXP0725,P001,Skincare,Serum,Mamaearth,Campaign Mix Optimization,2025-09-10,2025-09-19,"{""campaign_mix"": {""Affiliate"": {""change_pct"": -1.13, ""new"": 3.0, ""old"": 4.13}, ""Email"": {""change_pct"": 1.13, ""new"": 27.25, ""old"": 26.12}, ""Search"": {""change_pct"": 4.0, ""new"": 49.02, ""old"": 45.02}, ""Social"": {""change_pct"": -4.0, ""new"": 20.73, ""old"": 24.73}}}",current_ctr,Increase,0.22,Inconclusive,0.557,Campaign mix optimized toward intent and lifecycle channels.
EXP0726,P057,Makeup,Lipstick,The Derma Co,Google to Instagram Shift,2025-08-28,2025-10-03,"{""acquisition_mix"": {""Google"": {""change_pct"": -9.33, ""new"": 20.39, ""old"": 29.72}, ""Instagram"": {""change_pct"": 9.33, ""new"": 47.35, ""old"": 38.02}}}",instagram_source_pct,Increase,36.45,Win,0.955,Acquisition shifted from search-led to creator and social discovery.
EXP0727,P002,Haircare,Shampoo,The Derma Co,Instagram to Google Shift,2025-09-25,2025-10-21,"{""acquisition_mix"": {""Google"": {""change_pct"": 11.36, ""new"": 40.47, ""old"": 29.11}, ""Instagram"": {""change_pct"": -11.36, ""new"": 17.39, ""old"": 28.75}}}",google_source_pct,Increase,33.74,Win,0.96,Acquisition shifted toward high-intent Google traffic.
EXP0728,P039,Makeup,Lipstick,The Derma Co,Facebook to Google Shift,2025-05-04,2025-05-20,"{""acquisition_mix"": {""Facebook"": {""change_pct"": -10.49, ""new"": 3.11, ""old"": 13.6}, ""Google"": {""change_pct"": 10.49, ""new"": 32.43, ""old"": 21.94}}}",google_source_pct,Increase,136.02,Win,0.855,Budget moved from Facebook to Google for better intent quality.
EXP0729,P093,Makeup,Lipstick,Minimalist,Paid to Organic Shift,2025-07-29,2025-09-05,"{""acquisition_mix"": {""Google"": {""change_pct"": -4.0, ""new"": 24.18, ""old"": 28.18}, ""Instagram"": {""change_pct"": -4.0, ""new"": 27.62, ""old"": 31.62}, ""Organic"": {""change_pct"": 8.0, ""new"": 23.79, ""old"": 15.79}}, ""marketing_spend"": {""change_pct"": -13.04, ""new"": 6114.64, ""old"": 7031.92}}",organic_source_pct,Increase,55.11,Win,0.93,Paid dependency reduced while organic share is lifted.
EXP0730,P086,Haircare,Shampoo,The Derma Co,Acquisition Mix Optimization,2025-06-29,2025-07-26,"{""acquisition_mix"": {""Facebook"": {""change_pct"": -3.0, ""new"": 18.17, ""old"": 21.17}, ""Google"": {""change_pct"": 3.0, ""new"": 25.41, ""old"": 22.41}, ""Organic"": {""change_pct"": 0.43, ""new"": 20.15, ""old"": 19.72}, ""Referral"": {""change_pct"": -0.43, ""new"": 3.0, ""old"": 3.43}}}",conversion_rate,Increase,-0.5,Inconclusive,0.609,Acquisition mix optimized toward higher-converting sources.
EXP0731,P019,Skincare,Serum,Mamaearth,Premium Pricing Strategy,2025-06-08,2025-06-28,"{""avg_selling_price"": {""change_pct"": 11.21, ""new"": 845.2, ""old"": 760.0}, ""discount_pct"": {""change_pct"": -33.05, ""new"": 10.5, ""old"": 15.69}}",profit,Increase,23.88,Win,0.886,Premium posture combines higher price with lower promotion depth.
EXP0732,P050,Haircare,Shampoo,Minimalist,Aggressive Growth Strategy,2025-02-03,2025-02-20,"{""discount_pct"": {""change_pct"": 48.47, ""new"": 23.73, ""old"": 15.98}, ""marketing_spend"": {""change_pct"": 76.0, ""new"": 6949.8, ""old"": 3948.71}, ""shipping_fee"": {""change_pct"": -100.0, ""new"": 0.0, ""old"": 39.0}}",orders,Increase,62.75,Win,0.921,"Growth strategy combines paid reach, promotion, and reduced friction."
EXP0733,P019,Skincare,Serum,Mamaearth,Profit Optimization Strategy,2025-12-16,2025-12-24,"{""discount_pct"": {""change_pct"": -39.84, ""new"": 7.6, ""old"": 12.63}, ""marketing_spend"": {""change_pct"": -14.79, ""new"": 4968.57, ""old"": 5831.17}, ""sales_channel_mix"": {""Amazon"": {""change_pct"": -4.0, ""new"": 28.99, ""old"": 32.99}, ""MobileApp"": {""change_pct"": 3.0, ""new"": 30.59, ""old"": 27.59}, ""Nykaa"": {""change_pct"": -3.0, ""new"": 24.42, ""old"": 27.42}, ""Website"": {""change_pct"": 4.0, ""new"": 16.0, ""old"": 12.0}}}",profit,Increase,-5.74,Inconclusive,0.586,Profit optimization trims inefficient spend and marketplace dependency.
EXP0734,P021,Makeup,Lipstick,Minimalist,Conversion Recovery Strategy,2025-05-09,2025-06-19,"{""campaign_mix"": {""Affiliate"": {""change_pct"": -3.0, ""new"": 11.12, ""old"": 14.12}, ""Email"": {""change_pct"": 3.0, ""new"": 23.11, ""old"": 20.11}, ""Search"": {""change_pct"": 3.0, ""new"": 33.16, ""old"": 30.16}, ""Social"": {""change_pct"": -3.0, ""new"": 32.61, ""old"": 35.61}}, ""discount_pct"": {""change_pct"": 20.29, ""new"": 26.48, ""old"": 22.01}, ""shipping_fee"": {""change_pct"": -57.97, ""new"": 29.0, ""old"": 69.0}}",conversion_rate,Increase,20.79,Win,0.803,Conversion recovery lowers checkout friction and raises intent messaging.
EXP0735,P014,Haircare,Shampoo,Minimalist,Inventory Clearance Strategy,2025-01-06,2025-01-15,"{""avg_selling_price"": {""change_pct"": -7.3, ""new"": 444.95, ""old"": 480.0}, ""discount_pct"": {""change_pct"": 91.13, ""new"": 36.35, ""old"": 19.02}}",orders,Increase,31.05,Win,0.93,Clearance strategy accelerates sell-through using price and discount.
EXP0736,P033,Makeup,Lipstick,Mamaearth,D2C Growth Strategy,2025-10-14,2025-11-24,"{""marketing_spend"": {""change_pct"": 31.95, ""new"": 12988.03, ""old"": 9843.25}, ""sales_channel_mix"": {""Amazon"": {""change_pct"": -5.0, ""new"": 28.42, ""old"": 33.42}, ""MobileApp"": {""change_pct"": 5.0, ""new"": 22.54, ""old"": 17.54}, ""Nykaa"": {""change_pct"": -5.0, ""new"": 12.64, ""old"": 17.64}, ""Website"": {""change_pct"": 5.0, ""new"": 36.4, ""old"": 31.4}}}",website_sales_pct,Increase,19.84,Win,0.741,D2C growth moves share toward owned web and app channels.
EXP0737,P065,Haircare,Shampoo,The Derma Co,Price Increase,2025-01-27,2025-02-24,"{""avg_selling_price"": {""change_pct"": 14.56, ""new"": 366.59, ""old"": 320.0}}",profit,Increase,69.11,Win,0.844,Premium price test expects higher unit margin with some demand elasticity.
EXP0738,P061,Skincare,Serum,Minimalist,Price Decrease,2025-10-25,2025-11-16,"{""avg_selling_price"": {""change_pct"": -10.99, ""new"": 667.56, ""old"": 750.0}}",orders,Increase,-0.49,Loss,0.651,Lower price should improve demand and conversion.
EXP0739,P066,Makeup,Lipstick,Mamaearth,Discount Increase,2025-11-07,2025-11-18,"{""discount_pct"": {""change_pct"": 33.49, ""new"": 30.46, ""old"": 22.82}}",orders,Increase,-29.8,Loss,0.827,Higher discount should lift orders but may dilute margin.
EXP0740,P069,Makeup,Lipstick,Minimalist,Discount Decrease,2025-09-27,2025-10-05,"{""discount_pct"": {""change_pct"": -42.18, ""new"": 13.69, ""old"": 23.68}}",profit,Increase,867.87,Win,0.874,Lower discount tests whether stronger margin offsets order loss.
EXP0741,P040,Skincare,Serum,Minimalist,Shipping Fee Increase,2025-04-21,2025-05-21,"{""shipping_fee"": {""change_pct"": 81.63, ""new"": 89.0, ""old"": 49.0}}",conversion_rate,Decrease,-6.41,Win,0.651,Higher shipping fee should create checkout friction.
EXP0742,P047,Haircare,Shampoo,The Derma Co,Shipping Fee Decrease,2025-10-30,2025-12-05,"{""shipping_fee"": {""change_pct"": -100.0, ""new"": 0.0, ""old"": 39.0}}",conversion_rate,Increase,1.65,Inconclusive,0.52,Reduced shipping fee should reduce checkout friction.
EXP0743,P092,Haircare,Shampoo,Minimalist,Free Shipping,2025-01-29,2025-02-07,"{""shipping_fee"": {""change_pct"": -100.0, ""new"": 0.0, ""old"": 69.0}}",conversion_rate,Increase,23.8,Win,0.82,Free shipping test should increase conversion and order volume.
EXP0744,P092,Haircare,Shampoo,Minimalist,Marketing Spend Increase,2025-07-22,2025-08-06,"{""marketing_spend"": {""change_pct"": 52.97, ""new"": 9994.06, ""old"": 6533.41}}",traffic,Increase,37.91,Win,0.852,Higher spend should increase traffic through paid reach and lagged adstock.
EXP0745,P039,Makeup,Lipstick,The Derma Co,Marketing Spend Decrease,2025-08-27,2025-09-11,"{""marketing_spend"": {""change_pct"": -28.9, ""new"": 5498.95, ""old"": 7733.8}}",current_roas,Increase,45.06,Win,0.96,Spend reduction tests whether inefficient paid traffic can be trimmed.
EXP0746,P089,Haircare,Shampoo,Minimalist,Inventory Increase,2025-06-06,2025-06-12,"{""inventory_available"": {""change_pct"": 70.76, ""new"": 1956.9, ""old"": 1146.0}}",orders,Increase,7.39,Win,0.63,Higher stock availability should reduce sales capacity constraints.
EXP0747,P061,Skincare,Serum,Minimalist,Inventory Reduction,2025-06-12,2025-06-18,"{""inventory_available"": {""change_pct"": -39.88, ""new"": 603.62, ""old"": 1004.0}}",revenue,Decrease,-5.92,Inconclusive,0.595,Lower inventory should cap orders and revenue.
EXP0748,P010,Skincare,Serum,Mamaearth,Amazon to Website Shift,2025-03-02,2025-03-19,"{""sales_channel_mix"": {""Amazon"": {""change_pct"": -11.77, ""new"": 30.05, ""old"": 41.82}, ""Website"": {""change_pct"": 11.77, ""new"": 37.06, ""old"": 25.29}}}",website_sales_pct,Increase,46.27,Win,0.907,Channel share shifted from marketplace to owned website.
EXP0749,P077,Haircare,Shampoo,Mamaearth,Website to Amazon Shift,2025-05-18,2025-06-13,"{""sales_channel_mix"": {""Amazon"": {""change_pct"": 8.26, ""new"": 66.75, ""old"": 58.49}, ""Website"": {""change_pct"": -8.26, ""new"": 13.07, ""old"": 21.33}}}",amazon_sales_pct,Increase,17.21,Win,0.797,Channel share shifted toward Amazon for demand capture.
EXP0750,P079,Skincare,Serum,Minimalist,Amazon to Mobile App Shift,2025-05-31,2025-06-30,"{""sales_channel_mix"": {""Amazon"": {""change_pct"": -7.78, ""new"": 31.24, ""old"": 39.02}, ""MobileApp"": {""change_pct"": 7.78, ""new"": 18.27, ""old"": 10.49}}}",mobile_app_sales_pct,Increase,78.78,Win,0.96,Marketplace users redirected toward app purchase journeys.
EXP0751,P078,Makeup,Lipstick,Minimalist,Website to Mobile App Shift,2025-07-10,2025-07-23,"{""sales_channel_mix"": {""MobileApp"": {""change_pct"": 9.21, ""new"": 18.32, ""old"": 9.11}, ""Website"": {""change_pct"": -9.21, ""new"": 27.32, ""old"": 36.53}}}",mobile_app_sales_pct,Increase,77.68,Win,0.876,Owned web traffic nudged toward app conversion.
EXP0752,P051,Makeup,Lipstick,Mamaearth,Channel Mix Optimization,2025-04-08,2025-05-12,"{""sales_channel_mix"": {""Amazon"": {""change_pct"": -5.0, ""new"": 21.6, ""old"": 26.6}, ""MobileApp"": {""change_pct"": 4.0, ""new"": 15.63, ""old"": 11.63}, ""Nykaa"": {""change_pct"": -4.0, ""new"": 27.34, ""old"": 31.34}, ""Website"": {""change_pct"": 5.0, ""new"": 35.43, ""old"": 30.43}}}",current_roas,Increase,6.94,Inconclusive,0.532,Mix optimized toward higher-margin owned channels.
EXP0753,P046,Skincare,Serum,Mamaearth,Search Increase,2025-11-29,2025-12-11,"{""campaign_mix"": {""Search"": {""change_pct"": 6.79, ""new"": 40.28, ""old"": 33.49}, ""Social"": {""change_pct"": -6.79, ""new"": 23.44, ""old"": 30.23}}}",search_campaign_pct,Increase,20.48,Win,0.795,Search share increased for higher purchase intent.
EXP0754,P010,Skincare,Serum,Mamaearth,Social Increase,2025-05-05,2025-05-24,"{""campaign_mix"": {""Search"": {""change_pct"": -8.71, ""new"": 42.75, ""old"": 51.46}, ""Social"": {""change_pct"": 8.71, ""new"": 26.54, ""old"": 17.83}}}",social_campaign_pct,Increase,50.75,Win,0.928,Social share increased for discovery and mid-funnel reach.
EXP0755,P084,Makeup,Lipstick,Minimalist,Email Increase,2025-05-18,2025-05-25,"{""campaign_mix"": {""Email"": {""change_pct"": 8.79, ""new"": 26.55, ""old"": 17.76}, ""Social"": {""change_pct"": -8.79, ""new"": 48.45, ""old"": 57.24}}}",retention_rate,Increase,-1.87,Loss,0.643,Email share increased to reactivate known buyers.
EXP0756,P033,Makeup,Lipstick,Mamaearth,Affiliate Increase,2025-02-08,2025-03-23,"{""campaign_mix"": {""Affiliate"": {""change_pct"": 9.89, ""new"": 17.68, ""old"": 7.79}, ""Search"": {""change_pct"": -9.89, ""new"": 16.59, ""old"": 26.48}}}",affiliate_campaign_pct,Increase,111.81,Win,0.953,Affiliate share increased for deal-led acquisition.
EXP0757,P036,Makeup,Lipstick,The Derma Co,Campaign Mix Optimization,2025-03-30,2025-05-09,"{""campaign_mix"": {""Affiliate"": {""change_pct"": -3.0, ""new"": 19.08, ""old"": 22.08}, ""Email"": {""change_pct"": 3.0, ""new"": 14.77, ""old"": 11.77}, ""Search"": {""change_pct"": 4.0, ""new"": 31.11, ""old"": 27.11}, ""Social"": {""change_pct"": -4.0, ""new"": 35.04, ""old"": 39.04}}}",current_ctr,Increase,0.59,Inconclusive,0.525,Campaign mix optimized toward intent and lifecycle channels.
EXP0758,P024,Makeup,Lipstick,The Derma Co,Google to Instagram Shift,2025-10-13,2025-11-07,"{""acquisition_mix"": {""Google"": {""change_pct"": -10.5, ""new"": 18.48, ""old"": 28.98}, ""Instagram"": {""change_pct"": 10.5, ""new"": 35.81, ""old"": 25.31}}}",instagram_source_pct,Increase,42.06,Win,0.96,Acquisition shifted from search-led to creator and social discovery.
EXP0759,P057,Makeup,Lipstick,The Derma Co,Instagram to Google Shift,2025-02-09,2025-03-03,"{""acquisition_mix"": {""Google"": {""change_pct"": 12.91, ""new"": 44.14, ""old"": 31.23}, ""Instagram"": {""change_pct"": -12.91, ""new"": 23.84, ""old"": 36.75}}}",google_source_pct,Increase,44.67,Win,0.96,Acquisition shifted toward high-intent Google traffic.
EXP0760,P047,Haircare,Shampoo,The Derma Co,Facebook to Google Shift,2025-09-23,2025-10-27,"{""acquisition_mix"": {""Facebook"": {""change_pct"": -6.69, ""new"": 3.93, ""old"": 10.62}, ""Google"": {""change_pct"": 6.69, ""new"": 51.66, ""old"": 44.97}}}",google_source_pct,Increase,14.67,Win,0.723,Budget moved from Facebook to Google for better intent quality.
EXP0761,P075,Makeup,Lipstick,The Derma Co,Paid to Organic Shift,2025-06-27,2025-07-04,"{""acquisition_mix"": {""Google"": {""change_pct"": -4.0, ""new"": 15.5, ""old"": 19.5}, ""Instagram"": {""change_pct"": -4.0, ""new"": 37.54, ""old"": 41.54}, ""Organic"": {""change_pct"": 8.0, ""new"": 27.69, ""old"": 19.69}}, ""marketing_spend"": {""change_pct"": -22.93, ""new"": 4667.74, ""old"": 6056.15}}",organic_source_pct,Increase,41.31,Win,0.905,Paid dependency reduced while organic share is lifted.
EXP0762,P045,Makeup,Lipstick,Mamaearth,Acquisition Mix Optimization,2025-01-23,2025-02-24,"{""acquisition_mix"": {""Facebook"": {""change_pct"": -3.0, ""new"": 12.52, ""old"": 15.52}, ""Google"": {""change_pct"": 3.0, ""new"": 22.9, ""old"": 19.9}}}",conversion_rate,Increase,0.63,Inconclusive,0.555,Acquisition mix optimized toward higher-converting sources.
EXP0763,P063,Makeup,Lipstick,Mamaearth,Premium Pricing Strategy,2025-05-18,2025-05-28,"{""avg_selling_price"": {""change_pct"": 13.49, ""new"": 590.15, ""old"": 520.0}, ""discount_pct"": {""change_pct"": -34.12, ""new"": 13.64, ""old"": 20.7}}",profit,Increase,2.99,Win,0.633,Premium posture combines higher price with lower promotion depth.
EXP0764,P010,Skincare,Serum,Mamaearth,Aggressive Growth Strategy,2025-03-30,2025-04-06,"{""discount_pct"": {""change_pct"": 69.51, ""new"": 23.36, ""old"": 13.78}, ""marketing_spend"": {""change_pct"": 49.05, ""new"": 12014.13, ""old"": 8060.54}, ""shipping_fee"": {""change_pct"": -40.82, ""new"": 29.0, ""old"": 49.0}}",orders,Increase,81.13,Win,0.934,"Growth strategy combines paid reach, promotion, and reduced friction."
EXP0765,P026,Haircare,Shampoo,The Derma Co,Profit Optimization Strategy,2025-10-23,2025-11-04,"{""discount_pct"": {""change_pct"": -28.37, ""new"": 10.32, ""old"": 14.41}, ""marketing_spend"": {""change_pct"": -17.47, ""new"": 7477.34, ""old"": 9059.91}, ""sales_channel_mix"": {""Amazon"": {""change_pct"": -4.0, ""new"": 29.29, ""old"": 33.29}, ""MobileApp"": {""change_pct"": 3.0, ""new"": 16.58, ""old"": 13.58}, ""Nykaa"": {""change_pct"": -3.0, ""new"": 19.46, ""old"": 22.46}, ""Website"": {""change_pct"": 4.0, ""new"": 34.67, ""old"": 30.67}}}",profit,Increase,150.24,Win,0.914,Profit optimization trims inefficient spend and marketplace dependency.
EXP0766,P094,Skincare,Serum,Minimalist,Conversion Recovery Strategy,2025-04-14,2025-04-27,"{""campaign_mix"": {""Affiliate"": {""change_pct"": -3.0, ""new"": 13.8, ""old"": 16.8}, ""Email"": {""change_pct"": 3.0, ""new"": 18.46, ""old"": 15.46}, ""Search"": {""change_pct"": 3.0, ""new"": 45.48, ""old"": 42.48}, ""Social"": {""change_pct"": -3.0, ""new"": 22.26, ""old"": 25.26}}, ""discount_pct"": {""change_pct"": 68.35, ""new"": 18.97, ""old"": 11.27}, ""shipping_fee"": {""change_pct"": -61.22, ""new"": 19.0, ""old"": 49.0}}",conversion_rate,Increase,29.48,Win,0.896,Conversion recovery lowers checkout friction and raises intent messaging.
EXP0767,P049,Skincare,Serum,Mamaearth,Inventory Clearance Strategy,2025-10-22,2025-10-30,"{""avg_selling_price"": {""change_pct"": -8.18, ""new"": 688.66, ""old"": 750.0}, ""discount_pct"": {""change_pct"": 79.45, ""new"": 32.53, ""old"": 18.13}}",orders,Increase,64.66,Win,0.879,Clearance strategy accelerates sell-through using price and discount.
EXP0768,P094,Skincare,Serum,Minimalist,D2C Growth Strategy,2025-10-01,2025-11-08,"{""marketing_spend"": {""change_pct"": 22.14, ""new"": 14844.76, ""old"": 12153.72}, ""sales_channel_mix"": {""Amazon"": {""change_pct"": -5.0, ""new"": 25.49, ""old"": 30.49}, ""MobileApp"": {""change_pct"": 5.0, ""new"": 13.14, ""old"": 8.14}, ""Nykaa"": {""change_pct"": -5.0, ""new"": 16.68, ""old"": 21.68}, ""Website"": {""change_pct"": 5.0, ""new"": 44.69, ""old"": 39.69}}}",website_sales_pct,Increase,14.11,Win,0.738,D2C growth moves share toward owned web and app channels.
EXP0769,P066,Makeup,Lipstick,Mamaearth,Price Increase,2025-06-11,2025-06-17,"{""avg_selling_price"": {""change_pct"": 13.79, ""new"": 910.29, ""old"": 800.0}}",profit,Increase,389.11,Win,0.949,Premium price test expects higher unit margin with some demand elasticity.
EXP0770,P010,Skincare,Serum,Mamaearth,Price Decrease,2025-06-26,2025-07-16,"{""avg_selling_price"": {""change_pct"": -11.82, ""new"": 493.81, ""old"": 560.0}}",orders,Increase,4.74,Inconclusive,0.57,Lower price should improve demand and conversion.
EXP0771,P023,Haircare,Shampoo,The Derma Co,Discount Increase,2025-08-04,2025-09-04,"{""discount_pct"": {""change_pct"": 70.24, ""new"": 25.66, ""old"": 15.07}}",orders,Increase,46.39,Win,0.96,Higher discount should lift orders but may dilute margin.
EXP0772,P017,Haircare,Shampoo,The Derma Co,Discount Decrease,2025-01-24,2025-03-07,"{""discount_pct"": {""change_pct"": -58.4, ""new"": 6.76, ""old"": 16.24}}",profit,Increase,-55.61,Loss,0.896,Lower discount tests whether stronger margin offsets order loss.
EXP0773,P004,Skincare,Serum,The Derma Co,Shipping Fee Increase,2025-02-14,2025-02-21,"{""shipping_fee"": {""change_pct"": 40.82, ""new"": 69.0, ""old"": 49.0}}",conversion_rate,Decrease,-5.73,Inconclusive,0.58,Higher shipping fee should create checkout friction.
EXP0774,P036,Makeup,Lipstick,The Derma Co,Shipping Fee Decrease,2025-01-16,2025-01-25,"{""shipping_fee"": {""change_pct"": -43.48, ""new"": 39.0, ""old"": 69.0}}",conversion_rate,Increase,7.3,Inconclusive,0.52,Reduced shipping fee should reduce checkout friction.
EXP0775,P091,Skincare,Serum,Minimalist,Free Shipping,2025-07-25,2025-08-25,"{""shipping_fee"": {""change_pct"": -100.0, ""new"": 0.0, ""old"": 49.0}}",conversion_rate,Increase,11.48,Win,0.723,Free shipping test should increase conversion and order volume.
EXP0776,P048,Makeup,Lipstick,Mamaearth,Marketing Spend Increase,2025-03-29,2025-04-06,"{""marketing_spend"": {""change_pct"": 57.88, ""new"": 12244.23, ""old"": 7755.25}}",traffic,Increase,32.73,Win,0.96,Higher spend should increase traffic through paid reach and lagged adstock.
EXP0777,P051,Makeup,Lipstick,Mamaearth,Marketing Spend Decrease,2025-01-27,2025-02-06,"{""marketing_spend"": {""change_pct"": -40.61, ""new"": 3050.82, ""old"": 5137.3}}",current_roas,Increase,55.68,Win,0.923,Spend reduction tests whether inefficient paid traffic can be trimmed.
EXP0778,P051,Makeup,Lipstick,Mamaearth,Inventory Increase,2025-02-08,2025-02-21,"{""inventory_available"": {""change_pct"": 77.04, ""new"": 3084.03, ""old"": 1742.0}}",orders,Increase,10.41,Win,0.743,Higher stock availability should reduce sales capacity constraints.
EXP0779,P095,Haircare,Shampoo,Mamaearth,Inventory Reduction,2025-05-04,2025-05-13,"{""inventory_available"": {""change_pct"": -30.31, ""new"": 651.65, ""old"": 935.0}}",revenue,Decrease,8.89,Inconclusive,0.607,Lower inventory should cap orders and revenue.
EXP0780,P052,Skincare,Serum,Mamaearth,Amazon to Website Shift,2025-05-14,2025-05-20,"{""sales_channel_mix"": {""Amazon"": {""change_pct"": -14.91, ""new"": 30.22, ""old"": 45.13}, ""Website"": {""change_pct"": 14.91, ""new"": 41.86, ""old"": 26.95}}}",website_sales_pct,Increase,46.84,Win,0.96,Channel share shifted from marketplace to owned website.
EXP0781,P045,Makeup,Lipstick,Mamaearth,Website to Amazon Shift,2025-07-08,2025-07-17,"{""sales_channel_mix"": {""Amazon"": {""change_pct"": 15.46, ""new"": 47.02, ""old"": 31.56}, ""Website"": {""change_pct"": -15.46, ""new"": 28.12, ""old"": 43.58}}}",amazon_sales_pct,Increase,46.17,Win,0.96,Channel share shifted toward Amazon for demand capture.
EXP0782,P100,Skincare,Serum,The Derma Co,Amazon to Mobile App Shift,2025-10-24,2025-11-10,"{""sales_channel_mix"": {""Amazon"": {""change_pct"": -10.33, ""new"": 7.94, ""old"": 18.27}, ""MobileApp"": {""change_pct"": 10.33, ""new"": 28.31, ""old"": 17.98}}}",mobile_app_sales_pct,Increase,59.88,Win,0.96,Marketplace users redirected toward app purchase journeys.
EXP0783,P009,Makeup,Lipstick,Mamaearth,Website to Mobile App Shift,2025-10-12,2025-11-05,"{""sales_channel_mix"": {""MobileApp"": {""change_pct"": 11.55, ""new"": 23.14, ""old"": 11.59}, ""Website"": {""change_pct"": -11.55, ""new"": 30.1, ""old"": 41.65}}}",mobile_app_sales_pct,Increase,106.46,Win,0.96,Owned web traffic nudged toward app conversion.
EXP0784,P075,Makeup,Lipstick,The Derma Co,Channel Mix Optimization,2025-12-19,2025-12-26,"{""sales_channel_mix"": {""Amazon"": {""change_pct"": -5.0, ""new"": 26.15, ""old"": 31.15}, ""MobileApp"": {""change_pct"": 4.0, ""new"": 21.59, ""old"": 17.59}, ""Nykaa"": {""change_pct"": -4.0, ""new"": 24.46, ""old"": 28.46}, ""Website"": {""change_pct"": 5.0, ""new"": 27.8, ""old"": 22.8}}}",current_roas,Increase,-13.47,Loss,0.763,Mix optimized toward higher-margin owned channels.
EXP0785,P088,Skincare,Serum,Minimalist,Search Increase,2025-04-11,2025-04-27,"{""campaign_mix"": {""Search"": {""change_pct"": 10.88, ""new"": 47.16, ""old"": 36.28}, ""Social"": {""change_pct"": -10.88, ""new"": 28.62, ""old"": 39.5}}}",search_campaign_pct,Increase,27.1,Win,0.914,Search share increased for higher purchase intent.
EXP0786,P043,Skincare,Serum,Mamaearth,Social Increase,2025-09-05,2025-09-12,"{""campaign_mix"": {""Search"": {""change_pct"": -10.49, ""new"": 37.97, ""old"": 48.46}, ""Social"": {""change_pct"": 10.49, ""new"": 29.75, ""old"": 19.26}}}",social_campaign_pct,Increase,48.12,Win,0.899,Social share increased for discovery and mid-funnel reach.
EXP0787,P038,Haircare,Shampoo,Minimalist,Email Increase,2025-09-05,2025-10-07,"{""campaign_mix"": {""Email"": {""change_pct"": 10.59, ""new"": 30.75, ""old"": 20.16}, ""Social"": {""change_pct"": -10.59, ""new"": 8.01, ""old"": 18.6}}}",retention_rate,Increase,-2.21,Inconclusive,0.601,Email share increased to reactivate known buyers.
EXP0788,P013,Skincare,Serum,Mamaearth,Affiliate Increase,2025-01-17,2025-02-24,"{""campaign_mix"": {""Affiliate"": {""change_pct"": 8.94, ""new"": 18.82, ""old"": 9.88}, ""Search"": {""change_pct"": -8.94, ""new"": 34.83, ""old"": 43.77}}}",affiliate_campaign_pct,Increase,82.86,Win,0.923,Affiliate share increased for deal-led acquisition.
EXP0789,P096,Makeup,Lipstick,Minimalist,Campaign Mix Optimization,2025-10-15,2025-10-26,"{""campaign_mix"": {""Affiliate"": {""change_pct"": -3.0, ""new"": 12.17, ""old"": 15.17}, ""Email"": {""change_pct"": 3.0, ""new"": 17.98, ""old"": 14.98}, ""Search"": {""change_pct"": 4.0, ""new"": 36.59, ""old"": 32.59}, ""Social"": {""change_pct"": -4.0, ""new"": 33.26, ""old"": 37.26}}}",current_ctr,Increase,6.13,Inconclusive,0.601,Campaign mix optimized toward intent and lifecycle channels.
EXP0790,P042,Makeup,Lipstick,Mamaearth,Google to Instagram Shift,2025-01-17,2025-02-12,"{""acquisition_mix"": {""Google"": {""change_pct"": -10.87, ""new"": 11.94, ""old"": 22.81}, ""Instagram"": {""change_pct"": 10.87, ""new"": 43.11, ""old"": 32.24}}}",instagram_source_pct,Increase,36.52,Win,0.928,Acquisition shifted from search-led to creator and social discovery.
EXP0791,P065,Haircare,Shampoo,The Derma Co,Instagram to Google Shift,2025-11-15,2025-12-04,"{""acquisition_mix"": {""Google"": {""change_pct"": 6.69, ""new"": 45.28, ""old"": 38.59}, ""Instagram"": {""change_pct"": -6.69, ""new"": 13.53, ""old"": 20.22}}}",google_source_pct,Increase,15.2,Win,0.774,Acquisition shifted toward high-intent Google traffic.
EXP0792,P094,Skincare,Serum,Minimalist,Facebook to Google Shift,2025-03-09,2025-03-15,"{""acquisition_mix"": {""Facebook"": {""change_pct"": -7.08, ""new"": 16.26, ""old"": 23.34}, ""Google"": {""change_pct"": 7.08, ""new"": 41.63, ""old"": 34.55}}}",google_source_pct,Increase,19.08,Win,0.761,Budget moved from Facebook to Google for better intent quality.
EXP0793,P006,Makeup,Lipstick,Minimalist,Paid to Organic Shift,2025-07-02,2025-07-19,"{""acquisition_mix"": {""Google"": {""change_pct"": -4.0, ""new"": 23.39, ""old"": 27.39}, ""Instagram"": {""change_pct"": -4.0, ""new"": 26.16, ""old"": 30.16}, ""Organic"": {""change_pct"": 8.0, ""new"": 27.23, ""old"": 19.23}}, ""marketing_spend"": {""change_pct"": -18.15, ""new"": 5169.78, ""old"": 6316.42}}",organic_source_pct,Increase,45.34,Win,0.844,Paid dependency reduced while organic share is lifted.
EXP0794,P076,Skincare,Serum,Minimalist,Acquisition Mix Optimization,2025-04-20,2025-05-06,"{""acquisition_mix"": {""Facebook"": {""change_pct"": -2.86, ""new"": 3.0, ""old"": 5.86}, ""Google"": {""change_pct"": 2.86, ""new"": 48.23, ""old"": 45.37}, ""Organic"": {""change_pct"": 1.6, ""new"": 14.54, ""old"": 12.94}, ""Referral"": {""change_pct"": -1.6, ""new"": 3.0, ""old"": 4.6}}}",conversion_rate,Increase,3.96,Inconclusive,0.593,Acquisition mix optimized toward higher-converting sources.
EXP0795,P033,Makeup,Lipstick,Mamaearth,Premium Pricing Strategy,2025-11-29,2025-12-14,"{""avg_selling_price"": {""change_pct"": 11.26, ""new"": 378.27, ""old"": 340.0}, ""discount_pct"": {""change_pct"": -15.07, ""new"": 23.14, ""old"": 27.24}}",profit,Increase,907.88,Win,0.879,Premium posture combines higher price with lower promotion depth.
EXP0796,P075,Makeup,Lipstick,The Derma Co,Aggressive Growth Strategy,2025-06-12,2025-06-19,"{""discount_pct"": {""change_pct"": 55.37, ""new"": 18.63, ""old"": 11.99}, ""marketing_spend"": {""change_pct"": 84.05, ""new"": 10391.66, ""old"": 5646.17}, ""shipping_fee"": {""change_pct"": -51.28, ""new"": 19.0, ""old"": 39.0}}",orders,Increase,41.85,Win,0.96,"Growth strategy combines paid reach, promotion, and reduced friction."
EXP0797,P074,Haircare,Shampoo,Minimalist,Profit Optimization Strategy,2025-07-11,2025-07-29,"{""discount_pct"": {""change_pct"": -46.0, ""new"": 8.39, ""old"": 15.53}, ""marketing_spend"": {""change_pct"": -11.17, ""new"": 7690.58, ""old"": 8657.42}, ""sales_channel_mix"": {""Amazon"": {""change_pct"": -4.0, ""new"": 25.72, ""old"": 29.72}, ""MobileApp"": {""change_pct"": 3.0, ""new"": 10.83, ""old"": 7.83}, ""Nykaa"": {""change_pct"": -3.0, ""new"": 17.32, ""old"": 20.32}, ""Website"": {""change_pct"": 4.0, ""new"": 46.13, ""old"": 42.13}}}",profit,Increase,101.79,Win,0.922,Profit optimization trims inefficient spend and marketplace dependency.
EXP0798,P075,Makeup,Lipstick,The Derma Co,Conversion Recovery Strategy,2025-07-06,2025-07-16,"{""campaign_mix"": {""Affiliate"": {""change_pct"": -3.0, ""new"": 5.17, ""old"": 8.17}, ""Email"": {""change_pct"": 3.0, ""new"": 23.29, ""old"": 20.29}, ""Search"": {""change_pct"": 3.0, ""new"": 25.14, ""old"": 22.14}, ""Social"": {""change_pct"": -3.0, ""new"": 46.4, ""old"": 49.4}}, ""discount_pct"": {""change_pct"": 63.33, ""new"": 18.57, ""old"": 11.37}, ""shipping_fee"": {""change_pct"": -51.28, ""new"": 19.0, ""old"": 39.0}}",conversion_rate,Increase,8.25,Win,0.642,Conversion recovery lowers checkout friction and raises intent messaging.
EXP0799,P008,Haircare,Shampoo,Mamaearth,Inventory Clearance Strategy,2025-01-13,2025-01-28,"{""avg_selling_price"": {""change_pct"": -8.74, ""new"": 392.4, ""old"": 430.0}, ""discount_pct"": {""change_pct"": 99.88, ""new"": 34.92, ""old"": 17.47}}",orders,Increase,12.4,Win,0.713,Clearance strategy accelerates sell-through using price and discount.
EXP0800,P067,Skincare,Serum,Minimalist,D2C Growth Strategy,2025-05-01,2025-05-14,"{""marketing_spend"": {""change_pct"": 22.65, ""new"": 14621.03, ""old"": 11921.3}, ""sales_channel_mix"": {""Amazon"": {""change_pct"": -5.0, ""new"": 28.97, ""old"": 33.97}, ""MobileApp"": {""change_pct"": 5.0, ""new"": 19.24, ""old"": 14.24}, ""Nykaa"": {""change_pct"": -5.0, ""new"": 9.32, ""old"": 14.32}, ""Website"": {""change_pct"": 5.0, ""new"": 42.47, ""old"": 37.47}}}",website_sales_pct,Increase,15.85,Win,0.771,D2C growth moves share toward owned web and app channels.
EXP0801,P037,Skincare,Serum,The Derma Co,Price Increase,2025-07-25,2025-08-20,"{""avg_selling_price"": {""change_pct"": 12.12, ""new"": 639.06, ""old"": 570.0}}",profit,Increase,31.2,Win,0.96,Premium price test expects higher unit margin with some demand elasticity.
EXP0802,P015,Makeup,Lipstick,Minimalist,Price Decrease,2025-05-23,2025-06-04,"{""avg_selling_price"": {""change_pct"": -7.42, ""new"": 685.07, ""old"": 740.0}}",orders,Increase,-18.23,Loss,0.678,Lower price should improve demand and conversion.
EXP0803,P040,Skincare,Serum,Minimalist,Discount Increase,2025-02-22,2025-03-09,"{""discount_pct"": {""change_pct"": 95.53, ""new"": 20.16, ""old"": 10.31}}",orders,Increase,34.31,Win,0.881,Higher discount should lift orders but may dilute margin.
EXP0804,P002,Haircare,Shampoo,The Derma Co,Discount Decrease,2025-01-10,2025-01-20,"{""discount_pct"": {""change_pct"": -66.07, ""new"": 3.18, ""old"": 9.38}}",profit,Increase,-17.23,Loss,0.808,Lower discount tests whether stronger margin offsets order loss.
EXP0805,P051,Makeup,Lipstick,Mamaearth,Shipping Fee Increase,2025-09-14,2025-09-29,"{""shipping_fee"": {""change_pct"": 28.99, ""new"": 89.0, ""old"": 69.0}}",conversion_rate,Decrease,-6.27,Win,0.665,Higher shipping fee should create checkout friction.
EXP0806,P082,Skincare,Serum,Mamaearth,Shipping Fee Decrease,2025-07-01,2025-07-17,"{""shipping_fee"": {""change_pct"": -57.97, ""new"": 29.0, ""old"": 69.0}}",conversion_rate,Increase,5.98,Win,0.634,Reduced shipping fee should reduce checkout friction.
EXP0807,P066,Makeup,Lipstick,Mamaearth,Free Shipping,2025-07-02,2025-07-08,"{""shipping_fee"": {""change_pct"": -100.0, ""new"": 0.0, ""old"": 39.0}}",conversion_rate,Increase,5.39,Inconclusive,0.558,Free shipping test should increase conversion and order volume.
EXP0808,P017,Haircare,Shampoo,The Derma Co,Marketing Spend Increase,2025-05-12,2025-05-20,"{""marketing_spend"": {""change_pct"": 49.57, ""new"": 8965.93, ""old"": 5994.48}}",traffic,Increase,28.97,Win,0.871,Higher spend should increase traffic through paid reach and lagged adstock.
EXP0809,P059,Haircare,Shampoo,Mamaearth,Marketing Spend Decrease,2025-06-28,2025-07-09,"{""marketing_spend"": {""change_pct"": -36.44, ""new"": 7362.87, ""old"": 11583.85}}",current_roas,Increase,27.61,Win,0.839,Spend reduction tests whether inefficient paid traffic can be trimmed.
EXP0810,P052,Skincare,Serum,Mamaearth,Inventory Increase,2025-09-08,2025-09-21,"{""inventory_available"": {""change_pct"": 37.44, ""new"": 1915.94, ""old"": 1394.0}}",orders,Increase,-7.59,Loss,0.681,Higher stock availability should reduce sales capacity constraints.
EXP0811,P005,Haircare,Shampoo,Mamaearth,Inventory Reduction,2025-04-14,2025-05-08,"{""inventory_available"": {""change_pct"": -41.7, ""new"": 1007.4, ""old"": 1728.0}}",revenue,Decrease,3.37,Inconclusive,0.606,Lower inventory should cap orders and revenue.
EXP0812,P056,Haircare,Shampoo,The Derma Co,Amazon to Website Shift,2025-03-25,2025-04-15,"{""sales_channel_mix"": {""Amazon"": {""change_pct"": -8.2, ""new"": 30.67, ""old"": 38.87}, ""Website"": {""change_pct"": 8.2, ""new"": 39.69, ""old"": 31.49}}}",website_sales_pct,Increase,24.06,Win,0.847,Channel share shifted from marketplace to owned website.
EXP0813,P041,Haircare,Shampoo,Minimalist,Website to Amazon Shift,2025-03-14,2025-04-04,"{""sales_channel_mix"": {""Amazon"": {""change_pct"": 13.5, ""new"": 50.57, ""old"": 37.07}, ""Website"": {""change_pct"": -13.5, ""new"": 30.57, ""old"": 44.07}}}",amazon_sales_pct,Increase,27.08,Win,0.788,Channel share shifted toward Amazon for demand capture.
EXP0814,P041,Haircare,Shampoo,Minimalist,Amazon to Mobile App Shift,2025-01-08,2025-01-27,"{""sales_channel_mix"": {""Amazon"": {""change_pct"": -7.3, ""new"": 32.81, ""old"": 40.11}, ""MobileApp"": {""change_pct"": 7.3, ""new"": 14.92, ""old"": 7.62}}}",mobile_app_sales_pct,Increase,92.23,Win,0.905,Marketplace users redirected toward app purchase journeys.
EXP0815,P050,Haircare,Shampoo,Minimalist,Website to Mobile App Shift,2025-11-23,2025-12-17,"{""sales_channel_mix"": {""MobileApp"": {""change_pct"": 9.23, ""new"": 35.81, ""old"": 26.58}, ""Website"": {""change_pct"": -9.23, ""new"": 22.69, ""old"": 31.92}}}",mobile_app_sales_pct,Increase,31.39,Win,0.901,Owned web traffic nudged toward app conversion.
EXP0816,P062,Haircare,Shampoo,Minimalist,Channel Mix Optimization,2025-02-17,2025-02-23,"{""sales_channel_mix"": {""Amazon"": {""change_pct"": -5.0, ""new"": 24.35, ""old"": 29.35}, ""MobileApp"": {""change_pct"": 4.0, ""new"": 12.93, ""old"": 8.93}, ""Nykaa"": {""change_pct"": -4.0, ""new"": 25.73, ""old"": 29.73}, ""Website"": {""change_pct"": 5.0, ""new"": 36.99, ""old"": 31.99}}}",current_roas,Increase,4.29,Inconclusive,0.602,Mix optimized toward higher-margin owned channels.
EXP0817,P079,Skincare,Serum,Minimalist,Search Increase,2025-12-15,2025-12-29,"{""campaign_mix"": {""Search"": {""change_pct"": 12.96, ""new"": 53.81, ""old"": 40.85}, ""Social"": {""change_pct"": -12.96, ""new"": 8.01, ""old"": 20.97}}}",search_campaign_pct,Increase,43.42,Win,0.946,Search share increased for higher purchase intent.
EXP0818,P087,Makeup,Lipstick,The Derma Co,Social Increase,2025-10-20,2025-11-19,"{""campaign_mix"": {""Search"": {""change_pct"": -9.54, ""new"": 14.27, ""old"": 23.81}, ""Social"": {""change_pct"": 9.54, ""new"": 67.49, ""old"": 57.95}}}",social_campaign_pct,Increase,16.37,Win,0.735,Social share increased for discovery and mid-funnel reach.
EXP0819,P040,Skincare,Serum,Minimalist,Email Increase,2025-07-18,2025-07-24,"{""campaign_mix"": {""Email"": {""change_pct"": 10.92, ""new"": 33.52, ""old"": 22.6}, ""Social"": {""change_pct"": -10.92, ""new"": 20.99, ""old"": 31.91}}}",retention_rate,Increase,2.13,Inconclusive,0.587,Email share increased to reactivate known buyers.
EXP0820,P091,Skincare,Serum,Minimalist,Affiliate Increase,2025-04-14,2025-05-03,"{""campaign_mix"": {""Affiliate"": {""change_pct"": 7.87, ""new"": 15.08, ""old"": 7.21}, ""Search"": {""change_pct"": -7.87, ""new"": 29.9, ""old"": 37.77}}}",affiliate_campaign_pct,Increase,140.46,Win,0.951,Affiliate share increased for deal-led acquisition.
EXP0821,P053,Haircare,Shampoo,Mamaearth,Campaign Mix Optimization,2025-01-25,2025-02-13,"{""campaign_mix"": {""Affiliate"": {""change_pct"": -3.0, ""new"": 6.91, ""old"": 9.91}, ""Email"": {""change_pct"": 3.0, ""new"": 12.67, ""old"": 9.67}, ""Search"": {""change_pct"": 4.0, ""new"": 49.59, ""old"": 45.59}, ""Social"": {""change_pct"": -4.0, ""new"": 30.83, ""old"": 34.83}}}",current_ctr,Increase,2.06,Inconclusive,0.539,Campaign mix optimized toward intent and lifecycle channels.
EXP0822,P048,Makeup,Lipstick,Mamaearth,Google to Instagram Shift,2025-01-25,2025-02-13,"{""acquisition_mix"": {""Google"": {""change_pct"": -7.71, ""new"": 22.82, ""old"": 30.53}, ""Instagram"": {""change_pct"": 7.71, ""new"": 42.42, ""old"": 34.71}}}",instagram_source_pct,Increase,20.81,Win,0.751,Acquisition shifted from search-led to creator and social discovery.
EXP0823,P004,Skincare,Serum,The Derma Co,Instagram to Google Shift,2025-02-22,2025-03-05,"{""acquisition_mix"": {""Google"": {""change_pct"": 10.16, ""new"": 58.33, ""old"": 48.17}, ""Instagram"": {""change_pct"": -10.16, ""new"": 9.74, ""old"": 19.9}}}",google_source_pct,Increase,9.05,Win,0.732,Acquisition shifted toward high-intent Google traffic.
EXP0824,P079,Skincare,Serum,Minimalist,Facebook to Google Shift,2025-09-26,2025-10-07,"{""acquisition_mix"": {}}",google_source_pct,Increase,-0.87,Inconclusive,0.598,Budget moved from Facebook to Google for better intent quality.
EXP0825,P004,Skincare,Serum,The Derma Co,Paid to Organic Shift,2025-09-07,2025-09-16,"{""acquisition_mix"": {""Google"": {""change_pct"": -4.0, ""new"": 44.08, ""old"": 48.08}, ""Instagram"": {""change_pct"": -4.0, ""new"": 13.83, ""old"": 17.83}, ""Organic"": {""change_pct"": 8.0, ""new"": 23.34, ""old"": 15.34}}, ""marketing_spend"": {""change_pct"": -24.09, ""new"": 5476.87, ""old"": 7215.21}}",organic_source_pct,Increase,52.43,Win,0.935,Paid dependency reduced while organic share is lifted.
EXP0826,P086,Haircare,Shampoo,The Derma Co,Acquisition Mix Optimization,2025-04-12,2025-04-18,"{""acquisition_mix"": {""Facebook"": {""change_pct"": -3.0, ""new"": 17.98, ""old"": 20.98}, ""Google"": {""change_pct"": 3.0, ""new"": 26.51, ""old"": 23.51}}}",conversion_rate,Increase,-6.6,Loss,0.638,Acquisition mix optimized toward higher-converting sources.
EXP0827,P050,Haircare,Shampoo,Minimalist,Premium Pricing Strategy,2025-07-12,2025-08-08,"{""avg_selling_price"": {""change_pct"": 14.57, ""new"": 504.12, ""old"": 440.0}, ""discount_pct"": {""change_pct"": -26.91, ""new"": 10.16, ""old"": 13.9}}",profit,Increase,32.96,Win,0.911,Premium posture combines higher price with lower promotion depth.
EXP0828,P051,Makeup,Lipstick,Mamaearth,Aggressive Growth Strategy,2025-06-22,2025-06-29,"{""discount_pct"": {""change_pct"": 64.05, ""new"": 22.54, ""old"": 13.74}, ""marketing_spend"": {""change_pct"": 50.79, ""new"": 9226.74, ""old"": 6118.86}, ""shipping_fee"": {""change_pct"": -57.97, ""new"": 29.0, ""old"": 69.0}}",orders,Increase,24.16,Win,0.794,"Growth strategy combines paid reach, promotion, and reduced friction."
EXP0829,P066,Makeup,Lipstick,Mamaearth,Profit Optimization Strategy,2025-03-12,2025-03-22,"{""discount_pct"": {""change_pct"": -28.31, ""new"": 21.62, ""old"": 30.16}, ""marketing_spend"": {""change_pct"": -12.18, ""new"": 8984.33, ""old"": 10230.19}, ""sales_channel_mix"": {""Amazon"": {""change_pct"": -4.0, ""new"": 39.3, ""old"": 43.3}, ""MobileApp"": {""change_pct"": 3.0, ""new"": 8.46, ""old"": 5.46}, ""Nykaa"": {""change_pct"": -3.0, ""new"": 19.74, ""old"": 22.74}, ""Website"": {""change_pct"": 4.0, ""new"": 32.5, ""old"": 28.5}}}",profit,Increase,625.27,Win,0.937,Profit optimization trims inefficient spend and marketplace dependency.
EXP0830,P020,Haircare,Shampoo,The Derma Co,Conversion Recovery Strategy,2025-05-06,2025-05-13,"{""campaign_mix"": {""Affiliate"": {""change_pct"": -3.0, ""new"": 17.22, ""old"": 20.22}, ""Email"": {""change_pct"": 3.0, ""new"": 23.26, ""old"": 20.26}, ""Search"": {""change_pct"": 3.0, ""new"": 34.1, ""old"": 31.1}, ""Social"": {""change_pct"": -3.0, ""new"": 25.42, ""old"": 28.42}}, ""discount_pct"": {""change_pct"": 43.72, ""new"": 21.57, ""old"": 15.01}, ""shipping_fee"": {""change_pct"": -81.63, ""new"": 9.0, ""old"": 49.0}}",conversion_rate,Increase,38.69,Win,0.96,Conversion recovery lowers checkout friction and raises intent messaging.
EXP0831,P032,Haircare,Shampoo,Mamaearth,Inventory Clearance Strategy,2025-11-23,2025-11-30,"{""avg_selling_price"": {""change_pct"": -8.55, ""new"": 475.55, ""old"": 520.0}, ""discount_pct"": {""change_pct"": 82.21, ""new"": 29.17, ""old"": 16.01}}",orders,Increase,75.0,Win,0.923,Clearance strategy accelerates sell-through using price and discount.
EXP0832,P028,Skincare,Serum,Mamaearth,D2C Growth Strategy,2025-02-24,2025-03-04,"{""marketing_spend"": {""change_pct"": 19.75, ""new"": 6770.16, ""old"": 5653.77}, ""sales_channel_mix"": {""Amazon"": {""change_pct"": -5.0, ""new"": 43.42, ""old"": 48.42}, ""MobileApp"": {""change_pct"": 5.0, ""new"": 27.84, ""old"": 22.84}, ""Nykaa"": {""change_pct"": -5.0, ""new"": 9.12, ""old"": 14.12}, ""Website"": {""change_pct"": 5.0, ""new"": 19.62, ""old"": 14.62}}}",website_sales_pct,Increase,32.55,Win,0.849,D2C growth moves share toward owned web and app channels.
EXP0833,P032,Haircare,Shampoo,Mamaearth,Price Increase,2025-10-22,2025-11-06,"{""avg_selling_price"": {""change_pct"": 13.59, ""new"": 590.66, ""old"": 520.0}}",profit,Increase,29.28,Win,0.839,Premium price test expects higher unit margin with some demand elasticity.
EXP0834,P005,Haircare,Shampoo,Mamaearth,Price Decrease,2025-03-16,2025-03-23,"{""avg_selling_price"": {""change_pct"": -12.38, ""new"": 420.58, ""old"": 480.0}}",orders,Increase,-1.67,Inconclusive,0.534,Lower price should improve demand and conversion.
EXP0835,P043,Skincare,Serum,Mamaearth,Discount Increase,2025-11-26,2025-12-17,"{""discount_pct"": {""change_pct"": 68.38, ""new"": 21.0, ""old"": 12.47}}",orders,Increase,41.7,Win,0.92,Higher discount should lift orders but may dilute margin.
EXP0836,P034,Skincare,Serum,Mamaearth,Discount Decrease,2025-10-11,2025-10-20,"{""discount_pct"": {""change_pct"": -41.97, ""new"": 7.63, ""old"": 13.14}}",profit,Increase,106.24,Win,0.937,Lower discount tests whether stronger margin offsets order loss.
EXP0837,P019,Skincare,Serum,Mamaearth,Shipping Fee Increase,2025-10-21,2025-10-27,"{""shipping_fee"": {""change_pct"": 50.85, ""new"": 89.0, ""old"": 59.0}}",conversion_rate,Decrease,-2.38,Inconclusive,0.566,Higher shipping fee should create checkout friction.
EXP0838,P005,Haircare,Shampoo,Mamaearth,Shipping Fee Decrease,2025-08-02,2025-08-12,"{""shipping_fee"": {""change_pct"": -40.82, ""new"": 29.0, ""old"": 49.0}}",conversion_rate,Increase,4.69,Win,0.688,Reduced shipping fee should reduce checkout friction.
EXP0839,P005,Haircare,Shampoo,Mamaearth,Free Shipping,2025-11-22,2025-12-10,"{""shipping_fee"": {""change_pct"": -100.0, ""new"": 0.0, ""old"": 49.0}}",conversion_rate,Increase,19.3,Win,0.808,Free shipping test should increase conversion and order volume.
EXP0840,P035,Haircare,Shampoo,Minimalist,Marketing Spend Increase,2025-11-17,2025-12-07,"{""marketing_spend"": {""change_pct"": 55.05, ""new"": 8273.7, ""old"": 5336.29}}",traffic,Increase,16.43,Win,0.809,Higher spend should increase traffic through paid reach and lagged adstock.
EXP0841,P082,Skincare,Serum,Mamaearth,Marketing Spend Decrease,2025-12-03,2025-12-17,"{""marketing_spend"": {""change_pct"": -22.93, ""new"": 5796.44, ""old"": 7520.88}}",current_roas,Increase,10.71,Win,0.676,Spend reduction tests whether inefficient paid traffic can be trimmed.
EXP0842,P013,Skincare,Serum,Mamaearth,Inventory Increase,2025-07-14,2025-07-23,"{""inventory_available"": {""change_pct"": 43.65, ""new"": 2209.29, ""old"": 1538.0}}",orders,Increase,-30.97,Loss,0.854,Higher stock availability should reduce sales capacity constraints.
EXP0843,P040,Skincare,Serum,Minimalist,Inventory Reduction,2025-01-01,2025-01-23,"{""inventory_available"": {""change_pct"": -53.95, ""new"": 651.62, ""old"": 1415.0}}",revenue,Decrease,-27.1,Win,0.826,Lower inventory should cap orders and revenue.
EXP0844,P065,Haircare,Shampoo,The Derma Co,Amazon to Website Shift,2025-08-14,2025-08-22,"{""sales_channel_mix"": {""Amazon"": {""change_pct"": -12.94, ""new"": 6.7, ""old"": 19.64}, ""Website"": {""change_pct"": 12.94, ""new"": 56.43, ""old"": 43.49}}}",website_sales_pct,Increase,27.59,Win,0.813,Channel share shifted from marketplace to owned website.
EXP0845,P013,Skincare,Serum,Mamaearth,Website to Amazon Shift,2025-11-26,2025-12-19,"{""sales_channel_mix"": {""Amazon"": {""change_pct"": 8.71, ""new"": 66.37, ""old"": 57.66}, ""Website"": {""change_pct"": -8.71, ""new"": 12.63, ""old"": 21.34}}}",amazon_sales_pct,Increase,9.14,Win,0.726,Channel share shifted toward Amazon for demand capture.
EXP0846,P085,Skincare,Serum,The Derma Co,Amazon to Mobile App Shift,2025-05-17,2025-06-10,"{""sales_channel_mix"": {""Amazon"": {""change_pct"": -6.74, ""new"": 25.76, ""old"": 32.5}, ""MobileApp"": {""change_pct"": 6.74, ""new"": 28.4, ""old"": 21.66}}}",mobile_app_sales_pct,Increase,34.05,Win,0.889,Marketplace users redirected toward app purchase journeys.
EXP0847,P046,Skincare,Serum,Mamaearth,Website to Mobile App Shift,2025-01-08,2025-01-25,"{""sales_channel_mix"": {""MobileApp"": {""change_pct"": 6.87, ""new"": 8.82, ""old"": 1.95}, ""Website"": {""change_pct"": -6.87, ""new"": 16.12, ""old"": 22.99}}}",mobile_app_sales_pct,Increase,313.25,Win,0.958,Owned web traffic nudged toward app conversion.
EXP0848,P060,Makeup,Lipstick,The Derma Co,Channel Mix Optimization,2025-04-16,2025-05-16,"{""sales_channel_mix"": {""Amazon"": {""change_pct"": -5.0, ""new"": 34.52, ""old"": 39.52}, ""MobileApp"": {""change_pct"": 4.0, ""new"": 8.31, ""old"": 4.31}, ""Nykaa"": {""change_pct"": -4.0, ""new"": 22.57, ""old"": 26.57}, ""Website"": {""change_pct"": 5.0, ""new"": 34.6, ""old"": 29.6}}}",current_roas,Increase,6.62,Win,0.651,Mix optimized toward higher-margin owned channels.
EXP0849,P014,Haircare,Shampoo,Minimalist,Search Increase,2025-02-06,2025-02-17,"{""campaign_mix"": {""Search"": {""change_pct"": 11.33, ""new"": 35.17, ""old"": 23.84}, ""Social"": {""change_pct"": -11.33, ""new"": 28.7, ""old"": 40.03}}}",search_campaign_pct,Increase,45.39,Win,0.879,Search share increased for higher purchase intent.
EXP0850,P083,Haircare,Shampoo,Minimalist,Social Increase,2025-05-25,2025-06-06,"{""campaign_mix"": {""Search"": {""change_pct"": -6.05, ""new"": 24.09, ""old"": 30.14}, ""Social"": {""change_pct"": 6.05, ""new"": 18.61, ""old"": 12.56}}}",social_campaign_pct,Increase,58.69,Win,0.96,Social share increased for discovery and mid-funnel reach.
EXP0851,P087,Makeup,Lipstick,The Derma Co,Email Increase,2025-12-09,2025-12-31,"{""campaign_mix"": {""Email"": {""change_pct"": 7.07, ""new"": 18.94, ""old"": 11.87}, ""Social"": {""change_pct"": -7.07, ""new"": 52.18, ""old"": 59.25}}}",retention_rate,Increase,-0.91,Inconclusive,0.577,Email share increased to reactivate known buyers.
EXP0852,P062,Haircare,Shampoo,Minimalist,Affiliate Increase,2025-12-05,2025-12-26,"{""campaign_mix"": {""Affiliate"": {""change_pct"": 9.43, ""new"": 22.17, ""old"": 12.74}, ""Search"": {""change_pct"": -9.43, ""new"": 21.27, ""old"": 30.7}}}",affiliate_campaign_pct,Increase,74.29,Win,0.945,Affiliate share increased for deal-led acquisition.
EXP0853,P045,Makeup,Lipstick,Mamaearth,Campaign Mix Optimization,2025-11-10,2025-11-20,"{""campaign_mix"": {""Affiliate"": {""change_pct"": -3.0, ""new"": 7.92, ""old"": 10.92}, ""Email"": {""change_pct"": 3.0, ""new"": 22.66, ""old"": 19.66}, ""Search"": {""change_pct"": 4.0, ""new"": 29.68, ""old"": 25.68}, ""Social"": {""change_pct"": -4.0, ""new"": 39.74, ""old"": 43.74}}}",current_ctr,Increase,-0.29,Loss,0.628,Campaign mix optimized toward intent and lifecycle channels.
EXP0854,P091,Skincare,Serum,Minimalist,Google to Instagram Shift,2025-09-05,2025-09-11,"{""acquisition_mix"": {""Google"": {""change_pct"": -10.76, ""new"": 35.87, ""old"": 46.63}, ""Instagram"": {""change_pct"": 10.76, ""new"": 33.09, ""old"": 22.33}}}",instagram_source_pct,Increase,40.57,Win,0.96,Acquisition shifted from search-led to creator and social discovery.
EXP0855,P013,Skincare,Serum,Mamaearth,Instagram to Google Shift,2025-11-11,2025-11-20,"{""acquisition_mix"": {""Google"": {""change_pct"": 6.91, ""new"": 49.76, ""old"": 42.85}, ""Instagram"": {""change_pct"": -6.91, ""new"": 6.05, ""old"": 12.96}}}",google_source_pct,Increase,7.31,Inconclusive,0.615,Acquisition shifted toward high-intent Google traffic.
EXP0856,P040,Skincare,Serum,Minimalist,Facebook to Google Shift,2025-01-28,2025-02-05,"{""acquisition_mix"": {""Facebook"": {""change_pct"": -2.54, ""new"": 3.0, ""old"": 5.54}, ""Google"": {""change_pct"": 2.54, ""new"": 39.73, ""old"": 37.19}}}",google_source_pct,Increase,9.1,Win,0.651,Budget moved from Facebook to Google for better intent quality.
EXP0857,P082,Skincare,Serum,Mamaearth,Paid to Organic Shift,2025-10-27,2025-11-16,"{""acquisition_mix"": {""Google"": {""change_pct"": -4.0, ""new"": 35.94, ""old"": 39.94}, ""Instagram"": {""change_pct"": -4.0, ""new"": 17.17, ""old"": 21.17}, ""Organic"": {""change_pct"": 8.0, ""new"": 17.56, ""old"": 9.56}}, ""marketing_spend"": {""change_pct"": -23.4, ""new"": 7320.22, ""old"": 9555.97}}",organic_source_pct,Increase,83.56,Win,0.911,Paid dependency reduced while organic share is lifted.
EXP0858,P088,Skincare,Serum,Minimalist,Acquisition Mix Optimization,2025-07-05,2025-07-11,"{""acquisition_mix"": {""Facebook"": {""change_pct"": -3.0, ""new"": 8.28, ""old"": 11.28}, ""Google"": {""change_pct"": 3.0, ""new"": 39.68, ""old"": 36.68}, ""Organic"": {""change_pct"": 1.12, ""new"": 9.45, ""old"": 8.33}, ""Referral"": {""change_pct"": -1.12, ""new"": 3.0, ""old"": 4.12}}}",conversion_rate,Increase,-0.17,Inconclusive,0.561,Acquisition mix optimized toward higher-converting sources.
EXP0859,P096,Makeup,Lipstick,Minimalist,Premium Pricing Strategy,2025-06-10,2025-06-22,"{""avg_selling_price"": {""change_pct"": 11.93, ""new"": 1119.33, ""old"": 1000.0}, ""discount_pct"": {""change_pct"": -40.65, ""new"": 7.64, ""old"": 12.87}}",profit,Increase,47.46,Win,0.924,Premium posture combines higher price with lower promotion depth.
EXP0860,P048,Makeup,Lipstick,Mamaearth,Aggressive Growth Strategy,2025-01-11,2025-01-18,"{""discount_pct"": {""change_pct"": 51.37, ""new"": 31.97, ""old"": 21.12}, ""marketing_spend"": {""change_pct"": 77.26, ""new"": 9908.26, ""old"": 5589.58}, ""shipping_fee"": {""change_pct"": -40.82, ""new"": 29.0, ""old"": 49.0}}",orders,Increase,75.0,Win,0.873,"Growth strategy combines paid reach, promotion, and reduced friction."
EXP0861,P012,Makeup,Lipstick,The Derma Co,Profit Optimization Strategy,2025-06-10,2025-06-19,"{""discount_pct"": {""change_pct"": -72.71, ""new"": 3.21, ""old"": 11.76}, ""marketing_spend"": {""change_pct"": -13.07, ""new"": 5900.11, ""old"": 6787.24}, ""sales_channel_mix"": {""Amazon"": {""change_pct"": -4.0, ""new"": 15.99, ""old"": 19.99}, ""MobileApp"": {""change_pct"": 3.0, ""new"": 23.36, ""old"": 20.36}, ""Nykaa"": {""change_pct"": -3.0, ""new"": 16.72, ""old"": 19.72}, ""Website"": {""change_pct"": 4.0, ""new"": 43.93, ""old"": 39.93}}}",profit,Increase,4.91,Inconclusive,0.581,Profit optimization trims inefficient spend and marketplace dependency.
EXP0862,P022,Skincare,Serum,The Derma Co,Conversion Recovery Strategy,2025-01-23,2025-02-02,"{""campaign_mix"": {""Affiliate"": {""change_pct"": -3.0, ""new"": 9.56, ""old"": 12.56}, ""Email"": {""change_pct"": 3.0, ""new"": 16.86, ""old"": 13.86}, ""Search"": {""change_pct"": 3.0, ""new"": 50.2, ""old"": 47.2}, ""Social"": {""change_pct"": -3.0, ""new"": 23.38, ""old"": 26.38}}, ""discount_pct"": {""change_pct"": 46.56, ""new"": 18.72, ""old"": 12.77}, ""shipping_fee"": {""change_pct"": 0.0, ""new"": 0.0, ""old"": 0.0}}",conversion_rate,Increase,5.93,Win,0.648,Conversion recovery lowers checkout friction and raises intent messaging.
EXP0863,P080,Haircare,Shampoo,Mamaearth,Inventory Clearance Strategy,2025-06-27,2025-07-05,"{""avg_selling_price"": {""change_pct"": -3.46, ""new"": 550.3, ""old"": 570.0}, ""discount_pct"": {""change_pct"": 57.25, ""new"": 28.73, ""old"": 18.27}}",orders,Increase,51.41,Win,0.96,Clearance strategy accelerates sell-through using price and discount.
EXP0864,P015,Makeup,Lipstick,Minimalist,D2C Growth Strategy,2025-01-25,2025-02-08,"{""marketing_spend"": {""change_pct"": 17.73, ""new"": 8117.25, ""old"": 6894.64}, ""sales_channel_mix"": {""Amazon"": {""change_pct"": -5.0, ""new"": 18.07, ""old"": 23.07}, ""MobileApp"": {""change_pct"": 5.0, ""new"": 14.73, ""old"": 9.73}, ""Nykaa"": {""change_pct"": -5.0, ""new"": 21.84, ""old"": 26.84}, ""Website"": {""change_pct"": 5.0, ""new"": 45.36, ""old"": 40.36}}}",website_sales_pct,Increase,12.95,Win,0.667,D2C growth moves share toward owned web and app channels.
EXP0865,P067,Skincare,Serum,Minimalist,Price Increase,2025-10-12,2025-11-13,"{""avg_selling_price"": {""change_pct"": 9.25, ""new"": 1016.04, ""old"": 930.0}}",profit,Increase,79.3,Win,0.913,Premium price test expects higher unit margin with some demand elasticity.
EXP0866,P083,Haircare,Shampoo,Minimalist,Price Decrease,2025-11-09,2025-11-15,"{""avg_selling_price"": {""change_pct"": -6.51, ""new"": 486.17, ""old"": 520.0}}",orders,Increase,-19.78,Loss,0.775,Lower price should improve demand and conversion.
EXP0867,P094,Skincare,Serum,Minimalist,Discount Increase,2025-11-28,2025-12-31,"{""discount_pct"": {""change_pct"": 66.25, ""new"": 31.19, ""old"": 18.76}}",orders,Increase,116.22,Win,0.96,Higher discount should lift orders but may dilute margin.
EXP0868,P096,Makeup,Lipstick,Minimalist,Discount Decrease,2025-09-06,2025-09-13,"{""discount_pct"": {""change_pct"": -35.06, ""new"": 8.39, ""old"": 12.92}}",profit,Increase,4.76,Inconclusive,0.601,Lower discount tests whether stronger margin offsets order loss.
EXP0869,P004,Skincare,Serum,The Derma Co,Shipping Fee Increase,2025-10-27,2025-11-02,"{""shipping_fee"": {""change_pct"": 61.22, ""new"": 79.0, ""old"": 49.0}}",conversion_rate,Decrease,-1.04,Inconclusive,0.589,Higher shipping fee should create checkout friction.
EXP0870,P041,Haircare,Shampoo,Minimalist,Shipping Fee Decrease,2025-02-17,2025-03-07,"{""shipping_fee"": {""change_pct"": -81.63, ""new"": 9.0, ""old"": 49.0}}",conversion_rate,Increase,14.46,Win,0.673,Reduced shipping fee should reduce checkout friction.
EXP0871,P036,Makeup,Lipstick,The Derma Co,Free Shipping,2025-08-04,2025-08-15,"{""shipping_fee"": {""change_pct"": -100.0, ""new"": 0.0, ""old"": 69.0}}",conversion_rate,Increase,2.16,Inconclusive,0.532,Free shipping test should increase conversion and order volume.
EXP0872,P015,Makeup,Lipstick,Minimalist,Marketing Spend Increase,2025-09-15,2025-09-29,"{""marketing_spend"": {""change_pct"": 37.15, ""new"": 8849.72, ""old"": 6452.67}}",traffic,Increase,28.67,Win,0.899,Higher spend should increase traffic through paid reach and lagged adstock.
EXP0873,P095,Haircare,Shampoo,Mamaearth,Marketing Spend Decrease,2025-01-22,2025-02-02,"{""marketing_spend"": {""change_pct"": -39.83, ""new"": 2101.44, ""old"": 3492.27}}",current_roas,Increase,64.29,Win,0.937,Spend reduction tests whether inefficient paid traffic can be trimmed.
EXP0874,P060,Makeup,Lipstick,The Derma Co,Inventory Increase,2025-07-26,2025-08-09,"{""inventory_available"": {""change_pct"": 67.67, ""new"": 1428.59, ""old"": 852.0}}",orders,Increase,8.97,Inconclusive,0.598,Higher stock availability should reduce sales capacity constraints.
EXP0875,P046,Skincare,Serum,Mamaearth,Inventory Reduction,2025-03-21,2025-04-27,"{""inventory_available"": {""change_pct"": -33.23, ""new"": 765.22, ""old"": 1146.0}}",revenue,Decrease,12.95,Loss,0.723,Lower inventory should cap orders and revenue.
EXP0876,P018,Makeup,Lipstick,Minimalist,Amazon to Website Shift,2025-11-05,2025-11-28,"{""sales_channel_mix"": {""Amazon"": {""change_pct"": -14.27, ""new"": 18.4, ""old"": 32.67}, ""Website"": {""change_pct"": 14.27, ""new"": 51.43, ""old"": 37.16}}}",website_sales_pct,Increase,34.28,Win,0.909,Channel share shifted from marketplace to owned website.
EXP0877,P042,Makeup,Lipstick,Mamaearth,Website to Amazon Shift,2025-06-21,2025-07-30,"{""sales_channel_mix"": {""Amazon"": {""change_pct"": 7.48, ""new"": 65.19, ""old"": 57.71}, ""Website"": {""change_pct"": -7.48, ""new"": 3.0, ""old"": 10.48}}}",amazon_sales_pct,Increase,15.24,Win,0.758,Channel share shifted toward Amazon for demand capture.
EXP0878,P004,Skincare,Serum,The Derma Co,Amazon to Mobile App Shift,2025-01-02,2025-01-11,"{""sales_channel_mix"": {""Amazon"": {""change_pct"": -6.81, ""new"": 30.57, ""old"": 37.38}, ""MobileApp"": {""change_pct"": 6.81, ""new"": 17.49, ""old"": 10.68}}}",mobile_app_sales_pct,Increase,63.0,Win,0.96,Marketplace users redirected toward app purchase journeys.
EXP0879,P049,Skincare,Serum,Mamaearth,Website to Mobile App Shift,2025-12-01,2025-12-07,"{""sales_channel_mix"": {""MobileApp"": {""change_pct"": 12.44, ""new"": 20.38, ""old"": 7.94}, ""Website"": {""change_pct"": -12.44, ""new"": 17.23, ""old"": 29.67}}}",mobile_app_sales_pct,Increase,137.9,Win,0.931,Owned web traffic nudged toward app conversion.
EXP0880,P002,Haircare,Shampoo,The Derma Co,Channel Mix Optimization,2025-02-03,2025-02-22,"{""sales_channel_mix"": {""Amazon"": {""change_pct"": -5.0, ""new"": 21.21, ""old"": 26.21}, ""MobileApp"": {""change_pct"": 4.0, ""new"": 17.6, ""old"": 13.6}, ""Nykaa"": {""change_pct"": -4.0, ""new"": 18.39, ""old"": 22.39}, ""Website"": {""change_pct"": 5.0, ""new"": 42.8, ""old"": 37.8}}}",current_roas,Increase,-8.95,Loss,0.664,Mix optimized toward higher-margin owned channels.
EXP0881,P068,Haircare,Shampoo,Mamaearth,Search Increase,2025-03-27,2025-04-06,"{""campaign_mix"": {""Search"": {""change_pct"": 7.36, ""new"": 34.24, ""old"": 26.88}, ""Social"": {""change_pct"": -7.36, ""new"": 15.03, ""old"": 22.39}}}",search_campaign_pct,Increase,26.67,Win,0.853,Search share increased for higher purchase intent.
EXP0882,P068,Haircare,Shampoo,Mamaearth,Social Increase,2025-10-25,2025-11-04,"{""campaign_mix"": {""Search"": {""change_pct"": -9.28, ""new"": 17.23, ""old"": 26.51}, ""Social"": {""change_pct"": 9.28, ""new"": 32.1, ""old"": 22.82}}}",social_campaign_pct,Increase,48.59,Win,0.851,Social share increased for discovery and mid-funnel reach.
EXP0883,P098,Haircare,Shampoo,The Derma Co,Email Increase,2025-08-29,2025-09-17,"{""campaign_mix"": {""Email"": {""change_pct"": 9.39, ""new"": 27.02, ""old"": 17.63}, ""Social"": {""change_pct"": -9.39, ""new"": 16.67, ""old"": 26.06}}}",retention_rate,Increase,-0.37,Inconclusive,0.559,Email share increased to reactivate known buyers.
EXP0884,P100,Skincare,Serum,The Derma Co,Affiliate Increase,2025-04-20,2025-06-01,"{""campaign_mix"": {""Affiliate"": {""change_pct"": 10.23, ""new"": 15.73, ""old"": 5.5}, ""Search"": {""change_pct"": -10.23, ""new"": 19.52, ""old"": 29.75}}}",affiliate_campaign_pct,Increase,168.19,Win,0.866,Affiliate share increased for deal-led acquisition.
EXP0885,P021,Makeup,Lipstick,Minimalist,Campaign Mix Optimization,2025-07-18,2025-07-28,"{""campaign_mix"": {""Affiliate"": {""change_pct"": -3.0, ""new"": 12.0, ""old"": 15.0}, ""Email"": {""change_pct"": 3.0, ""new"": 23.09, ""old"": 20.09}, ""Search"": {""change_pct"": 4.0, ""new"": 31.76, ""old"": 27.76}, ""Social"": {""change_pct"": -4.0, ""new"": 33.15, ""old"": 37.15}}}",current_ctr,Increase,0.51,Loss,0.632,Campaign mix optimized toward intent and lifecycle channels.
EXP0886,P021,Makeup,Lipstick,Minimalist,Google to Instagram Shift,2025-06-22,2025-07-09,"{""acquisition_mix"": {""Google"": {""change_pct"": -6.01, ""new"": 16.91, ""old"": 22.92}, ""Instagram"": {""change_pct"": 6.01, ""new"": 43.51, ""old"": 37.5}}}",instagram_source_pct,Increase,19.11,Win,0.769,Acquisition shifted from search-led to creator and social discovery.
EXP0887,P080,Haircare,Shampoo,Mamaearth,Instagram to Google Shift,2025-04-24,2025-05-07,"{""acquisition_mix"": {""Google"": {""change_pct"": 12.28, ""new"": 42.2, ""old"": 29.92}, ""Instagram"": {""change_pct"": -12.28, ""new"": 5.43, ""old"": 17.71}}}",google_source_pct,Increase,17.63,Win,0.811,Acquisition shifted toward high-intent Google traffic.
EXP0888,P038,Haircare,Shampoo,Minimalist,Facebook to Google Shift,2025-01-07,2025-01-17,"{""acquisition_mix"": {""Facebook"": {""change_pct"": -8.46, ""new"": 6.2, ""old"": 14.66}, ""Google"": {""change_pct"": 8.46, ""new"": 50.33, ""old"": 41.87}}}",google_source_pct,Increase,21.19,Win,0.716,Budget moved from Facebook to Google for better intent quality.
EXP0889,P006,Makeup,Lipstick,Minimalist,Paid to Organic Shift,2025-09-25,2025-10-07,"{""acquisition_mix"": {""Google"": {""change_pct"": -4.0, ""new"": 25.15, ""old"": 29.15}, ""Instagram"": {""change_pct"": -4.0, ""new"": 25.57, ""old"": 29.57}, ""Organic"": {""change_pct"": 8.0, ""new"": 27.4, ""old"": 19.4}}, ""marketing_spend"": {""change_pct"": -24.4, ""new"": 3866.46, ""old"": 5114.13}}",organic_source_pct,Increase,42.54,Win,0.92,Paid dependency reduced while organic share is lifted.
EXP0890,P034,Skincare,Serum,Mamaearth,Acquisition Mix Optimization,2025-08-24,2025-09-04,"{""acquisition_mix"": {""Facebook"": {""change_pct"": -2.72, ""new"": 3.0, ""old"": 5.72}, ""Google"": {""change_pct"": 2.72, ""new"": 38.91, ""old"": 36.19}}}",conversion_rate,Increase,-1.68,Inconclusive,0.584,Acquisition mix optimized toward higher-converting sources.
EXP0891,P089,Haircare,Shampoo,Minimalist,Premium Pricing Strategy,2025-10-29,2025-11-12,"{""avg_selling_price"": {""change_pct"": 15.91, ""new"": 475.25, ""old"": 410.0}, ""discount_pct"": {""change_pct"": -40.72, ""new"": 7.49, ""old"": 12.63}}",profit,Increase,139.55,Win,0.96,Premium posture combines higher price with lower promotion depth.
EXP0892,P027,Makeup,Lipstick,Mamaearth,Aggressive Growth Strategy,2025-04-03,2025-04-11,"{""discount_pct"": {""change_pct"": 44.08, ""new"": 30.62, ""old"": 21.25}, ""marketing_spend"": {""change_pct"": 65.74, ""new"": 10645.53, ""old"": 6423.05}, ""shipping_fee"": {""change_pct"": -57.97, ""new"": 29.0, ""old"": 69.0}}",orders,Increase,52.98,Win,0.96,"Growth strategy combines paid reach, promotion, and reduced friction."
EXP0893,P063,Makeup,Lipstick,Mamaearth,Profit Optimization Strategy,2025-11-18,2025-11-30,"{""discount_pct"": {""change_pct"": -27.93, ""new"": 15.03, ""old"": 20.86}, ""marketing_spend"": {""change_pct"": -10.13, ""new"": 5385.85, ""old"": 5992.64}, ""sales_channel_mix"": {""Amazon"": {""change_pct"": -4.0, ""new"": 30.04, ""old"": 34.04}, ""MobileApp"": {""change_pct"": 3.0, ""new"": 23.15, ""old"": 20.15}, ""Nykaa"": {""change_pct"": -3.0, ""new"": 18.04, ""old"": 21.04}, ""Website"": {""change_pct"": 4.0, ""new"": 28.77, ""old"": 24.77}}}",profit,Increase,93.19,Win,0.96,Profit optimization trims inefficient spend and marketplace dependency.
EXP0894,P010,Skincare,Serum,Mamaearth,Conversion Recovery Strategy,2025-10-14,2025-11-17,"{""campaign_mix"": {""Affiliate"": {""change_pct"": -3.0, ""new"": 7.05, ""old"": 10.05}, ""Email"": {""change_pct"": 3.0, ""new"": 23.18, ""old"": 20.18}, ""Search"": {""change_pct"": 3.0, ""new"": 56.68, ""old"": 53.68}, ""Social"": {""change_pct"": -3.0, ""new"": 13.09, ""old"": 16.09}}, ""discount_pct"": {""change_pct"": 48.4, ""new"": 24.34, ""old"": 16.4}, ""shipping_fee"": {""change_pct"": -81.63, ""new"": 9.0, ""old"": 49.0}}",conversion_rate,Increase,27.07,Win,0.87,Conversion recovery lowers checkout friction and raises intent messaging.
EXP0895,P082,Skincare,Serum,Mamaearth,Inventory Clearance Strategy,2025-01-16,2025-02-10,"{""avg_selling_price"": {""change_pct"": -9.13, ""new"": 445.27, ""old"": 490.0}, ""discount_pct"": {""change_pct"": 66.86, ""new"": 25.76, ""old"": 15.44}}",orders,Increase,50.76,Win,0.95,Clearance strategy accelerates sell-through using price and discount.
EXP0896,P044,Haircare,Shampoo,The Derma Co,D2C Growth Strategy,2025-12-21,2025-12-30,"{""marketing_spend"": {""change_pct"": 19.9, ""new"": 11059.37, ""old"": 9223.67}, ""sales_channel_mix"": {""Amazon"": {""change_pct"": -5.0, ""new"": 33.71, ""old"": 38.71}, ""MobileApp"": {""change_pct"": 5.0, ""new"": 23.02, ""old"": 18.02}, ""Nykaa"": {""change_pct"": -5.0, ""new"": 8.81, ""old"": 13.81}, ""Website"": {""change_pct"": 5.0, ""new"": 34.46, ""old"": 29.46}}}",website_sales_pct,Increase,9.2,Inconclusive,0.611,D2C growth moves share toward owned web and app channels.
EXP0897,P006,Makeup,Lipstick,Minimalist,Price Increase,2025-03-15,2025-04-03,"{""avg_selling_price"": {""change_pct"": 8.22, ""new"": 779.2, ""old"": 720.0}}",profit,Increase,3.27,Inconclusive,0.609,Premium price test expects higher unit margin with some demand elasticity.
EXP0898,P079,Skincare,Serum,Minimalist,Price Decrease,2025-01-03,2025-01-12,"{""avg_selling_price"": {""change_pct"": -13.01, ""new"": 600.21, ""old"": 690.0}}",orders,Increase,-0.48,Inconclusive,0.545,Lower price should improve demand and conversion.
EXP0899,P079,Skincare,Serum,Minimalist,Discount Increase,2025-11-28,2025-12-06,"{""discount_pct"": {""change_pct"": 74.31, ""new"": 32.35, ""old"": 18.56}}",orders,Increase,32.43,Win,0.906,Higher discount should lift orders but may dilute margin.
EXP0900,P011,Haircare,Shampoo,Mamaearth,Discount Decrease,2025-03-21,2025-04-12,"{""discount_pct"": {""change_pct"": -36.38, ""new"": 8.51, ""old"": 13.38}}",profit,Increase,19.54,Win,0.721,Lower discount tests whether stronger margin offsets order loss.
EXP0901,P093,Makeup,Lipstick,Minimalist,Shipping Fee Increase,2025-07-07,2025-07-19,"{""shipping_fee"": {""change_pct"": 51.28, ""new"": 59.0, ""old"": 39.0}}",conversion_rate,Decrease,-7.68,Win,0.639,Higher shipping fee should create checkout friction.
EXP0902,P001,Skincare,Serum,Mamaearth,Shipping Fee Decrease,2025-01-03,2025-01-15,"{""shipping_fee"": {""change_pct"": -57.97, ""new"": 29.0, ""old"": 69.0}}",conversion_rate,Increase,8.02,Win,0.682,Reduced shipping fee should reduce checkout friction.
EXP0903,P100,Skincare,Serum,The Derma Co,Free Shipping,2025-03-21,2025-04-01,"{""shipping_fee"": {""change_pct"": -100.0, ""new"": 0.0, ""old"": 69.0}}",conversion_rate,Increase,10.43,Win,0.681,Free shipping test should increase conversion and order volume.
EXP0904,P055,Skincare,Serum,Mamaearth,Marketing Spend Increase,2025-09-07,2025-10-18,"{""marketing_spend"": {""change_pct"": 64.21, ""new"": 9486.63, ""old"": 5776.98}}",traffic,Increase,71.26,Win,0.913,Higher spend should increase traffic through paid reach and lagged adstock.
EXP0905,P079,Skincare,Serum,Minimalist,Marketing Spend Decrease,2025-04-05,2025-04-11,"{""marketing_spend"": {""change_pct"": -32.94, ""new"": 6870.25, ""old"": 10245.02}}",current_roas,Increase,14.52,Win,0.759,Spend reduction tests whether inefficient paid traffic can be trimmed.
EXP0906,P071,Haircare,Shampoo,The Derma Co,Inventory Increase,2025-03-10,2025-04-14,"{""inventory_available"": {""change_pct"": 32.07, ""new"": 644.49, ""old"": 488.0}}",orders,Increase,12.49,Win,0.732,Higher stock availability should reduce sales capacity constraints.
EXP0907,P006,Makeup,Lipstick,Minimalist,Inventory Reduction,2025-05-31,2025-06-25,"{""inventory_available"": {""change_pct"": -62.03, ""new"": 622.79, ""old"": 1640.0}}",revenue,Decrease,-6.67,Win,0.686,Lower inventory should cap orders and revenue.
EXP0908,P027,Makeup,Lipstick,Mamaearth,Amazon to Website Shift,2025-01-30,2025-02-10,"{""sales_channel_mix"": {""Amazon"": {""change_pct"": -12.18, ""new"": 21.58, ""old"": 33.76}, ""Website"": {""change_pct"": 12.18, ""new"": 52.67, ""old"": 40.49}}}",website_sales_pct,Increase,36.22,Win,0.96,Channel share shifted from marketplace to owned website.
EXP0909,P011,Haircare,Shampoo,Mamaearth,Website to Amazon Shift,2025-06-12,2025-07-10,"{""sales_channel_mix"": {""Amazon"": {""change_pct"": 12.84, ""new"": 66.12, ""old"": 53.28}, ""Website"": {""change_pct"": -12.84, ""new"": 4.58, ""old"": 17.42}}}",amazon_sales_pct,Increase,24.84,Win,0.791,Channel share shifted toward Amazon for demand capture.
EXP0910,P064,Skincare,Serum,Mamaearth,Amazon to Mobile App Shift,2025-10-29,2025-12-02,"{""sales_channel_mix"": {""Amazon"": {""change_pct"": -7.43, ""new"": 49.12, ""old"": 56.55}, ""MobileApp"": {""change_pct"": 7.43, ""new"": 23.51, ""old"": 16.08}}}",mobile_app_sales_pct,Increase,34.36,Win,0.947,Marketplace users redirected toward app purchase journeys.
EXP0911,P098,Haircare,Shampoo,The Derma Co,Website to Mobile App Shift,2025-02-26,2025-03-13,"{""sales_channel_mix"": {""MobileApp"": {""change_pct"": 13.37, ""new"": 34.91, ""old"": 21.54}, ""Website"": {""change_pct"": -13.37, ""new"": 12.53, ""old"": 25.9}}}",mobile_app_sales_pct,Increase,57.97,Win,0.929,Owned web traffic nudged toward app conversion.
EXP0912,P052,Skincare,Serum,Mamaearth,Channel Mix Optimization,2025-07-01,2025-07-14,"{""sales_channel_mix"": {""Amazon"": {""change_pct"": -5.0, ""new"": 39.6, ""old"": 44.6}, ""MobileApp"": {""change_pct"": 4.0, ""new"": 13.57, ""old"": 9.57}, ""Nykaa"": {""change_pct"": -4.0, ""new"": 13.56, ""old"": 17.56}, ""Website"": {""change_pct"": 5.0, ""new"": 33.27, ""old"": 28.27}}}",current_roas,Increase,-2.62,Inconclusive,0.601,Mix optimized toward higher-margin owned channels.
EXP0913,P088,Skincare,Serum,Minimalist,Search Increase,2025-01-19,2025-02-05,"{""campaign_mix"": {""Search"": {""change_pct"": 9.39, ""new"": 45.36, ""old"": 35.97}, ""Social"": {""change_pct"": -9.39, ""new"": 30.58, ""old"": 39.97}}}",search_campaign_pct,Increase,22.6,Win,0.774,Search share increased for higher purchase intent.
EXP0914,P079,Skincare,Serum,Minimalist,Social Increase,2025-12-08,2025-12-14,"{""campaign_mix"": {""Search"": {""change_pct"": -12.59, ""new"": 28.68, ""old"": 41.27}, ""Social"": {""change_pct"": 12.59, ""new"": 32.73, ""old"": 20.14}}}",social_campaign_pct,Increase,80.22,Win,0.866,Social share increased for discovery and mid-funnel reach.
EXP0915,P043,Skincare,Serum,Mamaearth,Email Increase,2025-01-07,2025-02-10,"{""campaign_mix"": {""Email"": {""change_pct"": 9.87, ""new"": 27.37, ""old"": 17.5}, ""Social"": {""change_pct"": -9.87, ""new"": 9.77, ""old"": 19.64}}}",retention_rate,Increase,-0.09,Inconclusive,0.52,Email share increased to reactivate known buyers.
EXP0916,P086,Haircare,Shampoo,The Derma Co,Affiliate Increase,2025-09-13,2025-09-29,"{""campaign_mix"": {""Affiliate"": {""change_pct"": 7.0, ""new"": 35.47, ""old"": 28.47}, ""Search"": {""change_pct"": -7.0, ""new"": 20.74, ""old"": 27.74}}}",affiliate_campaign_pct,Increase,20.15,Win,0.874,Affiliate share increased for deal-led acquisition.
EXP0917,P027,Makeup,Lipstick,Mamaearth,Campaign Mix Optimization,2025-08-11,2025-08-27,"{""campaign_mix"": {""Affiliate"": {""change_pct"": -3.0, ""new"": 7.55, ""old"": 10.55}, ""Email"": {""change_pct"": 3.0, ""new"": 21.29, ""old"": 18.29}, ""Search"": {""change_pct"": 4.0, ""new"": 28.31, ""old"": 24.31}, ""Social"": {""change_pct"": -4.0, ""new"": 42.85, ""old"": 46.85}}}",current_ctr,Increase,5.76,Win,0.625,Campaign mix optimized toward intent and lifecycle channels.
EXP0918,P050,Haircare,Shampoo,Minimalist,Google to Instagram Shift,2025-03-31,2025-04-15,"{""acquisition_mix"": {""Google"": {""change_pct"": -10.38, ""new"": 31.55, ""old"": 41.93}, ""Instagram"": {""change_pct"": 10.38, ""new"": 27.88, ""old"": 17.5}}}",instagram_source_pct,Increase,50.32,Win,0.922,Acquisition shifted from search-led to creator and social discovery.
EXP0919,P017,Haircare,Shampoo,The Derma Co,Instagram to Google Shift,2025-06-20,2025-07-09,"{""acquisition_mix"": {""Google"": {""change_pct"": 7.42, ""new"": 42.5, ""old"": 35.08}, ""Instagram"": {""change_pct"": -7.42, ""new"": 9.55, ""old"": 16.97}}}",google_source_pct,Increase,23.26,Win,0.78,Acquisition shifted toward high-intent Google traffic.
EXP0920,P015,Makeup,Lipstick,Minimalist,Facebook to Google Shift,2025-11-14,2025-12-02,"{""acquisition_mix"": {""Facebook"": {""change_pct"": -8.17, ""new"": 3.4, ""old"": 11.57}, ""Google"": {""change_pct"": 8.17, ""new"": 36.98, ""old"": 28.81}}}",google_source_pct,Increase,21.2,Win,0.837,Budget moved from Facebook to Google for better intent quality.
EXP0921,P044,Haircare,Shampoo,The Derma Co,Paid to Organic Shift,2025-05-14,2025-05-23,"{""acquisition_mix"": {""Google"": {""change_pct"": -4.0, ""new"": 35.04, ""old"": 39.04}, ""Instagram"": {""change_pct"": -4.0, ""new"": 25.32, ""old"": 29.32}, ""Organic"": {""change_pct"": 8.0, ""new"": 26.06, ""old"": 18.06}}, ""marketing_spend"": {""change_pct"": -15.07, ""new"": 4781.41, ""old"": 5629.91}}",organic_source_pct,Increase,52.17,Win,0.931,Paid dependency reduced while organic share is lifted.
EXP0922,P008,Haircare,Shampoo,Mamaearth,Acquisition Mix Optimization,2025-09-23,2025-10-12,"{""acquisition_mix"": {""Facebook"": {""change_pct"": -3.0, ""new"": 3.78, ""old"": 6.78}, ""Google"": {""change_pct"": 3.0, ""new"": 38.06, ""old"": 35.06}, ""Organic"": {""change_pct"": 2.0, ""new"": 20.39, ""old"": 18.39}, ""Referral"": {""change_pct"": -2.0, ""new"": 6.87, ""old"": 8.87}}}",conversion_rate,Increase,6.97,Win,0.648,Acquisition mix optimized toward higher-converting sources.
EXP0923,P004,Skincare,Serum,The Derma Co,Premium Pricing Strategy,2025-07-16,2025-07-25,"{""avg_selling_price"": {""change_pct"": 9.14, ""new"": 971.32, ""old"": 890.0}, ""discount_pct"": {""change_pct"": -26.04, ""new"": 11.75, ""old"": 15.89}}",profit,Increase,-1.6,Inconclusive,0.601,Premium posture combines higher price with lower promotion depth.
EXP0924,P049,Skincare,Serum,Mamaearth,Aggressive Growth Strategy,2025-07-27,2025-08-25,"{""discount_pct"": {""change_pct"": 62.76, ""new"": 27.42, ""old"": 16.85}, ""marketing_spend"": {""change_pct"": 35.95, ""new"": 14247.25, ""old"": 10479.52}, ""shipping_fee"": {""change_pct"": -43.48, ""new"": 39.0, ""old"": 69.0}}",orders,Increase,63.39,Win,0.943,"Growth strategy combines paid reach, promotion, and reduced friction."
EXP0925,P040,Skincare,Serum,Minimalist,Profit Optimization Strategy,2025-10-20,2025-10-29,"{""discount_pct"": {""change_pct"": -42.09, ""new"": 9.06, ""old"": 15.65}, ""marketing_spend"": {""change_pct"": -17.06, ""new"": 7991.33, ""old"": 9634.86}, ""sales_channel_mix"": {""Amazon"": {""change_pct"": -4.0, ""new"": 32.04, ""old"": 36.04}, ""MobileApp"": {""change_pct"": 3.0, ""new"": 13.37, ""old"": 10.37}, ""Nykaa"": {""change_pct"": -3.0, ""new"": 6.03, ""old"": 9.03}, ""Website"": {""change_pct"": 4.0, ""new"": 48.56, ""old"": 44.56}}}",profit,Increase,43.88,Win,0.96,Profit optimization trims inefficient spend and marketplace dependency.
EXP0926,P002,Haircare,Shampoo,The Derma Co,Conversion Recovery Strategy,2025-12-05,2025-12-26,"{""campaign_mix"": {""Affiliate"": {""change_pct"": -3.0, ""new"": 6.49, ""old"": 9.49}, ""Email"": {""change_pct"": 3.0, ""new"": 17.27, ""old"": 14.27}, ""Search"": {""change_pct"": 3.0, ""new"": 43.02, ""old"": 40.02}, ""Social"": {""change_pct"": -3.0, ""new"": 33.22, ""old"": 36.22}}, ""discount_pct"": {""change_pct"": 42.53, ""new"": 19.95, ""old"": 14.0}, ""shipping_fee"": {""change_pct"": -57.97, ""new"": 29.0, ""old"": 69.0}}",conversion_rate,Increase,31.72,Win,0.868,Conversion recovery lowers checkout friction and raises intent messaging.
EXP0927,P010,Skincare,Serum,Mamaearth,Inventory Clearance Strategy,2025-02-07,2025-02-19,"{""avg_selling_price"": {""change_pct"": -6.53, ""new"": 523.44, ""old"": 560.0}, ""discount_pct"": {""change_pct"": 153.5, ""new"": 27.94, ""old"": 11.02}}",orders,Increase,25.88,Win,0.855,Clearance strategy accelerates sell-through using price and discount.
EXP0928,P074,Haircare,Shampoo,Minimalist,D2C Growth Strategy,2025-06-07,2025-07-10,"{""marketing_spend"": {""change_pct"": 32.81, ""new"": 12392.87, ""old"": 9331.63}, ""sales_channel_mix"": {""Amazon"": {""change_pct"": -5.0, ""new"": 27.02, ""old"": 32.02}, ""MobileApp"": {""change_pct"": 5.0, ""new"": 13.11, ""old"": 8.11}, ""Nykaa"": {""change_pct"": -5.0, ""new"": 14.58, ""old"": 19.58}, ""Website"": {""change_pct"": 5.0, ""new"": 45.29, ""old"": 40.29}}}",website_sales_pct,Increase,6.76,Win,0.672,D2C growth moves share toward owned web and app channels.
EXP0929,P049,Skincare,Serum,Mamaearth,Price Increase,2025-04-06,2025-04-14,"{""avg_selling_price"": {""change_pct"": 13.55, ""new"": 851.62, ""old"": 750.0}}",profit,Increase,53.83,Win,0.836,Premium price test expects higher unit margin with some demand elasticity.
EXP0930,P075,Makeup,Lipstick,The Derma Co,Price Decrease,2025-03-29,2025-04-04,"{""avg_selling_price"": {""change_pct"": -6.74, ""new"": 363.72, ""old"": 390.0}}",orders,Increase,-1.58,Inconclusive,0.539,Lower price should improve demand and conversion.
EXP0931,P096,Makeup,Lipstick,Minimalist,Discount Increase,2025-05-31,2025-06-08,"{""discount_pct"": {""change_pct"": 51.81, ""new"": 22.59, ""old"": 14.88}}",orders,Increase,-23.24,Loss,0.798,Higher discount should lift orders but may dilute margin.
EXP0932,P028,Skincare,Serum,Mamaearth,Discount Decrease,2025-04-29,2025-05-20,"{""discount_pct"": {""change_pct"": -71.15, ""new"": 2.84, ""old"": 9.85}}",profit,Increase,13.07,Win,0.712,Lower discount tests whether stronger margin offsets order loss.
EXP0933,P059,Haircare,Shampoo,Mamaearth,Shipping Fee Increase,2025-11-14,2025-12-27,"{""shipping_fee"": {""change_pct"": 61.22, ""new"": 79.0, ""old"": 49.0}}",conversion_rate,Decrease,-15.06,Win,0.767,Higher shipping fee should create checkout friction.
EXP0934,P060,Makeup,Lipstick,The Derma Co,Shipping Fee Decrease,2025-11-20,2025-12-26,"{""shipping_fee"": {""change_pct"": -100.0, ""new"": 0.0, ""old"": 39.0}}",conversion_rate,Increase,17.43,Win,0.673,Reduced shipping fee should reduce checkout friction.
EXP0935,P040,Skincare,Serum,Minimalist,Free Shipping,2025-08-10,2025-08-21,"{""shipping_fee"": {""change_pct"": -100.0, ""new"": 0.0, ""old"": 49.0}}",conversion_rate,Increase,4.75,Inconclusive,0.6,Free shipping test should increase conversion and order volume.
EXP0936,P074,Haircare,Shampoo,Minimalist,Marketing Spend Increase,2025-01-06,2025-01-16,"{""marketing_spend"": {""change_pct"": 46.88, ""new"": 9229.66, ""old"": 6283.61}}",traffic,Increase,28.32,Win,0.783,Higher spend should increase traffic through paid reach and lagged adstock.
EXP0937,P073,Skincare,Serum,Minimalist,Marketing Spend Decrease,2025-08-03,2025-08-14,"{""marketing_spend"": {""change_pct"": -37.72, ""new"": 5953.65, ""old"": 9559.03}}",current_roas,Increase,9.39,Win,0.676,Spend reduction tests whether inefficient paid traffic can be trimmed.
EXP0938,P078,Makeup,Lipstick,Minimalist,Inventory Increase,2025-12-14,2025-12-24,"{""inventory_available"": {""change_pct"": 62.77, ""new"": 1162.16, ""old"": 714.0}}",orders,Increase,-22.4,Loss,0.793,Higher stock availability should reduce sales capacity constraints.
EXP0939,P057,Makeup,Lipstick,The Derma Co,Inventory Reduction,2025-05-02,2025-05-30,"{""inventory_available"": {""change_pct"": -43.54, ""new"": 535.23, ""old"": 948.0}}",revenue,Decrease,8.49,Loss,0.677,Lower inventory should cap orders and revenue.
EXP0940,P078,Makeup,Lipstick,Minimalist,Amazon to Website Shift,2025-07-25,2025-08-18,"{""sales_channel_mix"": {""Amazon"": {""change_pct"": -9.86, ""new"": 30.16, ""old"": 40.02}, ""Website"": {""change_pct"": 9.86, ""new"": 45.84, ""old"": 35.98}}}",website_sales_pct,Increase,50.94,Win,0.96,Channel share shifted from marketplace to owned website.
EXP0941,P080,Haircare,Shampoo,Mamaearth,Website to Amazon Shift,2025-06-17,2025-06-26,"{""sales_channel_mix"": {""Amazon"": {""change_pct"": 13.18, ""new"": 53.59, ""old"": 40.41}, ""Website"": {""change_pct"": -13.18, ""new"": 10.39, ""old"": 23.57}}}",amazon_sales_pct,Increase,6.84,Win,0.73,Channel share shifted toward Amazon for demand capture.
EXP0942,P045,Makeup,Lipstick,Mamaearth,Amazon to Mobile App Shift,2025-07-18,2025-07-26,"{""sales_channel_mix"": {""Amazon"": {""change_pct"": -12.17, ""new"": 20.79, ""old"": 32.96}, ""MobileApp"": {""change_pct"": 12.17, ""new"": 30.15, ""old"": 17.98}}}",mobile_app_sales_pct,Increase,63.75,Win,0.96,Marketplace users redirected toward app purchase journeys.
EXP0943,P046,Skincare,Serum,Mamaearth,Website to Mobile App Shift,2025-06-05,2025-06-11,"{""sales_channel_mix"": {""MobileApp"": {""change_pct"": 11.78, ""new"": 14.5, ""old"": 2.72}, ""Website"": {""change_pct"": -11.78, ""new"": 11.72, ""old"": 23.5}}}",mobile_app_sales_pct,Increase,403.56,Win,0.95,Owned web traffic nudged toward app conversion.
EXP0944,P072,Makeup,Lipstick,Mamaearth,Channel Mix Optimization,2025-02-02,2025-02-19,"{""sales_channel_mix"": {""Amazon"": {""change_pct"": -5.0, ""new"": 32.14, ""old"": 37.14}, ""MobileApp"": {""change_pct"": 4.0, ""new"": 29.88, ""old"": 25.88}, ""Nykaa"": {""change_pct"": -4.0, ""new"": 20.43, ""old"": 24.43}, ""Website"": {""change_pct"": 5.0, ""new"": 17.55, ""old"": 12.55}}}",current_roas,Increase,-1.01,Inconclusive,0.563,Mix optimized toward higher-margin owned channels.
EXP0945,P099,Makeup,Lipstick,The Derma Co,Search Increase,2025-05-20,2025-05-31,"{""campaign_mix"": {""Search"": {""change_pct"": 9.57, ""new"": 33.34, ""old"": 23.77}, ""Social"": {""change_pct"": -9.57, ""new"": 42.47, ""old"": 52.04}}}",search_campaign_pct,Increase,33.17,Win,0.846,Search share increased for higher purchase intent.
EXP0946,P100,Skincare,Serum,The Derma Co,Social Increase,2025-07-01,2025-07-11,"{""campaign_mix"": {""Search"": {""change_pct"": -11.94, ""new"": 15.74, ""old"": 27.68}, ""Social"": {""change_pct"": 11.94, ""new"": 54.71, ""old"": 42.77}}}",social_campaign_pct,Increase,46.41,Win,0.883,Social share increased for discovery and mid-funnel reach.
EXP0947,P086,Haircare,Shampoo,The Derma Co,Email Increase,2025-03-17,2025-04-03,"{""campaign_mix"": {""Email"": {""change_pct"": 9.06, ""new"": 19.87, ""old"": 10.81}, ""Social"": {""change_pct"": -9.06, ""new"": 22.84, ""old"": 31.9}}}",retention_rate,Increase,0.72,Loss,0.645,Email share increased to reactivate known buyers.
EXP0948,P061,Skincare,Serum,Minimalist,Affiliate Increase,2025-08-04,2025-08-17,"{""campaign_mix"": {""Affiliate"": {""change_pct"": 8.92, ""new"": 15.58, ""old"": 6.66}, ""Search"": {""change_pct"": -8.92, ""new"": 29.12, ""old"": 38.04}}}",affiliate_campaign_pct,Increase,150.29,Win,0.96,Affiliate share increased for deal-led acquisition.
EXP0949,P044,Haircare,Shampoo,The Derma Co,Campaign Mix Optimization,2025-03-08,2025-03-20,"{""campaign_mix"": {""Affiliate"": {""change_pct"": -3.0, ""new"": 13.57, ""old"": 16.57}, ""Email"": {""change_pct"": 3.0, ""new"": 17.83, ""old"": 14.83}, ""Search"": {""change_pct"": 4.0, ""new"": 34.51, ""old"": 30.51}, ""Social"": {""change_pct"": -4.0, ""new"": 34.09, ""old"": 38.09}}}",current_ctr,Increase,3.84,Inconclusive,0.594,Campaign mix optimized toward intent and lifecycle channels.
EXP0950,P071,Haircare,Shampoo,The Derma Co,Google to Instagram Shift,2025-10-29,2025-11-09,"{""acquisition_mix"": {""Google"": {""change_pct"": -6.52, ""new"": 25.31, ""old"": 31.83}, ""Instagram"": {""change_pct"": 6.52, ""new"": 19.93, ""old"": 13.41}}}",instagram_source_pct,Increase,38.27,Win,0.907,Acquisition shifted from search-led to creator and social discovery.
EXP0951,P050,Haircare,Shampoo,Minimalist,Instagram to Google Shift,2025-08-11,2025-08-24,"{""acquisition_mix"": {""Google"": {""change_pct"": 7.55, ""new"": 47.13, ""old"": 39.58}, ""Instagram"": {""change_pct"": -7.55, ""new"": 11.33, ""old"": 18.88}}}",google_source_pct,Increase,16.16,Win,0.747,Acquisition shifted toward high-intent Google traffic.
EXP0952,P055,Skincare,Serum,Mamaearth,Facebook to Google Shift,2025-12-09,2025-12-19,"{""acquisition_mix"": {""Facebook"": {""change_pct"": -2.99, ""new"": 3.0, ""old"": 5.99}, ""Google"": {""change_pct"": 2.99, ""new"": 55.78, ""old"": 52.79}}}",google_source_pct,Increase,8.12,Inconclusive,0.589,Budget moved from Facebook to Google for better intent quality.
EXP0953,P004,Skincare,Serum,The Derma Co,Paid to Organic Shift,2025-06-10,2025-06-16,"{""acquisition_mix"": {""Google"": {""change_pct"": -4.0, ""new"": 43.91, ""old"": 47.91}, ""Instagram"": {""change_pct"": -4.0, ""new"": 14.9, ""old"": 18.9}, ""Organic"": {""change_pct"": 8.0, ""new"": 23.21, ""old"": 15.21}}, ""marketing_spend"": {""change_pct"": -24.59, ""new"": 5518.3, ""old"": 7317.58}}",organic_source_pct,Increase,56.74,Win,0.918,Paid dependency reduced while organic share is lifted.
EXP0954,P015,Makeup,Lipstick,Minimalist,Acquisition Mix Optimization,2025-10-08,2025-11-02,"{""acquisition_mix"": {""Facebook"": {""change_pct"": -3.0, ""new"": 8.84, ""old"": 11.84}, ""Google"": {""change_pct"": 3.0, ""new"": 32.56, ""old"": 29.56}, ""Organic"": {""change_pct"": 2.0, ""new"": 8.61, ""old"": 6.61}, ""Referral"": {""change_pct"": -2.0, ""new"": 3.42, ""old"": 5.42}}}",conversion_rate,Increase,4.66,Win,0.636,Acquisition mix optimized toward higher-converting sources.
EXP0955,P003,Makeup,Lipstick,Minimalist,Premium Pricing Strategy,2025-05-20,2025-05-29,"{""avg_selling_price"": {""change_pct"": 12.89, ""new"": 474.13, ""old"": 420.0}, ""discount_pct"": {""change_pct"": -38.29, ""new"": 9.6, ""old"": 15.56}}",profit,Increase,18.69,Win,0.866,Premium posture combines higher price with lower promotion depth.
EXP0956,P087,Makeup,Lipstick,The Derma Co,Aggressive Growth Strategy,2025-07-25,2025-08-01,"{""discount_pct"": {""change_pct"": 72.05, ""new"": 24.93, ""old"": 14.49}, ""marketing_spend"": {""change_pct"": 82.21, ""new"": 8351.57, ""old"": 4583.54}, ""shipping_fee"": {""change_pct"": -81.63, ""new"": 9.0, ""old"": 49.0}}",orders,Increase,64.3,Win,0.904,"Growth strategy combines paid reach, promotion, and reduced friction."
EXP0957,P041,Haircare,Shampoo,Minimalist,Profit Optimization Strategy,2025-11-10,2025-11-19,"{""discount_pct"": {""change_pct"": -46.65, ""new"": 8.12, ""old"": 15.22}, ""marketing_spend"": {""change_pct"": -18.1, ""new"": 6211.29, ""old"": 7584.41}, ""sales_channel_mix"": {""Amazon"": {""change_pct"": -4.0, ""new"": 35.51, ""old"": 39.51}, ""MobileApp"": {""change_pct"": 3.0, ""new"": 12.25, ""old"": 9.25}, ""Nykaa"": {""change_pct"": -3.0, ""new"": 6.03, ""old"": 9.03}, ""Website"": {""change_pct"": 4.0, ""new"": 46.21, ""old"": 42.21}}}",profit,Increase,172.89,Win,0.96,Profit optimization trims inefficient spend and marketplace dependency.
EXP0958,P024,Makeup,Lipstick,The Derma Co,Conversion Recovery Strategy,2025-11-11,2025-12-02,"{""campaign_mix"": {""Affiliate"": {""change_pct"": -3.0, ""new"": 10.68, ""old"": 13.68}, ""Email"": {""change_pct"": 3.0, ""new"": 16.82, ""old"": 13.82}, ""Search"": {""change_pct"": 3.0, ""new"": 24.22, ""old"": 21.22}, ""Social"": {""change_pct"": -3.0, ""new"": 48.28, ""old"": 51.28}}, ""discount_pct"": {""change_pct"": 55.94, ""new"": 21.15, ""old"": 13.56}, ""shipping_fee"": {""change_pct"": -67.8, ""new"": 19.0, ""old"": 59.0}}",conversion_rate,Increase,29.24,Win,0.876,Conversion recovery lowers checkout friction and raises intent messaging.
EXP0959,P081,Makeup,Lipstick,The Derma Co,Inventory Clearance Strategy,2025-11-16,2025-11-23,"{""avg_selling_price"": {""change_pct"": -8.97, ""new"": 291.31, ""old"": 320.0}, ""discount_pct"": {""change_pct"": 63.35, ""new"": 29.76, ""old"": 18.22}}",orders,Increase,29.56,Win,0.857,Clearance strategy accelerates sell-through using price and discount.
EXP0960,P004,Skincare,Serum,The Derma Co,D2C Growth Strategy,2025-12-20,2025-12-30,"{""marketing_spend"": {""change_pct"": 23.94, ""new"": 8764.51, ""old"": 7071.39}, ""sales_channel_mix"": {""Amazon"": {""change_pct"": -5.0, ""new"": 32.1, ""old"": 37.1}, ""MobileApp"": {""change_pct"": 5.0, ""new"": 18.49, ""old"": 13.49}, ""Nykaa"": {""change_pct"": -5.0, ""new"": 13.14, ""old"": 18.14}, ""Website"": {""change_pct"": 5.0, ""new"": 36.27, ""old"": 31.27}}}",website_sales_pct,Increase,10.13,Win,0.687,D2C growth moves share toward owned web and app channels.
EXP0961,P044,Haircare,Shampoo,The Derma Co,Price Increase,2025-12-04,2025-12-15,"{""avg_selling_price"": {""change_pct"": 14.09, ""new"": 741.56, ""old"": 650.0}}",profit,Increase,50.76,Win,0.96,Premium price test expects higher unit margin with some demand elasticity.
EXP0962,P096,Makeup,Lipstick,Minimalist,Price Decrease,2025-04-11,2025-04-23,"{""avg_selling_price"": {""change_pct"": -13.8, ""new"": 862.02, ""old"": 1000.0}}",orders,Increase,28.26,Win,0.878,Lower price should improve demand and conversion.
EXP0963,P029,Haircare,Shampoo,Minimalist,Discount Increase,2025-04-08,2025-04-16,"{""discount_pct"": {""change_pct"": 89.98, ""new"": 26.2, ""old"": 13.79}}",orders,Increase,14.18,Win,0.799,Higher discount should lift orders but may dilute margin.
EXP0964,P003,Makeup,Lipstick,Minimalist,Discount Decrease,2025-01-05,2025-01-12,"{""discount_pct"": {""change_pct"": -47.4, ""new"": 9.72, ""old"": 18.48}}",profit,Increase,14.22,Win,0.712,Lower discount tests whether stronger margin offsets order loss.
EXP0965,P009,Makeup,Lipstick,Mamaearth,Shipping Fee Increase,2025-07-04,2025-07-24,"{""shipping_fee"": {""change_pct"": 43.48, ""new"": 99.0, ""old"": 69.0}}",conversion_rate,Decrease,-6.19,Win,0.685,Higher shipping fee should create checkout friction.
EXP0966,P006,Makeup,Lipstick,Minimalist,Shipping Fee Decrease,2025-01-05,2025-01-16,"{""shipping_fee"": {""change_pct"": -76.92, ""new"": 9.0, ""old"": 39.0}}",conversion_rate,Increase,2.73,Win,0.683,Reduced shipping fee should reduce checkout friction.
EXP0967,P050,Haircare,Shampoo,Minimalist,Free Shipping,2025-03-11,2025-03-25,"{""shipping_fee"": {""change_pct"": -100.0, ""new"": 0.0, ""old"": 39.0}}",conversion_rate,Increase,4.65,Inconclusive,0.596,Free shipping test should increase conversion and order volume.
EXP0968,P024,Makeup,Lipstick,The Derma Co,Marketing Spend Increase,2025-09-08,2025-09-30,"{""marketing_spend"": {""change_pct"": 50.17, ""new"": 10368.58, ""old"": 6904.41}}",traffic,Increase,26.04,Win,0.813,Higher spend should increase traffic through paid reach and lagged adstock.
EXP0969,P095,Haircare,Shampoo,Mamaearth,Marketing Spend Decrease,2025-05-16,2025-06-13,"{""marketing_spend"": {""change_pct"": -33.22, ""new"": 2940.55, ""old"": 4403.26}}",current_roas,Increase,37.11,Win,0.917,Spend reduction tests whether inefficient paid traffic can be trimmed.
EXP0970,P060,Makeup,Lipstick,The Derma Co,Inventory Increase,2025-02-18,2025-02-24,"{""inventory_available"": {""change_pct"": 67.09, ""new"": 2036.86, ""old"": 1219.0}}",orders,Increase,11.11,Win,0.78,Higher stock availability should reduce sales capacity constraints.
EXP0971,P061,Skincare,Serum,Minimalist,Inventory Reduction,2025-08-29,2025-09-13,"{""inventory_available"": {""change_pct"": -36.25, ""new"": 487.68, ""old"": 765.0}}",revenue,Decrease,-0.36,Inconclusive,0.565,Lower inventory should cap orders and revenue.
EXP0972,P006,Makeup,Lipstick,Minimalist,Amazon to Website Shift,2025-10-08,2025-10-14,"{""sales_channel_mix"": {""Amazon"": {""change_pct"": -14.42, ""new"": 27.8, ""old"": 42.22}, ""Website"": {""change_pct"": 14.42, ""new"": 44.61, ""old"": 30.19}}}",website_sales_pct,Increase,47.29,Win,0.96,Channel share shifted from marketplace to owned website.
EXP0973,P023,Haircare,Shampoo,The Derma Co,Website to Amazon Shift,2025-04-18,2025-05-05,"{""sales_channel_mix"": {""Amazon"": {""change_pct"": 14.45, ""new"": 29.77, ""old"": 15.32}, ""Website"": {""change_pct"": -14.45, ""new"": 36.22, ""old"": 50.67}}}",amazon_sales_pct,Increase,78.5,Win,0.952,Channel share shifted toward Amazon for demand capture.
EXP0974,P091,Skincare,Serum,Minimalist,Amazon to Mobile App Shift,2025-07-02,2025-07-24,"{""sales_channel_mix"": {""Amazon"": {""change_pct"": -7.34, ""new"": 19.19, ""old"": 26.53}, ""MobileApp"": {""change_pct"": 7.34, ""new"": 17.36, ""old"": 10.02}}}",mobile_app_sales_pct,Increase,72.04,Win,0.931,Marketplace users redirected toward app purchase journeys.
EXP0975,P036,Makeup,Lipstick,The Derma Co,Website to Mobile App Shift,2025-06-27,2025-07-03,"{""sales_channel_mix"": {""MobileApp"": {""change_pct"": 12.38, ""new"": 31.67, ""old"": 19.29}, ""Website"": {""change_pct"": -12.38, ""new"": 19.64, ""old"": 32.02}}}",mobile_app_sales_pct,Increase,51.85,Win,0.96,Owned web traffic nudged toward app conversion.
EXP0976,P091,Skincare,Serum,Minimalist,Channel Mix Optimization,2025-12-13,2025-12-22,"{""sales_channel_mix"": {""Amazon"": {""change_pct"": -5.0, ""new"": 22.82, ""old"": 27.82}, ""MobileApp"": {""change_pct"": 4.0, ""new"": 15.44, ""old"": 11.44}, ""Nykaa"": {""change_pct"": -4.0, ""new"": 18.75, ""old"": 22.75}, ""Website"": {""change_pct"": 5.0, ""new"": 42.99, ""old"": 37.99}}}",current_roas,Increase,-4.29,Inconclusive,0.616,Mix optimized toward higher-margin owned channels.
EXP0977,P002,Haircare,Shampoo,The Derma Co,Search Increase,2025-04-17,2025-04-29,"{""campaign_mix"": {""Search"": {""change_pct"": 9.42, ""new"": 52.47, ""old"": 43.05}, ""Social"": {""change_pct"": -9.42, ""new"": 25.81, ""old"": 35.23}}}",search_campaign_pct,Increase,26.47,Win,0.934,Search share increased for higher purchase intent.
EXP0978,P003,Makeup,Lipstick,Minimalist,Social Increase,2025-02-28,2025-03-06,"{""campaign_mix"": {""Search"": {""change_pct"": -7.61, ""new"": 20.22, ""old"": 27.83}, ""Social"": {""change_pct"": 7.61, ""new"": 58.87, ""old"": 51.26}}}",social_campaign_pct,Increase,19.35,Win,0.819,Social share increased for discovery and mid-funnel reach.
EXP0979,P066,Makeup,Lipstick,Mamaearth,Email Increase,2025-04-29,2025-05-05,"{""campaign_mix"": {""Email"": {""change_pct"": 9.86, ""new"": 32.12, ""old"": 22.26}, ""Social"": {""change_pct"": -9.86, ""new"": 42.73, ""old"": 52.59}}}",retention_rate,Increase,0.21,Loss,0.621,Email share increased to reactivate known buyers.
EXP0980,P014,Haircare,Shampoo,Minimalist,Affiliate Increase,2025-12-01,2025-12-13,"{""campaign_mix"": {""Affiliate"": {""change_pct"": 9.93, ""new"": 23.7, ""old"": 13.77}, ""Search"": {""change_pct"": -9.93, ""new"": 14.72, ""old"": 24.65}}}",affiliate_campaign_pct,Increase,75.35,Win,0.96,Affiliate share increased for deal-led acquisition.
EXP0981,P097,Skincare,Serum,Mamaearth,Campaign Mix Optimization,2025-01-26,2025-02-01,"{""campaign_mix"": {""Affiliate"": {""change_pct"": -3.0, ""new"": 7.6, ""old"": 10.6}, ""Email"": {""change_pct"": 3.0, ""new"": 18.6, ""old"": 15.6}, ""Search"": {""change_pct"": 4.0, ""new"": 39.89, ""old"": 35.89}, ""Social"": {""change_pct"": -4.0, ""new"": 33.91, ""old"": 37.91}}}",current_ctr,Increase,5.86,Inconclusive,0.613,Campaign mix optimized toward intent and lifecycle channels.
EXP0982,P019,Skincare,Serum,Mamaearth,Google to Instagram Shift,2025-01-02,2025-01-10,"{""acquisition_mix"": {""Google"": {""change_pct"": -10.95, ""new"": 31.67, ""old"": 42.62}, ""Instagram"": {""change_pct"": 10.95, ""new"": 43.75, ""old"": 32.8}}}",instagram_source_pct,Increase,31.82,Win,0.877,Acquisition shifted from search-led to creator and social discovery.
EXP0983,P043,Skincare,Serum,Mamaearth,Instagram to Google Shift,2025-10-10,2025-10-21,"{""acquisition_mix"": {""Google"": {""change_pct"": 12.48, ""new"": 68.85, ""old"": 56.37}, ""Instagram"": {""change_pct"": -12.48, ""new"": 3.0, ""old"": 15.48}}}",google_source_pct,Increase,24.92,Win,0.805,Acquisition shifted toward high-intent Google traffic.
EXP0984,P065,Haircare,Shampoo,The Derma Co,Facebook to Google Shift,2025-06-22,2025-07-02,"{""acquisition_mix"": {""Facebook"": {""change_pct"": -5.31, ""new"": 3.0, ""old"": 8.31}, ""Google"": {""change_pct"": 5.31, ""new"": 44.84, ""old"": 39.53}}}",google_source_pct,Increase,13.75,Win,0.755,Budget moved from Facebook to Google for better intent quality.
EXP0985,P093,Makeup,Lipstick,Minimalist,Paid to Organic Shift,2025-11-21,2025-11-29,"{""acquisition_mix"": {""Google"": {""change_pct"": -4.0, ""new"": 24.74, ""old"": 28.74}, ""Instagram"": {""change_pct"": -4.0, ""new"": 27.58, ""old"": 31.58}, ""Organic"": {""change_pct"": 8.0, ""new"": 24.05, ""old"": 16.05}}, ""marketing_spend"": {""change_pct"": -23.37, ""new"": 9033.92, ""old"": 11788.8}}",organic_source_pct,Increase,50.42,Win,0.925,Paid dependency reduced while organic share is lifted.
EXP0986,P078,Makeup,Lipstick,Minimalist,Acquisition Mix Optimization,2025-04-21,2025-06-03,"{""acquisition_mix"": {""Facebook"": {""change_pct"": -3.0, ""new"": 10.76, ""old"": 13.76}, ""Google"": {""change_pct"": 3.0, ""new"": 33.65, ""old"": 30.65}, ""Organic"": {""change_pct"": 0.07, ""new"": 17.66, ""old"": 17.59}, ""Referral"": {""change_pct"": -0.07, ""new"": 3.0, ""old"": 3.07}}}",conversion_rate,Increase,1.03,Loss,0.637,Acquisition mix optimized toward higher-converting sources.
EXP0987,P096,Makeup,Lipstick,Minimalist,Premium Pricing Strategy,2025-12-02,2025-12-08,"{""avg_selling_price"": {""change_pct"": 13.39, ""new"": 1133.86, ""old"": 1000.0}, ""discount_pct"": {""change_pct"": -27.68, ""new"": 10.78, ""old"": 14.91}}",profit,Increase,4.58,Win,0.646,Premium posture combines higher price with lower promotion depth.
EXP0988,P082,Skincare,Serum,Mamaearth,Aggressive Growth Strategy,2025-08-26,2025-09-28,"{""discount_pct"": {""change_pct"": 44.19, ""new"": 22.41, ""old"": 15.54}, ""marketing_spend"": {""change_pct"": 43.57, ""new"": 9514.76, ""old"": 6627.15}, ""shipping_fee"": {""change_pct"": -57.97, ""new"": 29.0, ""old"": 69.0}}",orders,Increase,32.57,Win,0.938,"Growth strategy combines paid reach, promotion, and reduced friction."
EXP0989,P025,Skincare,Serum,The Derma Co,Profit Optimization Strategy,2025-03-07,2025-03-28,"{""discount_pct"": {""change_pct"": -34.26, ""new"": 10.95, ""old"": 16.65}, ""marketing_spend"": {""change_pct"": -21.24, ""new"": 5202.7, ""old"": 6605.92}, ""sales_channel_mix"": {""Amazon"": {""change_pct"": -4.0, ""new"": 25.28, ""old"": 29.28}, ""MobileApp"": {""change_pct"": 3.0, ""new"": 19.5, ""old"": 16.5}, ""Nykaa"": {""change_pct"": -3.0, ""new"": 17.35, ""old"": 20.35}, ""Website"": {""change_pct"": 4.0, ""new"": 37.87, ""old"": 33.87}}}",profit,Increase,1.99,Win,0.652,Profit optimization trims inefficient spend and marketplace dependency.
EXP0990,P058,Skincare,Serum,Mamaearth,Conversion Recovery Strategy,2025-07-11,2025-07-20,"{""campaign_mix"": {""Affiliate"": {""change_pct"": -2.34, ""new"": 3.0, ""old"": 5.34}, ""Email"": {""change_pct"": 2.34, ""new"": 27.75, ""old"": 25.41}, ""Search"": {""change_pct"": 3.0, ""new"": 39.38, ""old"": 36.38}, ""Social"": {""change_pct"": -3.0, ""new"": 29.87, ""old"": 32.87}}, ""discount_pct"": {""change_pct"": 60.7, ""new"": 19.89, ""old"": 12.38}, ""shipping_fee"": {""change_pct"": -51.28, ""new"": 19.0, ""old"": 39.0}}",conversion_rate,Increase,18.61,Win,0.764,Conversion recovery lowers checkout friction and raises intent messaging.
EXP0991,P099,Makeup,Lipstick,The Derma Co,Inventory Clearance Strategy,2025-12-04,2025-12-25,"{""avg_selling_price"": {""change_pct"": -5.12, ""new"": 692.64, ""old"": 730.0}, ""discount_pct"": {""change_pct"": 66.55, ""new"": 35.23, ""old"": 21.15}}",orders,Increase,45.7,Win,0.917,Clearance strategy accelerates sell-through using price and discount.
EXP0992,P090,Makeup,Lipstick,Minimalist,D2C Growth Strategy,2025-11-12,2025-12-07,"{""marketing_spend"": {""change_pct"": 24.76, ""new"": 14157.54, ""old"": 11347.96}, ""sales_channel_mix"": {""Amazon"": {""change_pct"": -5.0, ""new"": 22.95, ""old"": 27.95}, ""MobileApp"": {""change_pct"": 5.0, ""new"": 11.36, ""old"": 6.36}, ""Nykaa"": {""change_pct"": -5.0, ""new"": 19.57, ""old"": 24.57}, ""Website"": {""change_pct"": 5.0, ""new"": 46.12, ""old"": 41.12}}}",website_sales_pct,Increase,11.01,Win,0.691,D2C growth moves share toward owned web and app channels.
EXP0993,P098,Haircare,Shampoo,The Derma Co,Price Increase,2025-12-15,2025-12-26,"{""avg_selling_price"": {""change_pct"": 14.43, ""new"": 503.51, ""old"": 440.0}}",profit,Increase,37.05,Win,0.96,Premium price test expects higher unit margin with some demand elasticity.
EXP0994,P020,Haircare,Shampoo,The Derma Co,Price Decrease,2025-10-01,2025-10-08,"{""avg_selling_price"": {""change_pct"": -7.9, ""new"": 469.69, ""old"": 510.0}}",orders,Increase,8.61,Win,0.664,Lower price should improve demand and conversion.
EXP0995,P038,Haircare,Shampoo,Minimalist,Discount Increase,2025-12-07,2025-12-25,"{""discount_pct"": {""change_pct"": 60.04, ""new"": 18.18, ""old"": 11.36}}",orders,Increase,-18.63,Loss,0.727,Higher discount should lift orders but may dilute margin.
EXP0996,P082,Skincare,Serum,Mamaearth,Discount Decrease,2025-05-10,2025-05-16,"{""discount_pct"": {""change_pct"": -42.95, ""new"": 12.15, ""old"": 21.29}}",profit,Increase,17.59,Win,0.781,Lower discount tests whether stronger margin offsets order loss.
EXP0997,P001,Skincare,Serum,Mamaearth,Shipping Fee Increase,2025-12-19,2025-12-31,"{""shipping_fee"": {""change_pct"": 28.99, ""new"": 89.0, ""old"": 69.0}}",conversion_rate,Decrease,2.03,Inconclusive,0.583,Higher shipping fee should create checkout friction.
EXP0998,P015,Makeup,Lipstick,Minimalist,Shipping Fee Decrease,2025-02-13,2025-02-20,"{""shipping_fee"": {""change_pct"": -57.97, ""new"": 29.0, ""old"": 69.0}}",conversion_rate,Increase,3.5,Inconclusive,0.594,Reduced shipping fee should reduce checkout friction.
EXP0999,P097,Skincare,Serum,Mamaearth,Free Shipping,2025-12-15,2025-12-28,"{""shipping_fee"": {""change_pct"": -100.0, ""new"": 0.0, ""old"": 49.0}}",conversion_rate,Increase,12.77,Win,0.73,Free shipping test should increase conversion and order volume.
EXP1000,P067,Skincare,Serum,Minimalist,Marketing Spend Increase,2025-03-25,2025-04-24,"{""marketing_spend"": {""change_pct"": 47.99, ""new"": 14827.19, ""old"": 10018.82}}",traffic,Increase,23.58,Win,0.763,Higher spend should increase traffic through paid reach and lagged adstock.
EXP1001,P076,Skincare,Serum,Minimalist,Marketing Spend Decrease,2025-05-18,2025-05-26,"{""marketing_spend"": {""change_pct"": -27.4, ""new"": 6053.13, ""old"": 8338.05}}",current_roas,Increase,9.69,Win,0.679,Spend reduction tests whether inefficient paid traffic can be trimmed.
EXP1002,P073,Skincare,Serum,Minimalist,Inventory Increase,2025-10-08,2025-10-21,"{""inventory_available"": {""change_pct"": 69.14, ""new"": 2269.86, ""old"": 1342.0}}",orders,Increase,101.72,Win,0.918,Higher stock availability should reduce sales capacity constraints.
EXP1003,P062,Haircare,Shampoo,Minimalist,Inventory Reduction,2025-01-25,2025-02-11,"{""inventory_available"": {""change_pct"": -49.32, ""new"": 782.53, ""old"": 1544.0}}",revenue,Decrease,1.37,Loss,0.623,Lower inventory should cap orders and revenue.
EXP1004,P045,Makeup,Lipstick,Mamaearth,Amazon to Website Shift,2025-01-06,2025-01-20,"{""sales_channel_mix"": {""Amazon"": {""change_pct"": -15.5, ""new"": 17.82, ""old"": 33.32}, ""Website"": {""change_pct"": 15.5, ""new"": 58.37, ""old"": 42.87}}}",website_sales_pct,Increase,35.03,Win,0.938,Channel share shifted from marketplace to owned website.
EXP1005,P013,Skincare,Serum,Mamaearth,Website to Amazon Shift,2025-01-01,2025-01-07,"{""sales_channel_mix"": {""Amazon"": {""change_pct"": 11.89, ""new"": 72.39, ""old"": 60.5}, ""Website"": {""change_pct"": -11.89, ""new"": 8.22, ""old"": 20.11}}}",amazon_sales_pct,Increase,20.7,Win,0.778,Channel share shifted toward Amazon for demand capture.
EXP1006,P046,Skincare,Serum,Mamaearth,Amazon to Mobile App Shift,2025-08-19,2025-09-11,"{""sales_channel_mix"": {""Amazon"": {""change_pct"": -9.93, ""new"": 49.3, ""old"": 59.23}, ""MobileApp"": {""change_pct"": 9.93, ""new"": 13.1, ""old"": 3.17}}}",mobile_app_sales_pct,Increase,261.17,Win,0.86,Marketplace users redirected toward app purchase journeys.
EXP1007,P067,Skincare,Serum,Minimalist,Website to Mobile App Shift,2025-08-10,2025-08-16,"{""sales_channel_mix"": {""MobileApp"": {""change_pct"": 11.55, ""new"": 27.07, ""old"": 15.52}, ""Website"": {""change_pct"": -11.55, ""new"": 23.25, ""old"": 34.8}}}",mobile_app_sales_pct,Increase,79.35,Win,0.96,Owned web traffic nudged toward app conversion.
EXP1008,P070,Skincare,Serum,Mamaearth,Channel Mix Optimization,2025-05-05,2025-05-17,"{""sales_channel_mix"": {""Amazon"": {""change_pct"": -5.0, ""new"": 49.01, ""old"": 54.01}, ""MobileApp"": {""change_pct"": 4.0, ""new"": 14.54, ""old"": 10.54}, ""Nykaa"": {""change_pct"": -4.0, ""new"": 10.9, ""old"": 14.9}, ""Website"": {""change_pct"": 5.0, ""new"": 25.55, ""old"": 20.55}}}",current_roas,Increase,2.93,Win,0.636,Mix optimized toward higher-margin owned channels.
EXP1009,P070,Skincare,Serum,Mamaearth,Search Increase,2025-12-12,2025-12-25,"{""campaign_mix"": {""Search"": {""change_pct"": 11.46, ""new"": 54.06, ""old"": 42.6}, ""Social"": {""change_pct"": -11.46, ""new"": 4.9, ""old"": 16.36}}}",search_campaign_pct,Increase,25.96,Win,0.808,Search share increased for higher purchase intent.
EXP1010,P014,Haircare,Shampoo,Minimalist,Social Increase,2025-06-13,2025-06-24,"{""campaign_mix"": {""Search"": {""change_pct"": -6.61, ""new"": 18.91, ""old"": 25.52}, ""Social"": {""change_pct"": 6.61, ""new"": 45.7, ""old"": 39.09}}}",social_campaign_pct,Increase,13.46,Win,0.662,Social share increased for discovery and mid-funnel reach.
EXP1011,P052,Skincare,Serum,Mamaearth,Email Increase,2025-08-08,2025-08-14,"{""campaign_mix"": {""Email"": {""change_pct"": 10.51, ""new"": 26.12, ""old"": 15.61}, ""Social"": {""change_pct"": -10.51, ""new"": 25.61, ""old"": 36.12}}}",retention_rate,Increase,-0.92,Inconclusive,0.543,Email share increased to reactivate known buyers.
EXP1012,P087,Makeup,Lipstick,The Derma Co,Affiliate Increase,2025-09-28,2025-10-07,"{""campaign_mix"": {""Affiliate"": {""change_pct"": 7.97, ""new"": 14.97, ""old"": 7.0}, ""Search"": {""change_pct"": -7.97, ""new"": 13.11, ""old"": 21.08}}}",affiliate_campaign_pct,Increase,135.27,Win,0.935,Affiliate share increased for deal-led acquisition.
EXP1013,P054,Makeup,Lipstick,Minimalist,Campaign Mix Optimization,2025-05-22,2025-06-10,"{""campaign_mix"": {""Affiliate"": {""change_pct"": -3.0, ""new"": 6.07, ""old"": 9.07}, ""Email"": {""change_pct"": 3.0, ""new"": 10.49, ""old"": 7.49}, ""Search"": {""change_pct"": 4.0, ""new"": 28.87, ""old"": 24.87}, ""Social"": {""change_pct"": -4.0, ""new"": 54.57, ""old"": 58.57}}}",current_ctr,Increase,0.35,Inconclusive,0.593,Campaign mix optimized toward intent and lifecycle channels.
EXP1014,P039,Makeup,Lipstick,The Derma Co,Google to Instagram Shift,2025-03-19,2025-04-29,"{""acquisition_mix"": {""Google"": {""change_pct"": -10.83, ""new"": 11.77, ""old"": 22.6}, ""Instagram"": {""change_pct"": 10.83, ""new"": 41.66, ""old"": 30.83}}}",instagram_source_pct,Increase,29.95,Win,0.874,Acquisition shifted from search-led to creator and social discovery.
EXP1015,P005,Haircare,Shampoo,Mamaearth,Instagram to Google Shift,2025-08-25,2025-09-13,"{""acquisition_mix"": {""Google"": {""change_pct"": 7.64, ""new"": 42.52, ""old"": 34.88}, ""Instagram"": {""change_pct"": -7.64, ""new"": 6.42, ""old"": 14.06}}}",google_source_pct,Increase,22.1,Win,0.75,Acquisition shifted toward high-intent Google traffic.
EXP1016,P007,Skincare,Serum,Minimalist,Facebook to Google Shift,2025-06-18,2025-07-10,"{""acquisition_mix"": {""Facebook"": {""change_pct"": -3.35, ""new"": 3.0, ""old"": 6.35}, ""Google"": {""change_pct"": 3.35, ""new"": 48.07, ""old"": 44.72}}}",google_source_pct,Increase,6.29,Win,0.69,Budget moved from Facebook to Google for better intent quality.
EXP1017,P031,Skincare,Serum,Mamaearth,Paid to Organic Shift,2025-04-01,2025-04-13,"{""acquisition_mix"": {""Google"": {""change_pct"": -4.0, ""new"": 41.43, ""old"": 45.43}, ""Instagram"": {""change_pct"": -4.0, ""new"": 21.31, ""old"": 25.31}, ""Organic"": {""change_pct"": 8.0, ""new"": 15.78, ""old"": 7.78}}, ""marketing_spend"": {""change_pct"": -18.2, ""new"": 4543.68, ""old"": 5554.75}}",organic_source_pct,Increase,122.06,Win,0.865,Paid dependency reduced while organic share is lifted.
EXP1018,P094,Skincare,Serum,Minimalist,Acquisition Mix Optimization,2025-07-18,2025-07-24,"{""acquisition_mix"": {""Facebook"": {""change_pct"": -3.0, ""new"": 20.26, ""old"": 23.26}, ""Google"": {""change_pct"": 3.0, ""new"": 38.45, ""old"": 35.45}, ""Organic"": {""change_pct"": 2.0, ""new"": 11.28, ""old"": 9.28}, ""Referral"": {""change_pct"": -2.0, ""new"": 5.3, ""old"": 7.3}}}",conversion_rate,Increase,-4.19,Loss,0.657,Acquisition mix optimized toward higher-converting sources.
EXP1019,P082,Skincare,Serum,Mamaearth,Premium Pricing Strategy,2025-05-18,2025-05-26,"{""avg_selling_price"": {""change_pct"": 11.63, ""new"": 546.98, ""old"": 490.0}, ""discount_pct"": {""change_pct"": -33.92, ""new"": 10.67, ""old"": 16.15}}",profit,Increase,70.52,Win,0.954,Premium posture combines higher price with lower promotion depth.
EXP1020,P078,Makeup,Lipstick,Minimalist,Aggressive Growth Strategy,2025-01-05,2025-01-17,"{""discount_pct"": {""change_pct"": 53.07, ""new"": 29.6, ""old"": 19.34}, ""marketing_spend"": {""change_pct"": 38.42, ""new"": 8880.13, ""old"": 6415.46}, ""shipping_fee"": {""change_pct"": -50.85, ""new"": 29.0, ""old"": 59.0}}",orders,Increase,56.44,Win,0.904,"Growth strategy combines paid reach, promotion, and reduced friction."
EXP1021,P094,Skincare,Serum,Minimalist,Profit Optimization Strategy,2025-04-04,2025-04-12,"{""discount_pct"": {""change_pct"": -74.12, ""new"": 2.78, ""old"": 10.75}, ""marketing_spend"": {""change_pct"": -12.26, ""new"": 9543.39, ""old"": 10876.61}, ""sales_channel_mix"": {""Amazon"": {""change_pct"": -4.0, ""new"": 24.56, ""old"": 28.56}, ""MobileApp"": {""change_pct"": 3.0, ""new"": 10.41, ""old"": 7.41}, ""Nykaa"": {""change_pct"": -3.0, ""new"": 19.77, ""old"": 22.77}, ""Website"": {""change_pct"": 4.0, ""new"": 45.26, ""old"": 41.26}}}",profit,Increase,49.17,Win,0.942,Profit optimization trims inefficient spend and marketplace dependency.
EXP1022,P078,Makeup,Lipstick,Minimalist,Conversion Recovery Strategy,2025-02-12,2025-02-25,"{""campaign_mix"": {""Affiliate"": {""change_pct"": -3.0, ""new"": 6.08, ""old"": 9.08}, ""Email"": {""change_pct"": 3.0, ""new"": 17.84, ""old"": 14.84}, ""Search"": {""change_pct"": 3.0, ""new"": 18.12, ""old"": 15.12}, ""Social"": {""change_pct"": -3.0, ""new"": 57.96, ""old"": 60.96}}, ""discount_pct"": {""change_pct"": 48.47, ""new"": 18.31, ""old"": 12.33}, ""shipping_fee"": {""change_pct"": -67.8, ""new"": 19.0, ""old"": 59.0}}",conversion_rate,Increase,17.52,Win,0.787,Conversion recovery lowers checkout friction and raises intent messaging.
EXP1023,P064,Skincare,Serum,Mamaearth,Inventory Clearance Strategy,2025-02-16,2025-02-23,"{""avg_selling_price"": {""change_pct"": -9.37, ""new"": 534.7, ""old"": 590.0}, ""discount_pct"": {""change_pct"": 103.63, ""new"": 31.4, ""old"": 15.42}}",orders,Increase,39.36,Win,0.96,Clearance strategy accelerates sell-through using price and discount.
EXP1024,P093,Makeup,Lipstick,Minimalist,D2C Growth Strategy,2025-05-30,2025-07-05,"{""marketing_spend"": {""change_pct"": 15.99, ""new"": 10402.49, ""old"": 8968.48}, ""sales_channel_mix"": {""Amazon"": {""change_pct"": -5.0, ""new"": 23.1, ""old"": 28.1}, ""MobileApp"": {""change_pct"": 5.0, ""new"": 25.41, ""old"": 20.41}, ""Nykaa"": {""change_pct"": -5.0, ""new"": 21.36, ""old"": 26.36}, ""Website"": {""change_pct"": 5.0, ""new"": 30.13, ""old"": 25.13}}}",website_sales_pct,Increase,22.48,Win,0.843,D2C growth moves share toward owned web and app channels.
EXP1025,P005,Haircare,Shampoo,Mamaearth,Price Increase,2025-09-14,2025-10-02,"{""avg_selling_price"": {""change_pct"": 12.48, ""new"": 539.9, ""old"": 480.0}}",profit,Increase,13.39,Win,0.733,Premium price test expects higher unit margin with some demand elasticity.
EXP1026,P094,Skincare,Serum,Minimalist,Price Decrease,2025-02-05,2025-03-05,"{""avg_selling_price"": {""change_pct"": -6.96, ""new"": 558.25, ""old"": 600.0}}",orders,Increase,-8.34,Loss,0.635,Lower price should improve demand and conversion.
EXP1027,P074,Haircare,Shampoo,Minimalist,Discount Increase,2025-10-29,2025-11-13,"{""discount_pct"": {""change_pct"": 70.34, ""new"": 30.34, ""old"": 17.81}}",orders,Increase,-21.43,Loss,0.75,Higher discount should lift orders but may dilute margin.
EXP1028,P010,Skincare,Serum,Mamaearth,Discount Decrease,2025-12-07,2025-12-16,"{""discount_pct"": {""change_pct"": -50.46, ""new"": 4.95, ""old"": 10.0}}",profit,Increase,-49.48,Loss,0.935,Lower discount tests whether stronger margin offsets order loss.
EXP1029,P054,Makeup,Lipstick,Minimalist,Shipping Fee Increase,2025-03-28,2025-04-06,"{""shipping_fee"": {""change_pct"": 50.85, ""new"": 89.0, ""old"": 59.0}}",conversion_rate,Decrease,-8.48,Inconclusive,0.617,Higher shipping fee should create checkout friction.
EXP1030,P014,Haircare,Shampoo,Minimalist,Shipping Fee Decrease,2025-11-10,2025-11-18,"{""shipping_fee"": {""change_pct"": -40.82, ""new"": 29.0, ""old"": 49.0}}",conversion_rate,Increase,-5.12,Loss,0.622,Reduced shipping fee should reduce checkout friction.
EXP1031,P008,Haircare,Shampoo,Mamaearth,Free Shipping,2025-02-02,2025-02-09,"{""shipping_fee"": {""change_pct"": -100.0, ""new"": 0.0, ""old"": 59.0}}",conversion_rate,Increase,-12.59,Loss,0.695,Free shipping test should increase conversion and order volume.
EXP1032,P089,Haircare,Shampoo,Minimalist,Marketing Spend Increase,2025-03-26,2025-04-06,"{""marketing_spend"": {""change_pct"": 64.92, ""new"": 7965.43, ""old"": 4829.89}}",traffic,Increase,43.34,Win,0.922,Higher spend should increase traffic through paid reach and lagged adstock.
EXP1033,P058,Skincare,Serum,Mamaearth,Marketing Spend Decrease,2025-01-16,2025-01-22,"{""marketing_spend"": {""change_pct"": -24.34, ""new"": 8313.45, ""old"": 10987.49}}",current_roas,Increase,12.16,Win,0.65,Spend reduction tests whether inefficient paid traffic can be trimmed.
EXP1034,P099,Makeup,Lipstick,The Derma Co,Inventory Increase,2025-01-08,2025-01-22,"{""inventory_available"": {""change_pct"": 78.26, ""new"": 941.19, ""old"": 528.0}}",orders,Increase,9.63,Win,0.705,Higher stock availability should reduce sales capacity constraints.
EXP1035,P084,Makeup,Lipstick,Minimalist,Inventory Reduction,2025-01-11,2025-02-10,"{""inventory_available"": {""change_pct"": -48.82, ""new"": 270.24, ""old"": 528.0}}",revenue,Decrease,12.21,Loss,0.779,Lower inventory should cap orders and revenue.
EXP1036,P029,Haircare,Shampoo,Minimalist,Amazon to Website Shift,2025-07-17,2025-07-30,"{""sales_channel_mix"": {""Amazon"": {""change_pct"": -10.11, ""new"": 11.35, ""old"": 21.46}, ""Website"": {""change_pct"": 10.11, ""new"": 51.25, ""old"": 41.14}}}",website_sales_pct,Increase,19.29,Win,0.765,Channel share shifted from marketplace to owned website.
EXP1037,P057,Makeup,Lipstick,The Derma Co,Website to Amazon Shift,2025-03-06,2025-04-16,"{""sales_channel_mix"": {""Amazon"": {""change_pct"": 12.52, ""new"": 31.46, ""old"": 18.94}, ""Website"": {""change_pct"": -12.52, ""new"": 26.09, ""old"": 38.61}}}",amazon_sales_pct,Increase,54.45,Win,0.96,Channel share shifted toward Amazon for demand capture.
EXP1038,P081,Makeup,Lipstick,The Derma Co,Amazon to Mobile App Shift,2025-03-06,2025-04-01,"{""sales_channel_mix"": {""Amazon"": {""change_pct"": -11.86, ""new"": 18.71, ""old"": 30.57}, ""MobileApp"": {""change_pct"": 11.86, ""new"": 17.0, ""old"": 5.14}}}",mobile_app_sales_pct,Increase,226.09,Win,0.893,Marketplace users redirected toward app purchase journeys.
EXP1039,P007,Skincare,Serum,Minimalist,Website to Mobile App Shift,2025-02-16,2025-03-09,"{""sales_channel_mix"": {""MobileApp"": {""change_pct"": 10.6, ""new"": 29.32, ""old"": 18.72}, ""Website"": {""change_pct"": -10.6, ""new"": 18.6, ""old"": 29.2}}}",mobile_app_sales_pct,Increase,64.96,Win,0.925,Owned web traffic nudged toward app conversion.
EXP1040,P085,Skincare,Serum,The Derma Co,Channel Mix Optimization,2025-01-31,2025-02-12,"{""sales_channel_mix"": {""Amazon"": {""change_pct"": -5.0, ""new"": 26.59, ""old"": 31.59}, ""MobileApp"": {""change_pct"": 4.0, ""new"": 24.38, ""old"": 20.38}, ""Nykaa"": {""change_pct"": -4.0, ""new"": 17.3, ""old"": 21.3}, ""Website"": {""change_pct"": 5.0, ""new"": 31.73, ""old"": 26.73}}}",current_roas,Increase,0.67,Inconclusive,0.583,Mix optimized toward higher-margin owned channels.
EXP1041,P077,Haircare,Shampoo,Mamaearth,Search Increase,2025-04-02,2025-04-12,"{""campaign_mix"": {""Search"": {""change_pct"": 8.42, ""new"": 60.12, ""old"": 51.7}, ""Social"": {""change_pct"": -8.42, ""new"": 12.9, ""old"": 21.32}}}",search_campaign_pct,Increase,17.56,Win,0.67,Search share increased for higher purchase intent.
EXP1042,P001,Skincare,Serum,Mamaearth,Social Increase,2025-03-29,2025-04-11,"{""campaign_mix"": {""Search"": {""change_pct"": -11.89, ""new"": 31.3, ""old"": 43.19}, ""Social"": {""change_pct"": 11.89, ""new"": 36.81, ""old"": 24.92}}}",social_campaign_pct,Increase,54.95,Win,0.95,Social share increased for discovery and mid-funnel reach.
EXP1043,P034,Skincare,Serum,Mamaearth,Email Increase,2025-04-26,2025-05-16,"{""campaign_mix"": {""Email"": {""change_pct"": 8.04, ""new"": 16.06, ""old"": 8.02}, ""Social"": {""change_pct"": -8.04, ""new"": 20.39, ""old"": 28.43}}}",retention_rate,Increase,2.43,Win,0.645,Email share increased to reactivate known buyers.
EXP1044,P023,Haircare,Shampoo,The Derma Co,Affiliate Increase,2025-05-26,2025-06-24,"{""campaign_mix"": {""Affiliate"": {""change_pct"": 5.94, ""new"": 17.49, ""old"": 11.55}, ""Search"": {""change_pct"": -5.94, ""new"": 32.48, ""old"": 38.42}}}",affiliate_campaign_pct,Increase,56.05,Win,0.924,Affiliate share increased for deal-led acquisition.
EXP1045,P085,Skincare,Serum,The Derma Co,Campaign Mix Optimization,2025-09-15,2025-10-08,"{""campaign_mix"": {""Search"": {""change_pct"": 4.0, ""new"": 47.2, ""old"": 43.2}, ""Social"": {""change_pct"": -4.0, ""new"": 29.91, ""old"": 33.91}}}",current_ctr,Increase,0.18,Loss,0.633,Campaign mix optimized toward intent and lifecycle channels.
EXP1046,P076,Skincare,Serum,Minimalist,Google to Instagram Shift,2025-06-16,2025-06-22,"{""acquisition_mix"": {""Google"": {""change_pct"": -10.31, ""new"": 36.8, ""old"": 47.11}, ""Instagram"": {""change_pct"": 10.31, ""new"": 35.02, ""old"": 24.71}}}",instagram_source_pct,Increase,36.82,Win,0.949,Acquisition shifted from search-led to creator and social discovery.
EXP1047,P054,Makeup,Lipstick,Minimalist,Instagram to Google Shift,2025-09-11,2025-09-26,"{""acquisition_mix"": {""Google"": {""change_pct"": 11.16, ""new"": 43.41, ""old"": 32.25}, ""Instagram"": {""change_pct"": -11.16, ""new"": 24.76, ""old"": 35.92}}}",google_source_pct,Increase,34.33,Win,0.96,Acquisition shifted toward high-intent Google traffic.
EXP1048,P060,Makeup,Lipstick,The Derma Co,Facebook to Google Shift,2025-02-25,2025-03-04,"{""acquisition_mix"": {""Facebook"": {""change_pct"": -8.3, ""new"": 5.33, ""old"": 13.63}, ""Google"": {""change_pct"": 8.3, ""new"": 48.6, ""old"": 40.3}}}",google_source_pct,Increase,47.46,Win,0.929,Budget moved from Facebook to Google for better intent quality.
EXP1049,P082,Skincare,Serum,Mamaearth,Paid to Organic Shift,2025-02-17,2025-02-27,"{""acquisition_mix"": {""Google"": {""change_pct"": -4.0, ""new"": 35.67, ""old"": 39.67}, ""Instagram"": {""change_pct"": -4.0, ""new"": 18.17, ""old"": 22.17}, ""Organic"": {""change_pct"": 8.0, ""new"": 17.18, ""old"": 9.18}}, ""marketing_spend"": {""change_pct"": -20.33, ""new"": 4386.03, ""old"": 5505.47}}",organic_source_pct,Increase,86.35,Win,0.911,Paid dependency reduced while organic share is lifted.
EXP1050,P045,Makeup,Lipstick,Mamaearth,Acquisition Mix Optimization,2025-02-28,2025-03-06,"{""acquisition_mix"": {""Facebook"": {""change_pct"": -3.0, ""new"": 12.07, ""old"": 15.07}, ""Google"": {""change_pct"": 3.0, ""new"": 24.69, ""old"": 21.69}}}",conversion_rate,Increase,3.89,Win,0.629,Acquisition mix optimized toward higher-converting sources.
EXP1051,P085,Skincare,Serum,The Derma Co,Premium Pricing Strategy,2025-11-28,2025-12-14,"{""avg_selling_price"": {""change_pct"": 11.21, ""new"": 989.78, ""old"": 890.0}, ""discount_pct"": {""change_pct"": -19.68, ""new"": 17.25, ""old"": 21.47}}",profit,Increase,17.79,Win,0.732,Premium posture combines higher price with lower promotion depth.
EXP1052,P097,Skincare,Serum,Mamaearth,Aggressive Growth Strategy,2025-06-24,2025-07-02,"{""discount_pct"": {""change_pct"": 89.34, ""new"": 24.86, ""old"": 13.13}, ""marketing_spend"": {""change_pct"": 40.84, ""new"": 7397.94, ""old"": 5252.87}, ""shipping_fee"": {""change_pct"": -40.82, ""new"": 29.0, ""old"": 49.0}}",orders,Increase,12.03,Win,0.726,"Growth strategy combines paid reach, promotion, and reduced friction."
EXP1053,P060,Makeup,Lipstick,The Derma Co,Profit Optimization Strategy,2025-07-19,2025-07-25,"{""discount_pct"": {""change_pct"": -45.11, ""new"": 9.89, ""old"": 18.01}, ""marketing_spend"": {""change_pct"": -17.71, ""new"": 7811.13, ""old"": 9492.26}, ""sales_channel_mix"": {""Amazon"": {""change_pct"": -4.0, ""new"": 37.06, ""old"": 41.06}, ""MobileApp"": {""change_pct"": 3.0, ""new"": 8.45, ""old"": 5.45}, ""Nykaa"": {""change_pct"": -3.0, ""new"": 22.4, ""old"": 25.4}, ""Website"": {""change_pct"": 4.0, ""new"": 32.09, ""old"": 28.09}}}",profit,Increase,-14.36,Loss,0.729,Profit optimization trims inefficient spend and marketplace dependency.
EXP1054,P070,Skincare,Serum,Mamaearth,Conversion Recovery Strategy,2025-11-14,2025-11-25,"{""campaign_mix"": {""Affiliate"": {""change_pct"": -3.0, ""new"": 5.15, ""old"": 8.15}, ""Email"": {""change_pct"": 3.0, ""new"": 35.86, ""old"": 32.86}, ""Search"": {""change_pct"": 3.0, ""new"": 45.62, ""old"": 42.62}, ""Social"": {""change_pct"": -3.0, ""new"": 13.37, ""old"": 16.37}}, ""discount_pct"": {""change_pct"": 21.95, ""new"": 19.76, ""old"": 16.2}, ""shipping_fee"": {""change_pct"": -100.0, ""new"": 0.0, ""old"": 39.0}}",conversion_rate,Increase,22.25,Win,0.831,Conversion recovery lowers checkout friction and raises intent messaging.
EXP1055,P021,Makeup,Lipstick,Minimalist,Inventory Clearance Strategy,2025-09-20,2025-09-30,"{""avg_selling_price"": {""change_pct"": -3.76, ""new"": 818.03, ""old"": 850.0}, ""discount_pct"": {""change_pct"": 76.25, ""new"": 29.5, ""old"": 16.74}}",orders,Increase,19.87,Win,0.791,Clearance strategy accelerates sell-through using price and discount.
EXP1056,P053,Haircare,Shampoo,Mamaearth,D2C Growth Strategy,2025-06-25,2025-07-12,"{""marketing_spend"": {""change_pct"": 32.24, ""new"": 9730.55, ""old"": 7358.49}, ""sales_channel_mix"": {""Amazon"": {""change_pct"": -5.0, ""new"": 30.8, ""old"": 35.8}, ""MobileApp"": {""change_pct"": 5.0, ""new"": 14.28, ""old"": 9.28}, ""Nykaa"": {""change_pct"": -5.0, ""new"": 12.8, ""old"": 17.8}, ""Website"": {""change_pct"": 5.0, ""new"": 42.12, ""old"": 37.12}}}",website_sales_pct,Increase,13.67,Win,0.76,D2C growth moves share toward owned web and app channels.
EXP1057,P040,Skincare,Serum,Minimalist,Price Increase,2025-08-25,2025-09-01,"{""avg_selling_price"": {""change_pct"": 8.13, ""new"": 908.31, ""old"": 840.0}}",profit,Increase,17.8,Win,0.743,Premium price test expects higher unit margin with some demand elasticity.
EXP1058,P076,Skincare,Serum,Minimalist,Price Decrease,2025-07-08,2025-07-23,"{""avg_selling_price"": {""change_pct"": -8.0, ""new"": 929.2, ""old"": 1010.0}}",orders,Increase,0.75,Inconclusive,0.53,Lower price should improve demand and conversion.
EXP1059,P024,Makeup,Lipstick,The Derma Co,Discount Increase,2025-08-18,2025-08-30,"{""discount_pct"": {""change_pct"": 52.68, ""new"": 17.8, ""old"": 11.66}}",orders,Increase,-1.77,Inconclusive,0.582,Higher discount should lift orders but may dilute margin.
EXP1060,P074,Haircare,Shampoo,Minimalist,Discount Decrease,2025-05-11,2025-06-01,"{""discount_pct"": {""change_pct"": -26.14, ""new"": 13.7, ""old"": 18.55}}",profit,Increase,60.25,Win,0.939,Lower discount tests whether stronger margin offsets order loss.
EXP1061,P008,Haircare,Shampoo,Mamaearth,Shipping Fee Increase,2025-12-22,2025-12-28,"{""shipping_fee"": {""change_pct"": 50.85, ""new"": 89.0, ""old"": 59.0}}",conversion_rate,Decrease,-0.1,Inconclusive,0.602,Higher shipping fee should create checkout friction.
EXP1062,P042,Makeup,Lipstick,Mamaearth,Shipping Fee Decrease,2025-11-19,2025-11-28,"{""shipping_fee"": {""change_pct"": -57.97, ""new"": 29.0, ""old"": 69.0}}",conversion_rate,Increase,25.9,Win,0.77,Reduced shipping fee should reduce checkout friction.
EXP1063,P056,Haircare,Shampoo,The Derma Co,Free Shipping,2025-10-02,2025-10-18,"{""shipping_fee"": {""change_pct"": -100.0, ""new"": 0.0, ""old"": 69.0}}",conversion_rate,Increase,35.15,Win,0.942,Free shipping test should increase conversion and order volume.
EXP1064,P013,Skincare,Serum,Mamaearth,Marketing Spend Increase,2025-12-24,2025-12-31,"{""marketing_spend"": {""change_pct"": 41.68, ""new"": 22498.75, ""old"": 15879.99}}",traffic,Increase,93.25,Win,0.798,Higher spend should increase traffic through paid reach and lagged adstock.
EXP1065,P033,Makeup,Lipstick,Mamaearth,Marketing Spend Decrease,2025-05-12,2025-05-28,"{""marketing_spend"": {""change_pct"": -42.66, ""new"": 4131.24, ""old"": 7205.27}}",current_roas,Increase,18.55,Win,0.687,Spend reduction tests whether inefficient paid traffic can be trimmed.
EXP1066,P078,Makeup,Lipstick,Minimalist,Inventory Increase,2025-08-20,2025-09-01,"{""inventory_available"": {""change_pct"": 48.87, ""new"": 1308.6, ""old"": 879.0}}",orders,Increase,-13.36,Loss,0.714,Higher stock availability should reduce sales capacity constraints.
EXP1067,P031,Skincare,Serum,Mamaearth,Inventory Reduction,2025-10-17,2025-10-29,"{""inventory_available"": {""change_pct"": -60.21, ""new"": 685.94, ""old"": 1724.0}}",revenue,Decrease,26.57,Loss,0.812,Lower inventory should cap orders and revenue.
EXP1068,P048,Makeup,Lipstick,Mamaearth,Amazon to Website Shift,2025-10-03,2025-11-05,"{""sales_channel_mix"": {""Amazon"": {""change_pct"": -10.64, ""new"": 30.15, ""old"": 40.79}, ""Website"": {""change_pct"": 10.64, ""new"": 44.12, ""old"": 33.48}}}",website_sales_pct,Increase,32.47,Win,0.894,Channel share shifted from marketplace to owned website.
EXP1069,P094,Skincare,Serum,Minimalist,Website to Amazon Shift,2025-03-19,2025-03-29,"{""sales_channel_mix"": {""Amazon"": {""change_pct"": 11.74, ""new"": 41.54, ""old"": 29.8}, ""Website"": {""change_pct"": -11.74, ""new"": 27.89, ""old"": 39.63}}}",amazon_sales_pct,Increase,42.08,Win,0.901,Channel share shifted toward Amazon for demand capture.
EXP1070,P003,Makeup,Lipstick,Minimalist,Amazon to Mobile App Shift,2025-05-12,2025-05-19,"{""sales_channel_mix"": {""Amazon"": {""change_pct"": -8.5, ""new"": 45.18, ""old"": 53.68}, ""MobileApp"": {""change_pct"": 8.5, ""new"": 16.82, ""old"": 8.32}}}",mobile_app_sales_pct,Increase,124.25,Win,0.944,Marketplace users redirected toward app purchase journeys.
EXP1071,P006,Makeup,Lipstick,Minimalist,Website to Mobile App Shift,2025-02-03,2025-02-09,"{""sales_channel_mix"": {""MobileApp"": {""change_pct"": 13.37, ""new"": 20.21, ""old"": 6.84}, ""Website"": {""change_pct"": -13.37, ""new"": 18.17, ""old"": 31.54}}}",mobile_app_sales_pct,Increase,196.02,Win,0.891,Owned web traffic nudged toward app conversion.
EXP1072,P063,Makeup,Lipstick,Mamaearth,Channel Mix Optimization,2025-05-10,2025-05-17,"{""sales_channel_mix"": {""Amazon"": {""change_pct"": -5.0, ""new"": 28.35, ""old"": 33.35}, ""MobileApp"": {""change_pct"": 4.0, ""new"": 23.94, ""old"": 19.94}, ""Nykaa"": {""change_pct"": -4.0, ""new"": 15.09, ""old"": 19.09}, ""Website"": {""change_pct"": 5.0, ""new"": 32.62, ""old"": 27.62}}}",current_roas,Increase,-1.01,Loss,0.652,Mix optimized toward higher-margin owned channels.
EXP1073,P003,Makeup,Lipstick,Minimalist,Search Increase,2025-02-10,2025-02-16,"{""campaign_mix"": {""Search"": {""change_pct"": 11.74, ""new"": 39.88, ""old"": 28.14}, ""Social"": {""change_pct"": -11.74, ""new"": 41.29, ""old"": 53.03}}}",search_campaign_pct,Increase,44.7,Win,0.915,Search share increased for higher purchase intent.
EXP1074,P088,Skincare,Serum,Minimalist,Social Increase,2025-11-17,2025-12-01,"{""campaign_mix"": {""Search"": {""change_pct"": -11.02, ""new"": 25.69, ""old"": 36.71}, ""Social"": {""change_pct"": 11.02, ""new"": 49.52, ""old"": 38.5}}}",social_campaign_pct,Increase,31.85,Win,0.919,Social share increased for discovery and mid-funnel reach.
EXP1075,P040,Skincare,Serum,Minimalist,Email Increase,2025-06-29,2025-07-06,"{""campaign_mix"": {""Email"": {""change_pct"": 6.74, ""new"": 30.84, ""old"": 24.1}, ""Social"": {""change_pct"": -6.74, ""new"": 25.13, ""old"": 31.87}}}",retention_rate,Increase,0.42,Loss,0.697,Email share increased to reactivate known buyers.
EXP1076,P022,Skincare,Serum,The Derma Co,Affiliate Increase,2025-04-13,2025-05-15,"{""campaign_mix"": {""Affiliate"": {""change_pct"": 5.02, ""new"": 17.41, ""old"": 12.39}, ""Search"": {""change_pct"": -5.02, ""new"": 41.72, ""old"": 46.74}}}",affiliate_campaign_pct,Increase,41.03,Win,0.96,Affiliate share increased for deal-led acquisition.
EXP1077,P061,Skincare,Serum,Minimalist,Campaign Mix Optimization,2025-05-11,2025-05-17,"{""campaign_mix"": {""Affiliate"": {""change_pct"": -2.95, ""new"": 3.0, ""old"": 5.95}, ""Email"": {""change_pct"": 2.95, ""new"": 31.1, ""old"": 28.15}, ""Search"": {""change_pct"": 4.0, ""new"": 42.6, ""old"": 38.6}, ""Social"": {""change_pct"": -4.0, ""new"": 23.3, ""old"": 27.3}}}",current_ctr,Increase,4.31,Inconclusive,0.593,Campaign mix optimized toward intent and lifecycle channels.
EXP1078,P026,Haircare,Shampoo,The Derma Co,Google to Instagram Shift,2025-11-21,2025-12-04,"{""acquisition_mix"": {""Google"": {""change_pct"": -6.28, ""new"": 43.38, ""old"": 49.66}, ""Instagram"": {""change_pct"": 6.28, ""new"": 23.63, ""old"": 17.35}}}",instagram_source_pct,Increase,29.47,Win,0.82,Acquisition shifted from search-led to creator and social discovery.
EXP1079,P028,Skincare,Serum,Mamaearth,Instagram to Google Shift,2025-07-11,2025-07-20,"{""acquisition_mix"": {""Google"": {""change_pct"": 6.14, ""new"": 55.34, ""old"": 49.2}, ""Instagram"": {""change_pct"": -6.14, ""new"": 10.63, ""old"": 16.77}}}",google_source_pct,Increase,9.01,Win,0.715,Acquisition shifted toward high-intent Google traffic.
EXP1080,P096,Makeup,Lipstick,Minimalist,Facebook to Google Shift,2025-01-01,2025-01-08,"{""acquisition_mix"": {""Facebook"": {""change_pct"": -9.07, ""new"": 3.0, ""old"": 12.07}, ""Google"": {""change_pct"": 9.07, ""new"": 32.18, ""old"": 23.11}}}",google_source_pct,Increase,28.13,Win,0.808,Budget moved from Facebook to Google for better intent quality.
EXP1081,P045,Makeup,Lipstick,Mamaearth,Paid to Organic Shift,2025-12-22,2025-12-31,"{""acquisition_mix"": {""Google"": {""change_pct"": -4.0, ""new"": 16.59, ""old"": 20.59}, ""Instagram"": {""change_pct"": -4.0, ""new"": 39.18, ""old"": 43.18}, ""Organic"": {""change_pct"": 8.0, ""new"": 25.56, ""old"": 17.56}}, ""marketing_spend"": {""change_pct"": -13.92, ""new"": 15509.34, ""old"": 18016.74}}",organic_source_pct,Increase,34.41,Win,0.96,Paid dependency reduced while organic share is lifted.
EXP1082,P006,Makeup,Lipstick,Minimalist,Acquisition Mix Optimization,2025-08-12,2025-08-18,"{""acquisition_mix"": {""Facebook"": {""change_pct"": -3.0, ""new"": 4.52, ""old"": 7.52}, ""Google"": {""change_pct"": 3.0, ""new"": 30.86, ""old"": 27.86}, ""Organic"": {""change_pct"": 2.0, ""new"": 20.85, ""old"": 18.85}, ""Referral"": {""change_pct"": -2.0, ""new"": 5.45, ""old"": 7.45}}}",conversion_rate,Increase,5.78,Inconclusive,0.541,Acquisition mix optimized toward higher-converting sources.
EXP1083,P041,Haircare,Shampoo,Minimalist,Premium Pricing Strategy,2025-10-21,2025-11-01,"{""avg_selling_price"": {""change_pct"": 10.59, ""new"": 364.94, ""old"": 330.0}, ""discount_pct"": {""change_pct"": -15.4, ""new"": 17.52, ""old"": 20.71}}",profit,Increase,201.71,Win,0.887,Premium posture combines higher price with lower promotion depth.
EXP1084,P097,Skincare,Serum,Mamaearth,Aggressive Growth Strategy,2025-04-16,2025-04-25,"{""discount_pct"": {""change_pct"": 44.53, ""new"": 20.1, ""old"": 13.91}, ""marketing_spend"": {""change_pct"": 57.36, ""new"": 10702.67, ""old"": 6801.32}, ""shipping_fee"": {""change_pct"": -61.22, ""new"": 19.0, ""old"": 49.0}}",orders,Increase,54.29,Win,0.96,"Growth strategy combines paid reach, promotion, and reduced friction."
EXP1085,P015,Makeup,Lipstick,Minimalist,Profit Optimization Strategy,2025-06-20,2025-06-30,"{""discount_pct"": {""change_pct"": -31.85, ""new"": 16.53, ""old"": 24.25}, ""marketing_spend"": {""change_pct"": -16.94, ""new"": 4527.73, ""old"": 5451.28}, ""sales_channel_mix"": {""Amazon"": {""change_pct"": -4.0, ""new"": 17.88, ""old"": 21.88}, ""MobileApp"": {""change_pct"": 3.0, ""new"": 12.98, ""old"": 9.98}, ""Nykaa"": {""change_pct"": -3.0, ""new"": 24.2, ""old"": 27.2}, ""Website"": {""change_pct"": 4.0, ""new"": 44.94, ""old"": 40.94}}}",profit,Increase,22.85,Win,0.829,Profit optimization trims inefficient spend and marketplace dependency.
EXP1086,P025,Skincare,Serum,The Derma Co,Conversion Recovery Strategy,2025-05-10,2025-05-16,"{""campaign_mix"": {""Affiliate"": {""change_pct"": -3.0, ""new"": 6.28, ""old"": 9.28}, ""Email"": {""change_pct"": 3.0, ""new"": 12.27, ""old"": 9.27}, ""Search"": {""change_pct"": 3.0, ""new"": 51.79, ""old"": 48.79}, ""Social"": {""change_pct"": -3.0, ""new"": 29.66, ""old"": 32.66}}, ""discount_pct"": {""change_pct"": 33.25, ""new"": 26.13, ""old"": 19.61}, ""shipping_fee"": {""change_pct"": -67.8, ""new"": 19.0, ""old"": 59.0}}",conversion_rate,Increase,15.75,Win,0.735,Conversion recovery lowers checkout friction and raises intent messaging.
EXP1087,P056,Haircare,Shampoo,The Derma Co,Inventory Clearance Strategy,2025-01-10,2025-01-17,"{""avg_selling_price"": {""change_pct"": -4.77, ""new"": 361.89, ""old"": 380.0}, ""discount_pct"": {""change_pct"": 81.28, ""new"": 37.11, ""old"": 20.47}}",orders,Increase,42.92,Win,0.874,Clearance strategy accelerates sell-through using price and discount.
EXP1088,P032,Haircare,Shampoo,Mamaearth,D2C Growth Strategy,2025-01-20,2025-01-26,"{""marketing_spend"": {""change_pct"": 20.13, ""new"": 7608.76, ""old"": 6333.75}, ""sales_channel_mix"": {""Amazon"": {""change_pct"": -5.0, ""new"": 42.02, ""old"": 47.02}, ""MobileApp"": {""change_pct"": 5.0, ""new"": 12.8, ""old"": 7.8}, ""Nykaa"": {""change_pct"": -5.0, ""new"": 17.87, ""old"": 22.87}, ""Website"": {""change_pct"": 5.0, ""new"": 27.31, ""old"": 22.31}}}",website_sales_pct,Increase,31.99,Win,0.838,D2C growth moves share toward owned web and app channels.
EXP1089,P020,Haircare,Shampoo,The Derma Co,Price Increase,2025-11-07,2025-11-23,"{""avg_selling_price"": {""change_pct"": 8.97, ""new"": 555.74, ""old"": 510.0}}",profit,Increase,-14.41,Loss,0.764,Premium price test expects higher unit margin with some demand elasticity.
EXP1090,P067,Skincare,Serum,Minimalist,Price Decrease,2025-11-24,2025-12-07,"{""avg_selling_price"": {""change_pct"": -8.51, ""new"": 850.85, ""old"": 930.0}}",orders,Increase,46.8,Win,0.926,Lower price should improve demand and conversion.
EXP1091,P090,Makeup,Lipstick,Minimalist,Discount Increase,2025-01-03,2025-02-01,"{""discount_pct"": {""change_pct"": 44.83, ""new"": 28.97, ""old"": 20.0}}",orders,Increase,16.83,Win,0.726,Higher discount should lift orders but may dilute margin.
EXP1092,P062,Haircare,Shampoo,Minimalist,Discount Decrease,2025-07-30,2025-08-21,"{""discount_pct"": {""change_pct"": -30.61, ""new"": 13.65, ""old"": 19.67}}",profit,Increase,18.52,Win,0.72,Lower discount tests whether stronger margin offsets order loss.
EXP1093,P063,Makeup,Lipstick,Mamaearth,Shipping Fee Increase,2025-09-27,2025-10-03,"{""shipping_fee"": {""change_pct"": 40.82, ""new"": 69.0, ""old"": 49.0}}",conversion_rate,Decrease,0.33,Inconclusive,0.568,Higher shipping fee should create checkout friction.
EXP1094,P040,Skincare,Serum,Minimalist,Shipping Fee Decrease,2025-02-08,2025-02-17,"{""shipping_fee"": {""change_pct"": -40.82, ""new"": 29.0, ""old"": 49.0}}",conversion_rate,Increase,-3.86,Inconclusive,0.538,Reduced shipping fee should reduce checkout friction.
EXP1095,P055,Skincare,Serum,Mamaearth,Free Shipping,2025-06-25,2025-08-07,"{""shipping_fee"": {""change_pct"": -100.0, ""new"": 0.0, ""old"": 69.0}}",conversion_rate,Increase,3.21,Inconclusive,0.609,Free shipping test should increase conversion and order volume.
EXP1096,P093,Makeup,Lipstick,Minimalist,Marketing Spend Increase,2025-05-12,2025-05-25,"{""marketing_spend"": {""change_pct"": 26.84, ""new"": 16659.47, ""old"": 13134.3}}",traffic,Increase,36.68,Win,0.885,Higher spend should increase traffic through paid reach and lagged adstock.
EXP1097,P041,Haircare,Shampoo,Minimalist,Marketing Spend Decrease,2025-12-21,2025-12-27,"{""marketing_spend"": {""change_pct"": -23.99, ""new"": 6597.77, ""old"": 8680.05}}",current_roas,Increase,35.66,Win,0.96,Spend reduction tests whether inefficient paid traffic can be trimmed.
EXP1098,P062,Haircare,Shampoo,Minimalist,Inventory Increase,2025-04-29,2025-05-05,"{""inventory_available"": {""change_pct"": 31.35, ""new"": 1179.56, ""old"": 898.0}}",orders,Increase,5.78,Win,0.645,Higher stock availability should reduce sales capacity constraints.
EXP1099,P036,Makeup,Lipstick,The Derma Co,Inventory Reduction,2025-09-15,2025-09-22,"{""inventory_available"": {""change_pct"": -52.55, ""new"": 694.67, ""old"": 1464.0}}",revenue,Decrease,-4.03,Inconclusive,0.561,Lower inventory should cap orders and revenue.
EXP1100,P023,Haircare,Shampoo,The Derma Co,Amazon to Website Shift,2025-05-06,2025-05-16,"{""sales_channel_mix"": {""Amazon"": {""change_pct"": -10.1, ""new"": 3.0, ""old"": 13.1}, ""Website"": {""change_pct"": 10.1, ""new"": 62.56, ""old"": 52.46}}}",website_sales_pct,Increase,63.47,Win,0.96,Channel share shifted from marketplace to owned website.
EXP1101,P063,Makeup,Lipstick,Mamaearth,Website to Amazon Shift,2025-08-21,2025-08-27,"{""sales_channel_mix"": {""Amazon"": {""change_pct"": 15.98, ""new"": 51.7, ""old"": 35.72}, ""Website"": {""change_pct"": -15.98, ""new"": 9.01, ""old"": 24.99}}}",amazon_sales_pct,Increase,52.54,Win,0.96,Channel share shifted toward Amazon for demand capture.
EXP1102,P033,Makeup,Lipstick,Mamaearth,Amazon to Mobile App Shift,2025-01-17,2025-02-02,"{""sales_channel_mix"": {""Amazon"": {""change_pct"": -10.63, ""new"": 25.49, ""old"": 36.12}, ""MobileApp"": {""change_pct"": 10.63, ""new"": 25.45, ""old"": 14.82}}}",mobile_app_sales_pct,Increase,70.58,Win,0.96,Marketplace users redirected toward app purchase journeys.
EXP1103,P013,Skincare,Serum,Mamaearth,Website to Mobile App Shift,2025-10-18,2025-10-24,"{""sales_channel_mix"": {""MobileApp"": {""change_pct"": 10.65, ""new"": 16.24, ""old"": 5.59}, ""Website"": {""change_pct"": -10.65, ""new"": 8.44, ""old"": 19.09}}}",mobile_app_sales_pct,Increase,107.65,Win,0.96,Owned web traffic nudged toward app conversion.
EXP1104,P086,Haircare,Shampoo,The Derma Co,Channel Mix Optimization,2025-10-05,2025-10-11,"{""sales_channel_mix"": {""Amazon"": {""change_pct"": -5.0, ""new"": 27.97, ""old"": 32.97}, ""MobileApp"": {""change_pct"": 4.0, ""new"": 16.63, ""old"": 12.63}, ""Nykaa"": {""change_pct"": -4.0, ""new"": 21.12, ""old"": 25.12}, ""Website"": {""change_pct"": 5.0, ""new"": 34.28, ""old"": 29.28}}}",current_roas,Increase,6.66,Win,0.645,Mix optimized toward higher-margin owned channels.
EXP1105,P011,Haircare,Shampoo,Mamaearth,Search Increase,2025-11-09,2025-11-24,"{""campaign_mix"": {""Search"": {""change_pct"": 9.94, ""new"": 34.98, ""old"": 25.04}, ""Social"": {""change_pct"": -9.94, ""new"": 24.29, ""old"": 34.23}}}",search_campaign_pct,Increase,36.97,Win,0.96,Search share increased for higher purchase intent.
EXP1106,P092,Haircare,Shampoo,Minimalist,Social Increase,2025-11-06,2025-12-04,"{""campaign_mix"": {""Search"": {""change_pct"": -9.71, ""new"": 11.64, ""old"": 21.35}, ""Social"": {""change_pct"": 9.71, ""new"": 37.92, ""old"": 28.21}}}",social_campaign_pct,Increase,59.86,Win,0.896,Social share increased for discovery and mid-funnel reach.
EXP1107,P015,Makeup,Lipstick,Minimalist,Email Increase,2025-12-03,2025-12-24,"{""campaign_mix"": {""Email"": {""change_pct"": 10.42, ""new"": 30.2, ""old"": 19.78}, ""Social"": {""change_pct"": -10.42, ""new"": 37.21, ""old"": 47.63}}}",retention_rate,Increase,-2.18,Inconclusive,0.56,Email share increased to reactivate known buyers.
EXP1108,P082,Skincare,Serum,Mamaearth,Affiliate Increase,2025-11-20,2025-12-02,"{""campaign_mix"": {""Affiliate"": {""change_pct"": 9.1, ""new"": 21.58, ""old"": 12.48}, ""Search"": {""change_pct"": -9.1, ""new"": 38.2, ""old"": 47.3}}}",affiliate_campaign_pct,Increase,68.46,Win,0.94,Affiliate share increased for deal-led acquisition.
EXP1109,P053,Haircare,Shampoo,Mamaearth,Campaign Mix Optimization,2025-01-09,2025-01-18,"{""campaign_mix"": {""Affiliate"": {""change_pct"": -3.0, ""new"": 6.89, ""old"": 9.89}, ""Email"": {""change_pct"": 3.0, ""new"": 12.55, ""old"": 9.55}, ""Search"": {""change_pct"": 4.0, ""new"": 52.19, ""old"": 48.19}, ""Social"": {""change_pct"": -4.0, ""new"": 28.37, ""old"": 32.37}}}",current_ctr,Increase,1.3,Inconclusive,0.596,Campaign mix optimized toward intent and lifecycle channels.
EXP1110,P013,Skincare,Serum,Mamaearth,Google to Instagram Shift,2025-04-24,2025-04-30,"{""acquisition_mix"": {""Google"": {""change_pct"": -6.83, ""new"": 36.84, ""old"": 43.67}, ""Instagram"": {""change_pct"": 6.83, ""new"": 20.38, ""old"": 13.55}}}",instagram_source_pct,Increase,44.29,Win,0.913,Acquisition shifted from search-led to creator and social discovery.
EXP1111,P055,Skincare,Serum,Mamaearth,Instagram to Google Shift,2025-03-14,2025-04-03,"{""acquisition_mix"": {""Google"": {""change_pct"": 8.58, ""new"": 62.07, ""old"": 53.49}, ""Instagram"": {""change_pct"": -8.58, ""new"": 3.32, ""old"": 11.9}}}",google_source_pct,Increase,17.92,Win,0.768,Acquisition shifted toward high-intent Google traffic.
EXP1112,P065,Haircare,Shampoo,The Derma Co,Facebook to Google Shift,2025-03-06,2025-03-18,"{""acquisition_mix"": {""Facebook"": {""change_pct"": -5.23, ""new"": 3.0, ""old"": 8.23}, ""Google"": {""change_pct"": 5.23, ""new"": 44.62, ""old"": 39.39}}}",google_source_pct,Increase,11.96,Win,0.733,Budget moved from Facebook to Google for better intent quality.
EXP1113,P043,Skincare,Serum,Mamaearth,Paid to Organic Shift,2025-07-05,2025-07-20,"{""acquisition_mix"": {""Google"": {""change_pct"": -4.0, ""new"": 50.79, ""old"": 54.79}, ""Instagram"": {""change_pct"": -4.0, ""new"": 13.8, ""old"": 17.8}, ""Organic"": {""change_pct"": 8.0, ""new"": 19.42, ""old"": 11.42}}, ""marketing_spend"": {""change_pct"": -19.5, ""new"": 4281.0, ""old"": 5317.74}}",organic_source_pct,Increase,66.08,Win,0.956,Paid dependency reduced while organic share is lifted.
EXP1114,P092,Haircare,Shampoo,Minimalist,Acquisition Mix Optimization,2025-01-07,2025-01-27,"{""acquisition_mix"": {""Facebook"": {""change_pct"": -3.0, ""new"": 4.41, ""old"": 7.41}, ""Google"": {""change_pct"": 3.0, ""new"": 43.57, ""old"": 40.57}, ""Organic"": {""change_pct"": 2.0, ""new"": 21.98, ""old"": 19.98}, ""Referral"": {""change_pct"": -2.0, ""new"": 4.48, ""old"": 6.48}}}",conversion_rate,Increase,-0.1,Inconclusive,0.61,Acquisition mix optimized toward higher-converting sources.
EXP1115,P076,Skincare,Serum,Minimalist,Premium Pricing Strategy,2025-01-28,2025-02-07,"{""avg_selling_price"": {""change_pct"": 9.25, ""new"": 1103.47, ""old"": 1010.0}, ""discount_pct"": {""change_pct"": -23.55, ""new"": 12.41, ""old"": 16.23}}",profit,Increase,6.13,Inconclusive,0.603,Premium posture combines higher price with lower promotion depth.
EXP1116,P061,Skincare,Serum,Minimalist,Aggressive Growth Strategy,2025-09-16,2025-09-23,"{""discount_pct"": {""change_pct"": 78.34, ""new"": 22.54, ""old"": 12.64}, ""marketing_spend"": {""change_pct"": 42.92, ""new"": 8294.27, ""old"": 5803.35}, ""shipping_fee"": {""change_pct"": -28.99, ""new"": 49.0, ""old"": 69.0}}",orders,Increase,29.95,Win,0.903,"Growth strategy combines paid reach, promotion, and reduced friction."
EXP1117,P056,Haircare,Shampoo,The Derma Co,Profit Optimization Strategy,2025-06-27,2025-07-07,"{""discount_pct"": {""change_pct"": -20.12, ""new"": 17.87, ""old"": 22.37}, ""marketing_spend"": {""change_pct"": -16.09, ""new"": 3924.94, ""old"": 4677.38}, ""sales_channel_mix"": {""Amazon"": {""change_pct"": -4.0, ""new"": 33.46, ""old"": 37.46}, ""MobileApp"": {""change_pct"": 3.0, ""new"": 10.52, ""old"": 7.52}, ""Nykaa"": {""change_pct"": -3.0, ""new"": 19.63, ""old"": 22.63}, ""Website"": {""change_pct"": 4.0, ""new"": 36.39, ""old"": 32.39}}}",profit,Increase,-382.65,Loss,0.96,Profit optimization trims inefficient spend and marketplace dependency.
EXP1118,P091,Skincare,Serum,Minimalist,Conversion Recovery Strategy,2025-05-04,2025-05-13,"{""campaign_mix"": {""Affiliate"": {""change_pct"": -3.0, ""new"": 4.74, ""old"": 7.74}, ""Email"": {""change_pct"": 3.0, ""new"": 27.18, ""old"": 24.18}, ""Search"": {""change_pct"": 3.0, ""new"": 40.42, ""old"": 37.42}, ""Social"": {""change_pct"": -3.0, ""new"": 27.66, ""old"": 30.66}}, ""discount_pct"": {""change_pct"": 45.9, ""new"": 17.32, ""old"": 11.87}, ""shipping_fee"": {""change_pct"": -40.82, ""new"": 29.0, ""old"": 49.0}}",conversion_rate,Increase,15.72,Win,0.72,Conversion recovery lowers checkout friction and raises intent messaging.
EXP1119,P091,Skincare,Serum,Minimalist,Inventory Clearance Strategy,2025-10-22,2025-11-19,"{""avg_selling_price"": {""change_pct"": -6.97, ""new"": 679.14, ""old"": 730.0}, ""discount_pct"": {""change_pct"": 71.59, ""new"": 25.04, ""old"": 14.59}}",orders,Increase,19.44,Win,0.739,Clearance strategy accelerates sell-through using price and discount.
EXP1120,P068,Haircare,Shampoo,Mamaearth,D2C Growth Strategy,2025-01-20,2025-01-27,"{""marketing_spend"": {""change_pct"": 23.43, ""new"": 8154.69, ""old"": 6606.79}, ""sales_channel_mix"": {""Amazon"": {""change_pct"": -5.0, ""new"": 31.38, ""old"": 36.38}, ""MobileApp"": {""change_pct"": 5.0, ""new"": 20.36, ""old"": 15.36}, ""Nykaa"": {""change_pct"": -5.0, ""new"": 11.04, ""old"": 16.04}, ""Website"": {""change_pct"": 5.0, ""new"": 37.22, ""old"": 32.22}}}",website_sales_pct,Increase,11.88,Win,0.719,D2C growth moves share toward owned web and app channels.
EXP1121,P011,Haircare,Shampoo,Mamaearth,Price Increase,2025-09-20,2025-10-01,"{""avg_selling_price"": {""change_pct"": 12.04, ""new"": 504.18, ""old"": 450.0}}",profit,Increase,40.22,Win,0.959,Premium price test expects higher unit margin with some demand elasticity.
EXP1122,P042,Makeup,Lipstick,Mamaearth,Price Decrease,2025-03-06,2025-04-03,"{""avg_selling_price"": {""change_pct"": -10.51, ""new"": 331.1, ""old"": 370.0}}",orders,Increase,25.63,Win,0.788,Lower price should improve demand and conversion.
EXP1123,P068,Haircare,Shampoo,Mamaearth,Discount Increase,2025-02-17,2025-02-26,"{""discount_pct"": {""change_pct"": 60.08, ""new"": 29.52, ""old"": 18.44}}",orders,Increase,25.24,Win,0.868,Higher discount should lift orders but may dilute margin.
EXP1124,P008,Haircare,Shampoo,Mamaearth,Discount Decrease,2025-07-29,2025-08-10,"{""discount_pct"": {""change_pct"": -41.83, ""new"": 12.67, ""old"": 21.78}}",profit,Increase,9.8,Inconclusive,0.604,Lower discount tests whether stronger margin offsets order loss.
EXP1125,P034,Skincare,Serum,Mamaearth,Shipping Fee Increase,2025-12-22,2025-12-29,"{""shipping_fee"": {""change_pct"": 51.28, ""new"": 59.0, ""old"": 39.0}}",conversion_rate,Decrease,11.03,Loss,0.666,Higher shipping fee should create checkout friction.
EXP1126,P049,Skincare,Serum,Mamaearth,Shipping Fee Decrease,2025-11-22,2025-11-28,"{""shipping_fee"": {""change_pct"": -57.97, ""new"": 29.0, ""old"": 69.0}}",conversion_rate,Increase,14.21,Win,0.781,Reduced shipping fee should reduce checkout friction.
EXP1127,P028,Skincare,Serum,Mamaearth,Free Shipping,2025-11-22,2025-11-28,"{""shipping_fee"": {""change_pct"": -100.0, ""new"": 0.0, ""old"": 39.0}}",conversion_rate,Increase,10.64,Win,0.738,Free shipping test should increase conversion and order volume.
EXP1128,P065,Haircare,Shampoo,The Derma Co,Marketing Spend Increase,2025-08-06,2025-08-12,"{""marketing_spend"": {""change_pct"": 43.24, ""new"": 7516.8, ""old"": 5247.62}}",traffic,Increase,39.68,Win,0.921,Higher spend should increase traffic through paid reach and lagged adstock.
EXP1129,P084,Makeup,Lipstick,Minimalist,Marketing Spend Decrease,2025-04-27,2025-05-08,"{""marketing_spend"": {""change_pct"": -34.98, ""new"": 3087.38, ""old"": 4748.61}}",current_roas,Increase,63.37,Win,0.96,Spend reduction tests whether inefficient paid traffic can be trimmed.
EXP1130,P032,Haircare,Shampoo,Mamaearth,Inventory Increase,2025-12-17,2025-12-27,"{""inventory_available"": {""change_pct"": 68.86, ""new"": 1531.56, ""old"": 907.0}}",orders,Increase,-0.24,Inconclusive,0.593,Higher stock availability should reduce sales capacity constraints.
EXP1131,P008,Haircare,Shampoo,Mamaearth,Inventory Reduction,2025-07-15,2025-07-24,"{""inventory_available"": {""change_pct"": -63.55, ""new"": 976.92, ""old"": 2680.0}}",revenue,Decrease,-12.64,Win,0.647,Lower inventory should cap orders and revenue.
EXP1132,P077,Haircare,Shampoo,Mamaearth,Amazon to Website Shift,2025-12-09,2025-12-23,"{""sales_channel_mix"": {""Amazon"": {""change_pct"": -11.43, ""new"": 47.14, ""old"": 58.57}, ""Website"": {""change_pct"": 11.43, ""new"": 32.64, ""old"": 21.21}}}",website_sales_pct,Increase,41.16,Win,0.96,Channel share shifted from marketplace to owned website.
EXP1133,P077,Haircare,Shampoo,Mamaearth,Website to Amazon Shift,2025-04-14,2025-04-23,"{""sales_channel_mix"": {""Amazon"": {""change_pct"": 14.02, ""new"": 71.74, ""old"": 57.72}, ""Website"": {""change_pct"": -14.02, ""new"": 8.16, ""old"": 22.18}}}",amazon_sales_pct,Increase,23.9,Win,0.776,Channel share shifted toward Amazon for demand capture.
EXP1134,P067,Skincare,Serum,Minimalist,Amazon to Mobile App Shift,2025-06-16,2025-06-22,"{""sales_channel_mix"": {""Amazon"": {""change_pct"": -8.87, ""new"": 24.71, ""old"": 33.58}, ""MobileApp"": {""change_pct"": 8.87, ""new"": 23.92, ""old"": 15.05}}}",mobile_app_sales_pct,Increase,60.9,Win,0.865,Marketplace users redirected toward app purchase journeys.
EXP1135,P068,Haircare,Shampoo,Mamaearth,Website to Mobile App Shift,2025-11-08,2025-11-17,"{""sales_channel_mix"": {""MobileApp"": {""change_pct"": 11.53, ""new"": 28.62, ""old"": 17.09}, ""Website"": {""change_pct"": -11.53, ""new"": 20.66, ""old"": 32.19}}}",mobile_app_sales_pct,Increase,63.98,Win,0.909,Owned web traffic nudged toward app conversion.
EXP1136,P045,Makeup,Lipstick,Mamaearth,Channel Mix Optimization,2025-09-18,2025-09-24,"{""sales_channel_mix"": {""Amazon"": {""change_pct"": -5.0, ""new"": 27.91, ""old"": 32.91}, ""MobileApp"": {""change_pct"": 2.94, ""new"": 21.14, ""old"": 18.2}, ""Nykaa"": {""change_pct"": -2.94, ""new"": 3.0, ""old"": 5.94}, ""Website"": {""change_pct"": 5.0, ""new"": 47.95, ""old"": 42.95}}}",current_roas,Increase,-2.64,Inconclusive,0.575,Mix optimized toward higher-margin owned channels.
EXP1137,P014,Haircare,Shampoo,Minimalist,Search Increase,2025-03-31,2025-04-14,"{""campaign_mix"": {""Search"": {""change_pct"": 12.59, ""new"": 36.25, ""old"": 23.66}, ""Social"": {""change_pct"": -12.59, ""new"": 26.82, ""old"": 39.41}}}",search_campaign_pct,Increase,18.48,Win,0.796,Search share increased for higher purchase intent.
EXP1138,P050,Haircare,Shampoo,Minimalist,Social Increase,2025-12-22,2025-12-29,"{""campaign_mix"": {""Search"": {""change_pct"": -7.58, ""new"": 29.63, ""old"": 37.21}, ""Social"": {""change_pct"": 7.58, ""new"": 30.24, ""old"": 22.66}}}",social_campaign_pct,Increase,19.74,Win,0.796,Social share increased for discovery and mid-funnel reach.
EXP1139,P028,Skincare,Serum,Mamaearth,Email Increase,2025-10-14,2025-10-21,"{""campaign_mix"": {""Email"": {""change_pct"": 8.92, ""new"": 26.51, ""old"": 17.59}, ""Social"": {""change_pct"": -8.92, ""new"": 16.23, ""old"": 25.15}}}",retention_rate,Increase,-1.12,Inconclusive,0.6,Email share increased to reactivate known buyers.
EXP1140,P017,Haircare,Shampoo,The Derma Co,Affiliate Increase,2025-07-31,2025-08-26,"{""campaign_mix"": {""Affiliate"": {""change_pct"": 5.57, ""new"": 18.53, ""old"": 12.96}, ""Search"": {""change_pct"": -5.57, ""new"": 28.22, ""old"": 33.79}}}",affiliate_campaign_pct,Increase,47.52,Win,0.96,Affiliate share increased for deal-led acquisition.
EXP1141,P031,Skincare,Serum,Mamaearth,Campaign Mix Optimization,2025-04-25,2025-05-02,"{""campaign_mix"": {""Affiliate"": {""change_pct"": -3.0, ""new"": 4.03, ""old"": 7.03}, ""Email"": {""change_pct"": 3.0, ""new"": 15.94, ""old"": 12.94}, ""Search"": {""change_pct"": 4.0, ""new"": 45.03, ""old"": 41.03}, ""Social"": {""change_pct"": -4.0, ""new"": 35.0, ""old"": 39.0}}}",current_ctr,Increase,0.07,Loss,0.654,Campaign mix optimized toward intent and lifecycle channels.
EXP1142,P042,Makeup,Lipstick,Mamaearth,Google to Instagram Shift,2025-05-15,2025-06-16,"{""acquisition_mix"": {""Google"": {""change_pct"": -6.5, ""new"": 15.77, ""old"": 22.27}, ""Instagram"": {""change_pct"": 6.5, ""new"": 38.46, ""old"": 31.96}}}",instagram_source_pct,Increase,22.8,Win,0.868,Acquisition shifted from search-led to creator and social discovery.
EXP1143,P019,Skincare,Serum,Mamaearth,Instagram to Google Shift,2025-12-25,2025-12-31,"{""acquisition_mix"": {""Google"": {""change_pct"": 10.09, ""new"": 52.79, ""old"": 42.7}, ""Instagram"": {""change_pct"": -10.09, ""new"": 21.9, ""old"": 31.99}}}",google_source_pct,Increase,24.87,Win,0.777,Acquisition shifted toward high-intent Google traffic.
EXP1144,P009,Makeup,Lipstick,Mamaearth,Facebook to Google Shift,2025-05-03,2025-06-05,"{""acquisition_mix"": {""Facebook"": {""change_pct"": -6.83, ""new"": 3.0, ""old"": 9.83}, ""Google"": {""change_pct"": 6.83, ""new"": 39.87, ""old"": 33.04}}}",google_source_pct,Increase,19.5,Win,0.751,Budget moved from Facebook to Google for better intent quality.
EXP1145,P068,Haircare,Shampoo,Mamaearth,Paid to Organic Shift,2025-01-02,2025-01-09,"{""acquisition_mix"": {""Google"": {""change_pct"": -4.0, ""new"": 32.26, ""old"": 36.26}, ""Instagram"": {""change_pct"": -4.0, ""new"": 10.62, ""old"": 14.62}, ""Organic"": {""change_pct"": 8.0, ""new"": 21.27, ""old"": 13.27}}, ""marketing_spend"": {""change_pct"": -15.71, ""new"": 6962.07, ""old"": 8259.57}}",organic_source_pct,Increase,60.41,Win,0.96,Paid dependency reduced while organic share is lifted.
EXP1146,P023,Haircare,Shampoo,The Derma Co,Acquisition Mix Optimization,2025-09-10,2025-10-08,"{""acquisition_mix"": {""Facebook"": {""change_pct"": -3.0, ""new"": 10.45, ""old"": 13.45}, ""Google"": {""change_pct"": 3.0, ""new"": 34.88, ""old"": 31.88}, ""Organic"": {""change_pct"": 0.33, ""new"": 16.92, ""old"": 16.59}, ""Referral"": {""change_pct"": -0.33, ""new"": 3.0, ""old"": 3.33}}}",conversion_rate,Increase,-12.94,Loss,0.69,Acquisition mix optimized toward higher-converting sources.
EXP1147,P012,Makeup,Lipstick,The Derma Co,Premium Pricing Strategy,2025-09-21,2025-09-30,"{""avg_selling_price"": {""change_pct"": 8.5, ""new"": 998.22, ""old"": 920.0}, ""discount_pct"": {""change_pct"": -58.99, ""new"": 5.45, ""old"": 13.3}}",profit,Increase,-2.66,Inconclusive,0.57,Premium posture combines higher price with lower promotion depth.
EXP1148,P078,Makeup,Lipstick,Minimalist,Aggressive Growth Strategy,2025-10-16,2025-10-23,"{""discount_pct"": {""change_pct"": 53.95, ""new"": 28.07, ""old"": 18.23}, ""marketing_spend"": {""change_pct"": 41.42, ""new"": 18881.55, ""old"": 13351.71}, ""shipping_fee"": {""change_pct"": -33.9, ""new"": 39.0, ""old"": 59.0}}",orders,Increase,109.34,Win,0.96,"Growth strategy combines paid reach, promotion, and reduced friction."
EXP1149,P010,Skincare,Serum,Mamaearth,Profit Optimization Strategy,2025-09-01,2025-09-13,"{""discount_pct"": {""change_pct"": -52.31, ""new"": 6.44, ""old"": 13.5}, ""marketing_spend"": {""change_pct"": -15.8, ""new"": 7644.93, ""old"": 9079.43}, ""sales_channel_mix"": {""Amazon"": {""change_pct"": -4.0, ""new"": 35.69, ""old"": 39.69}, ""MobileApp"": {""change_pct"": 3.0, ""new"": 17.15, ""old"": 14.15}, ""Nykaa"": {""change_pct"": -3.0, ""new"": 16.44, ""old"": 19.44}, ""Website"": {""change_pct"": 4.0, ""new"": 30.72, ""old"": 26.72}}}",profit,Increase,-7.4,Loss,0.652,Profit optimization trims inefficient spend and marketplace dependency.
EXP1150,P004,Skincare,Serum,The Derma Co,Conversion Recovery Strategy,2025-05-13,2025-05-24,"{""campaign_mix"": {""Affiliate"": {""change_pct"": -3.0, ""new"": 3.94, ""old"": 6.94}, ""Email"": {""change_pct"": 3.0, ""new"": 19.81, ""old"": 16.81}, ""Search"": {""change_pct"": 3.0, ""new"": 60.86, ""old"": 57.86}, ""Social"": {""change_pct"": -3.0, ""new"": 15.39, ""old"": 18.39}}, ""discount_pct"": {""change_pct"": 34.37, ""new"": 21.47, ""old"": 15.98}, ""shipping_fee"": {""change_pct"": -40.82, ""new"": 29.0, ""old"": 49.0}}",conversion_rate,Increase,10.25,Win,0.714,Conversion recovery lowers checkout friction and raises intent messaging.
EXP1151,P041,Haircare,Shampoo,Minimalist,Inventory Clearance Strategy,2025-12-12,2025-12-20,"{""avg_selling_price"": {""change_pct"": -9.78, ""new"": 297.72, ""old"": 330.0}, ""discount_pct"": {""change_pct"": 60.83, ""new"": 28.55, ""old"": 17.75}}",orders,Increase,38.35,Win,0.891,Clearance strategy accelerates sell-through using price and discount.
EXP1152,P028,Skincare,Serum,Mamaearth,D2C Growth Strategy,2025-06-25,2025-07-07,"{""marketing_spend"": {""change_pct"": 28.03, ""new"": 6679.97, ""old"": 5217.44}, ""sales_channel_mix"": {""Amazon"": {""change_pct"": -5.0, ""new"": 43.95, ""old"": 48.95}, ""MobileApp"": {""change_pct"": 5.0, ""new"": 28.14, ""old"": 23.14}, ""Nykaa"": {""change_pct"": -5.0, ""new"": 8.63, ""old"": 13.63}, ""Website"": {""change_pct"": 5.0, ""new"": 19.28, ""old"": 14.28}}}",website_sales_pct,Increase,30.31,Win,0.882,D2C growth moves share toward owned web and app channels.
EXP1153,P052,Skincare,Serum,Mamaearth,Price Increase,2025-11-24,2025-12-01,"{""avg_selling_price"": {""change_pct"": 10.07, ""new"": 968.65, ""old"": 880.0}}",profit,Increase,58.45,Win,0.942,Premium price test expects higher unit margin with some demand elasticity.
EXP1154,P071,Haircare,Shampoo,The Derma Co,Price Decrease,2025-01-02,2025-01-13,"{""avg_selling_price"": {""change_pct"": -13.18, ""new"": 329.92, ""old"": 380.0}}",orders,Increase,16.67,Win,0.783,Lower price should improve demand and conversion.
EXP1155,P074,Haircare,Shampoo,Minimalist,Discount Increase,2025-02-11,2025-02-24,"{""discount_pct"": {""change_pct"": 63.94, ""new"": 24.07, ""old"": 14.68}}",orders,Increase,27.38,Win,0.827,Higher discount should lift orders but may dilute margin.
EXP1156,P040,Skincare,Serum,Minimalist,Discount Decrease,2025-05-22,2025-06-03,"{""discount_pct"": {""change_pct"": -46.24, ""new"": 6.35, ""old"": 11.81}}",profit,Increase,-13.73,Loss,0.766,Lower discount tests whether stronger margin offsets order loss.
EXP1157,P034,Skincare,Serum,Mamaearth,Shipping Fee Increase,2025-03-14,2025-03-26,"{""shipping_fee"": {""change_pct"": 51.28, ""new"": 59.0, ""old"": 39.0}}",conversion_rate,Decrease,-4.53,Win,0.676,Higher shipping fee should create checkout friction.
EXP1158,P082,Skincare,Serum,Mamaearth,Shipping Fee Decrease,2025-12-19,2025-12-31,"{""shipping_fee"": {""change_pct"": -28.99, ""new"": 49.0, ""old"": 69.0}}",conversion_rate,Increase,11.19,Win,0.676,Reduced shipping fee should reduce checkout friction.
EXP1159,P048,Makeup,Lipstick,Mamaearth,Free Shipping,2025-04-27,2025-05-03,"{""shipping_fee"": {""change_pct"": -100.0, ""new"": 0.0, ""old"": 49.0}}",conversion_rate,Increase,-3.33,Inconclusive,0.62,Free shipping test should increase conversion and order volume.
EXP1160,P007,Skincare,Serum,Minimalist,Marketing Spend Increase,2025-04-11,2025-04-28,"{""marketing_spend"": {""change_pct"": 49.35, ""new"": 13117.79, ""old"": 8783.06}}",traffic,Increase,58.13,Win,0.93,Higher spend should increase traffic through paid reach and lagged adstock.
EXP1161,P047,Haircare,Shampoo,The Derma Co,Marketing Spend Decrease,2025-07-20,2025-08-01,"{""marketing_spend"": {""change_pct"": -30.34, ""new"": 6829.5, ""old"": 9804.69}}",current_roas,Increase,11.41,Win,0.691,Spend reduction tests whether inefficient paid traffic can be trimmed.
EXP1162,P011,Haircare,Shampoo,Mamaearth,Inventory Increase,2025-04-14,2025-04-22,"{""inventory_available"": {""change_pct"": 32.14, ""new"": 1752.21, ""old"": 1326.0}}",orders,Increase,27.22,Win,0.83,Higher stock availability should reduce sales capacity constraints.
EXP1163,P078,Makeup,Lipstick,Minimalist,Inventory Reduction,2025-11-25,2025-12-12,"{""inventory_available"": {""change_pct"": -54.54, ""new"": 370.48, ""old"": 815.0}}",revenue,Decrease,36.39,Loss,0.96,Lower inventory should cap orders and revenue.
EXP1164,P026,Haircare,Shampoo,The Derma Co,Amazon to Website Shift,2025-02-01,2025-03-11,"{""sales_channel_mix"": {""Amazon"": {""change_pct"": -14.57, ""new"": 22.47, ""old"": 37.04}, ""Website"": {""change_pct"": 14.57, ""new"": 41.6, ""old"": 27.03}}}",website_sales_pct,Increase,46.74,Win,0.96,Channel share shifted from marketplace to owned website.
EXP1165,P023,Haircare,Shampoo,The Derma Co,Website to Amazon Shift,2025-01-03,2025-01-11,"{""sales_channel_mix"": {""Amazon"": {""change_pct"": 15.86, ""new"": 31.05, ""old"": 15.19}, ""Website"": {""change_pct"": -15.86, ""new"": 35.58, ""old"": 51.44}}}",amazon_sales_pct,Increase,106.66,Win,0.955,Channel share shifted toward Amazon for demand capture.
EXP1166,P012,Makeup,Lipstick,The Derma Co,Amazon to Mobile App Shift,2025-10-13,2025-10-19,"{""sales_channel_mix"": {""Amazon"": {""change_pct"": -9.04, ""new"": 8.61, ""old"": 17.65}, ""MobileApp"": {""change_pct"": 9.04, ""new"": 31.13, ""old"": 22.09}}}",mobile_app_sales_pct,Increase,46.94,Win,0.96,Marketplace users redirected toward app purchase journeys.
EXP1167,P098,Haircare,Shampoo,The Derma Co,Website to Mobile App Shift,2025-05-04,2025-05-10,"{""sales_channel_mix"": {""MobileApp"": {""change_pct"": 9.66, ""new"": 32.49, ""old"": 22.83}, ""Website"": {""change_pct"": -9.66, ""new"": 15.02, ""old"": 24.68}}}",mobile_app_sales_pct,Increase,45.71,Win,0.907,Owned web traffic nudged toward app conversion.
EXP1168,P039,Makeup,Lipstick,The Derma Co,Channel Mix Optimization,2025-01-19,2025-02-03,"{""sales_channel_mix"": {""Amazon"": {""change_pct"": -5.0, ""new"": 26.2, ""old"": 31.2}, ""MobileApp"": {""change_pct"": 4.0, ""new"": 12.62, ""old"": 8.62}, ""Nykaa"": {""change_pct"": -4.0, ""new"": 23.54, ""old"": 27.54}, ""Website"": {""change_pct"": 5.0, ""new"": 37.64, ""old"": 32.64}}}",current_roas,Increase,6.63,Win,0.664,Mix optimized toward higher-margin owned channels.
EXP1169,P074,Haircare,Shampoo,Minimalist,Search Increase,2025-12-12,2025-12-31,"{""campaign_mix"": {""Search"": {""change_pct"": 6.84, ""new"": 49.37, ""old"": 42.53}, ""Social"": {""change_pct"": -6.84, ""new"": 14.5, ""old"": 21.34}}}",search_campaign_pct,Increase,19.37,Win,0.763,Search share increased for higher purchase intent.
EXP1170,P064,Skincare,Serum,Mamaearth,Social Increase,2025-05-20,2025-06-14,"{""campaign_mix"": {""Search"": {""change_pct"": -12.27, ""new"": 33.11, ""old"": 45.38}, ""Social"": {""change_pct"": 12.27, ""new"": 36.4, ""old"": 24.13}}}",social_campaign_pct,Increase,173.05,Win,0.905,Social share increased for discovery and mid-funnel reach.
EXP1171,P043,Skincare,Serum,Mamaearth,Email Increase,2025-11-19,2025-11-25,"{""campaign_mix"": {""Email"": {""change_pct"": 10.77, ""new"": 28.65, ""old"": 17.88}, ""Social"": {""change_pct"": -10.77, ""new"": 10.32, ""old"": 21.09}}}",retention_rate,Increase,1.15,Loss,0.641,Email share increased to reactivate known buyers.
EXP1172,P062,Haircare,Shampoo,Minimalist,Affiliate Increase,2025-07-17,2025-07-25,"{""campaign_mix"": {""Affiliate"": {""change_pct"": 5.32, ""new"": 17.84, ""old"": 12.52}, ""Search"": {""change_pct"": -5.32, ""new"": 26.23, ""old"": 31.55}}}",affiliate_campaign_pct,Increase,39.24,Win,0.797,Affiliate share increased for deal-led acquisition.
EXP1173,P030,Makeup,Lipstick,Mamaearth,Campaign Mix Optimization,2025-03-06,2025-03-14,"{""campaign_mix"": {""Affiliate"": {""change_pct"": -3.0, ""new"": 6.44, ""old"": 9.44}, ""Email"": {""change_pct"": 3.0, ""new"": 27.29, ""old"": 24.29}, ""Search"": {""change_pct"": 4.0, ""new"": 26.58, ""old"": 22.58}, ""Social"": {""change_pct"": -4.0, ""new"": 39.69, ""old"": 43.69}}}",current_ctr,Increase,2.89,Win,0.633,Campaign mix optimized toward intent and lifecycle channels.
EXP1174,P073,Skincare,Serum,Minimalist,Google to Instagram Shift,2025-06-23,2025-07-19,"{""acquisition_mix"": {""Google"": {""change_pct"": -7.11, ""new"": 25.27, ""old"": 32.38}, ""Instagram"": {""change_pct"": 7.11, ""new"": 30.5, ""old"": 23.39}}}",instagram_source_pct,Increase,22.57,Win,0.766,Acquisition shifted from search-led to creator and social discovery.
EXP1175,P074,Haircare,Shampoo,Minimalist,Instagram to Google Shift,2025-08-07,2025-08-14,"{""acquisition_mix"": {""Google"": {""change_pct"": 8.44, ""new"": 51.0, ""old"": 42.56}, ""Instagram"": {""change_pct"": -8.44, ""new"": 11.08, ""old"": 19.52}}}",google_source_pct,Increase,17.82,Win,0.711,Acquisition shifted toward high-intent Google traffic.
EXP1176,P098,Haircare,Shampoo,The Derma Co,Facebook to Google Shift,2025-03-15,2025-04-09,"{""acquisition_mix"": {""Facebook"": {""change_pct"": -6.1, ""new"": 3.56, ""old"": 9.66}, ""Google"": {""change_pct"": 6.1, ""new"": 54.4, ""old"": 48.3}}}",google_source_pct,Increase,12.43,Win,0.641,Budget moved from Facebook to Google for better intent quality.
EXP1177,P048,Makeup,Lipstick,Mamaearth,Paid to Organic Shift,2025-05-11,2025-05-18,"{""acquisition_mix"": {""Google"": {""change_pct"": -4.0, ""new"": 25.96, ""old"": 29.96}, ""Instagram"": {""change_pct"": -4.0, ""new"": 30.7, ""old"": 34.7}, ""Organic"": {""change_pct"": 8.0, ""new"": 16.93, ""old"": 8.93}}, ""marketing_spend"": {""change_pct"": -20.89, ""new"": 8708.21, ""old"": 11008.16}}",organic_source_pct,Increase,71.43,Win,0.91,Paid dependency reduced while organic share is lifted.
EXP1178,P094,Skincare,Serum,Minimalist,Acquisition Mix Optimization,2025-05-14,2025-05-24,"{""acquisition_mix"": {""Facebook"": {""change_pct"": -3.0, ""new"": 20.49, ""old"": 23.49}, ""Google"": {""change_pct"": 3.0, ""new"": 37.38, ""old"": 34.38}, ""Organic"": {""change_pct"": 2.0, ""new"": 10.84, ""old"": 8.84}, ""Referral"": {""change_pct"": -2.0, ""new"": 5.55, ""old"": 7.55}}}",conversion_rate,Increase,-15.55,Loss,0.705,Acquisition mix optimized toward higher-converting sources.
EXP1179,P028,Skincare,Serum,Mamaearth,Premium Pricing Strategy,2025-01-03,2025-01-10,"{""avg_selling_price"": {""change_pct"": 13.83, ""new"": 830.98, ""old"": 730.0}, ""discount_pct"": {""change_pct"": -28.0, ""new"": 8.71, ""old"": 12.09}}",profit,Increase,34.75,Win,0.902,Premium posture combines higher price with lower promotion depth.
EXP1180,P100,Skincare,Serum,The Derma Co,Aggressive Growth Strategy,2025-01-25,2025-02-06,"{""discount_pct"": {""change_pct"": 110.85, ""new"": 17.99, ""old"": 8.53}, ""marketing_spend"": {""change_pct"": 39.88, ""new"": 7458.78, ""old"": 5332.33}, ""shipping_fee"": {""change_pct"": -57.97, ""new"": 29.0, ""old"": 69.0}}",orders,Increase,70.12,Win,0.912,"Growth strategy combines paid reach, promotion, and reduced friction."
EXP1181,P003,Makeup,Lipstick,Minimalist,Profit Optimization Strategy,2025-11-03,2025-11-10,"{""discount_pct"": {""change_pct"": -32.62, ""new"": 12.84, ""old"": 19.05}, ""marketing_spend"": {""change_pct"": -9.38, ""new"": 10287.66, ""old"": 11352.06}, ""sales_channel_mix"": {""Amazon"": {""change_pct"": -4.0, ""new"": 50.0, ""old"": 54.0}, ""MobileApp"": {""change_pct"": 3.0, ""new"": 11.49, ""old"": 8.49}, ""Nykaa"": {""change_pct"": -3.0, ""new"": 12.86, ""old"": 15.86}, ""Website"": {""change_pct"": 4.0, ""new"": 25.65, ""old"": 21.65}}}",profit,Increase,-9.78,Loss,0.686,Profit optimization trims inefficient spend and marketplace dependency.
EXP1182,P045,Makeup,Lipstick,Mamaearth,Conversion Recovery Strategy,2025-07-28,2025-08-03,"{""campaign_mix"": {""Affiliate"": {""change_pct"": -3.0, ""new"": 8.39, ""old"": 11.39}, ""Email"": {""change_pct"": 3.0, ""new"": 22.6, ""old"": 19.6}, ""Search"": {""change_pct"": 3.0, ""new"": 28.01, ""old"": 25.01}, ""Social"": {""change_pct"": -3.0, ""new"": 41.0, ""old"": 44.0}}, ""discount_pct"": {""change_pct"": 51.23, ""new"": 20.43, ""old"": 13.51}, ""shipping_fee"": {""change_pct"": -100.0, ""new"": 0.0, ""old"": 39.0}}",conversion_rate,Increase,20.91,Win,0.738,Conversion recovery lowers checkout friction and raises intent messaging.
EXP1183,P038,Haircare,Shampoo,Minimalist,Inventory Clearance Strategy,2025-06-25,2025-07-02,"{""avg_selling_price"": {""change_pct"": -9.62, ""new"": 298.25, ""old"": 330.0}, ""discount_pct"": {""change_pct"": 126.63, ""new"": 25.86, ""old"": 11.41}}",orders,Increase,48.32,Win,0.898,Clearance strategy accelerates sell-through using price and discount.
EXP1184,P033,Makeup,Lipstick,Mamaearth,D2C Growth Strategy,2025-07-08,2025-07-20,"{""marketing_spend"": {""change_pct"": 21.32, ""new"": 6119.96, ""old"": 5044.4}, ""sales_channel_mix"": {""Amazon"": {""change_pct"": -5.0, ""new"": 31.26, ""old"": 36.26}, ""MobileApp"": {""change_pct"": 5.0, ""new"": 20.8, ""old"": 15.8}, ""Nykaa"": {""change_pct"": -5.0, ""new"": 12.38, ""old"": 17.38}, ""Website"": {""change_pct"": 5.0, ""new"": 35.56, ""old"": 30.56}}}",website_sales_pct,Increase,15.34,Win,0.747,D2C growth moves share toward owned web and app channels.
EXP1185,P021,Makeup,Lipstick,Minimalist,Price Increase,2025-01-12,2025-01-19,"{""avg_selling_price"": {""change_pct"": 8.36, ""new"": 921.06, ""old"": 850.0}}",profit,Increase,13.95,Win,0.708,Premium price test expects higher unit margin with some demand elasticity.
EXP1186,P095,Haircare,Shampoo,Mamaearth,Price Decrease,2025-10-03,2025-11-05,"{""avg_selling_price"": {""change_pct"": -6.99, ""new"": 502.26, ""old"": 540.0}}",orders,Increase,38.32,Win,0.96,Lower price should improve demand and conversion.
EXP1187,P053,Haircare,Shampoo,Mamaearth,Discount Increase,2025-11-28,2025-12-12,"{""discount_pct"": {""change_pct"": 51.05, ""new"": 35.27, ""old"": 23.35}}",orders,Increase,57.5,Win,0.93,Higher discount should lift orders but may dilute margin.
EXP1188,P053,Haircare,Shampoo,Mamaearth,Discount Decrease,2025-09-16,2025-09-23,"{""discount_pct"": {""change_pct"": -33.39, ""new"": 11.66, ""old"": 17.51}}",profit,Increase,-49.17,Loss,0.946,Lower discount tests whether stronger margin offsets order loss.
EXP1189,P030,Makeup,Lipstick,Mamaearth,Shipping Fee Increase,2025-02-23,2025-03-04,"{""shipping_fee"": {""change_pct"": 102.56, ""new"": 79.0, ""old"": 39.0}}",conversion_rate,Decrease,-4.89,Win,0.666,Higher shipping fee should create checkout friction.
EXP1190,P001,Skincare,Serum,Mamaearth,Shipping Fee Decrease,2025-09-02,2025-09-08,"{""shipping_fee"": {""change_pct"": -57.97, ""new"": 29.0, ""old"": 69.0}}",conversion_rate,Increase,7.12,Inconclusive,0.619,Reduced shipping fee should reduce checkout friction.
EXP1191,P024,Makeup,Lipstick,The Derma Co,Free Shipping,2025-06-18,2025-07-10,"{""shipping_fee"": {""change_pct"": -100.0, ""new"": 0.0, ""old"": 59.0}}",conversion_rate,Increase,24.65,Win,0.816,Free shipping test should increase conversion and order volume.
EXP1192,P054,Makeup,Lipstick,Minimalist,Marketing Spend Increase,2025-12-23,2025-12-31,"{""marketing_spend"": {""change_pct"": 36.96, ""new"": 30743.21, ""old"": 22446.47}}",traffic,Increase,111.39,Win,0.851,Higher spend should increase traffic through paid reach and lagged adstock.
EXP1193,P086,Haircare,Shampoo,The Derma Co,Marketing Spend Decrease,2025-01-04,2025-01-10,"{""marketing_spend"": {""change_pct"": -39.73, ""new"": 2919.82, ""old"": 4844.96}}",current_roas,Increase,75.75,Win,0.895,Spend reduction tests whether inefficient paid traffic can be trimmed.
EXP1194,P005,Haircare,Shampoo,Mamaearth,Inventory Increase,2025-11-02,2025-11-20,"{""inventory_available"": {""change_pct"": 32.8, ""new"": 2743.66, ""old"": 2066.0}}",orders,Increase,-43.18,Loss,0.96,Higher stock availability should reduce sales capacity constraints.
EXP1195,P073,Skincare,Serum,Minimalist,Inventory Reduction,2025-12-07,2025-12-17,"{""inventory_available"": {""change_pct"": -31.79, ""new"": 970.0, ""old"": 1422.0}}",revenue,Decrease,5.82,Loss,0.66,Lower inventory should cap orders and revenue.
EXP1196,P025,Skincare,Serum,The Derma Co,Amazon to Website Shift,2025-04-10,2025-04-24,"{""sales_channel_mix"": {""Amazon"": {""change_pct"": -15.34, ""new"": 15.71, ""old"": 31.05}, ""Website"": {""change_pct"": 15.34, ""new"": 47.87, ""old"": 32.53}}}",website_sales_pct,Increase,35.49,Win,0.96,Channel share shifted from marketplace to owned website.
EXP1197,P007,Skincare,Serum,Minimalist,Website to Amazon Shift,2025-04-30,2025-05-27,"{""sales_channel_mix"": {""Amazon"": {""change_pct"": 11.0, ""new"": 46.36, ""old"": 35.36}, ""Website"": {""change_pct"": -11.0, ""new"": 20.02, ""old"": 31.02}}}",amazon_sales_pct,Increase,31.39,Win,0.84,Channel share shifted toward Amazon for demand capture.
EXP1198,P041,Haircare,Shampoo,Minimalist,Amazon to Mobile App Shift,2025-05-14,2025-05-22,"{""sales_channel_mix"": {""Amazon"": {""change_pct"": -13.4, ""new"": 26.82, ""old"": 40.22}, ""MobileApp"": {""change_pct"": 13.4, ""new"": 21.73, ""old"": 8.33}}}",mobile_app_sales_pct,Increase,63.96,Win,0.918,Marketplace users redirected toward app purchase journeys.
EXP1199,P029,Haircare,Shampoo,Minimalist,Website to Mobile App Shift,2025-08-07,2025-08-31,"{""sales_channel_mix"": {""MobileApp"": {""change_pct"": 13.86, ""new"": 28.52, ""old"": 14.66}, ""Website"": {""change_pct"": -13.86, ""new"": 28.33, ""old"": 42.19}}}",mobile_app_sales_pct,Increase,93.22,Win,0.902,Owned web traffic nudged toward app conversion.
EXP1200,P007,Skincare,Serum,Minimalist,Channel Mix Optimization,2025-08-23,2025-09-02,"{""sales_channel_mix"": {""Amazon"": {""change_pct"": -5.0, ""new"": 29.95, ""old"": 34.95}, ""MobileApp"": {""change_pct"": 4.0, ""new"": 23.43, ""old"": 19.43}, ""Nykaa"": {""change_pct"": -4.0, ""new"": 12.04, ""old"": 16.04}, ""Website"": {""change_pct"": 5.0, ""new"": 34.58, ""old"": 29.58}}}",current_roas,Increase,3.94,Inconclusive,0.588,Mix optimized toward higher-margin owned channels.
EXP1201,P003,Makeup,Lipstick,Minimalist,Search Increase,2025-06-07,2025-06-14,"{""campaign_mix"": {""Search"": {""change_pct"": 8.94, ""new"": 35.76, ""old"": 26.82}, ""Social"": {""change_pct"": -8.94, ""new"": 44.69, ""old"": 53.63}}}",search_campaign_pct,Increase,29.25,Win,0.944,Search share increased for higher purchase intent.
EXP1202,P026,Haircare,Shampoo,The Derma Co,Social Increase,2025-09-03,2025-10-17,"{""campaign_mix"": {""Search"": {""change_pct"": -9.2, ""new"": 31.06, ""old"": 40.26}, ""Social"": {""change_pct"": 9.2, ""new"": 43.04, ""old"": 33.84}}}",social_campaign_pct,Increase,26.4,Win,0.851,Social share increased for discovery and mid-funnel reach.
EXP1203,P001,Skincare,Serum,Mamaearth,Email Increase,2025-06-05,2025-06-12,"{""campaign_mix"": {""Email"": {""change_pct"": 10.36, ""new"": 36.89, ""old"": 26.53}, ""Social"": {""change_pct"": -10.36, ""new"": 13.81, ""old"": 24.17}}}",retention_rate,Increase,-0.21,Loss,0.626,Email share increased to reactivate known buyers.
EXP1204,P058,Skincare,Serum,Mamaearth,Affiliate Increase,2025-12-16,2025-12-26,"{""campaign_mix"": {""Affiliate"": {""change_pct"": 5.69, ""new"": 10.55, ""old"": 4.86}, ""Search"": {""change_pct"": -5.69, ""new"": 29.9, ""old"": 35.59}}}",affiliate_campaign_pct,Increase,107.35,Win,0.903,Affiliate share increased for deal-led acquisition.
EXP1205,P012,Makeup,Lipstick,The Derma Co,Campaign Mix Optimization,2025-05-19,2025-05-29,"{""campaign_mix"": {""Affiliate"": {""change_pct"": -0.69, ""new"": 3.0, ""old"": 3.69}, ""Email"": {""change_pct"": 0.69, ""new"": 14.87, ""old"": 14.18}, ""Search"": {""change_pct"": 4.0, ""new"": 36.31, ""old"": 32.31}, ""Social"": {""change_pct"": -4.0, ""new"": 45.82, ""old"": 49.82}}}",current_ctr,Increase,0.3,Inconclusive,0.539,Campaign mix optimized toward intent and lifecycle channels.
EXP1206,P025,Skincare,Serum,The Derma Co,Google to Instagram Shift,2025-01-04,2025-01-23,"{""acquisition_mix"": {""Google"": {""change_pct"": -9.6, ""new"": 34.7, ""old"": 44.3}, ""Instagram"": {""change_pct"": 9.6, ""new"": 43.5, ""old"": 33.9}}}",instagram_source_pct,Increase,29.09,Win,0.862,Acquisition shifted from search-led to creator and social discovery.
EXP1207,P043,Skincare,Serum,Mamaearth,Instagram to Google Shift,2025-03-15,2025-03-28,"{""acquisition_mix"": {""Google"": {""change_pct"": 12.06, ""new"": 68.26, ""old"": 56.2}, ""Instagram"": {""change_pct"": -12.06, ""new"": 4.24, ""old"": 16.3}}}",google_source_pct,Increase,21.51,Win,0.863,Acquisition shifted toward high-intent Google traffic.
EXP1208,P014,Haircare,Shampoo,Minimalist,Facebook to Google Shift,2025-01-26,2025-02-02,"{""acquisition_mix"": {""Facebook"": {""change_pct"": -8.62, ""new"": 7.72, ""old"": 16.34}, ""Google"": {""change_pct"": 8.62, ""new"": 47.91, ""old"": 39.29}}}",google_source_pct,Increase,23.94,Win,0.84,Budget moved from Facebook to Google for better intent quality.
EXP1209,P049,Skincare,Serum,Mamaearth,Paid to Organic Shift,2025-01-09,2025-01-15,"{""acquisition_mix"": {""Google"": {""change_pct"": -4.0, ""new"": 37.71, ""old"": 41.71}, ""Instagram"": {""change_pct"": -4.0, ""new"": 11.16, ""old"": 15.16}, ""Organic"": {""change_pct"": 8.0, ""new"": 22.67, ""old"": 14.67}}, ""marketing_spend"": {""change_pct"": -21.29, ""new"": 7297.55, ""old"": 9271.3}}",organic_source_pct,Increase,55.66,Win,0.93,Paid dependency reduced while organic share is lifted.
EXP1210,P095,Haircare,Shampoo,Mamaearth,Acquisition Mix Optimization,2025-11-12,2025-12-03,"{""acquisition_mix"": {""Facebook"": {""change_pct"": -3.0, ""new"": 14.15, ""old"": 17.15}, ""Google"": {""change_pct"": 3.0, ""new"": 39.37, ""old"": 36.37}, ""Organic"": {""change_pct"": 2.0, ""new"": 15.56, ""old"": 13.56}, ""Referral"": {""change_pct"": -2.0, ""new"": 4.06, ""old"": 6.06}}}",conversion_rate,Increase,-5.24,Inconclusive,0.615,Acquisition mix optimized toward higher-converting sources.
EXP1211,P041,Haircare,Shampoo,Minimalist,Premium Pricing Strategy,2025-05-03,2025-05-13,"{""avg_selling_price"": {""change_pct"": 15.01, ""new"": 379.54, ""old"": 330.0}, ""discount_pct"": {""change_pct"": -16.22, ""new"": 15.9, ""old"": 18.98}}",profit,Increase,91.0,Win,0.877,Premium posture combines higher price with lower promotion depth.
EXP1212,P059,Haircare,Shampoo,Mamaearth,Aggressive Growth Strategy,2025-04-18,2025-05-03,"{""discount_pct"": {""change_pct"": 85.55, ""new"": 23.6, ""old"": 12.72}, ""marketing_spend"": {""change_pct"": 75.53, ""new"": 18845.52, ""old"": 10736.38}, ""shipping_fee"": {""change_pct"": -61.22, ""new"": 19.0, ""old"": 49.0}}",orders,Increase,114.75,Win,0.851,"Growth strategy combines paid reach, promotion, and reduced friction."
EXP1213,P001,Skincare,Serum,Mamaearth,Profit Optimization Strategy,2025-01-17,2025-01-24,"{""discount_pct"": {""change_pct"": -27.77, ""new"": 12.65, ""old"": 17.51}, ""marketing_spend"": {""change_pct"": -15.08, ""new"": 7283.63, ""old"": 8576.93}, ""sales_channel_mix"": {""Amazon"": {""change_pct"": -4.0, ""new"": 35.91, ""old"": 39.91}, ""MobileApp"": {""change_pct"": 3.0, ""new"": 14.17, ""old"": 11.17}, ""Nykaa"": {""change_pct"": -3.0, ""new"": 9.95, ""old"": 12.95}, ""Website"": {""change_pct"": 4.0, ""new"": 39.97, ""old"": 35.97}}}",profit,Increase,22.78,Win,0.81,Profit optimization trims inefficient spend and marketplace dependency.
EXP1214,P012,Makeup,Lipstick,The Derma Co,Conversion Recovery Strategy,2025-01-06,2025-01-16,"{""campaign_mix"": {""Affiliate"": {""change_pct"": -1.08, ""new"": 3.0, ""old"": 4.08}, ""Email"": {""change_pct"": 1.08, ""new"": 14.92, ""old"": 13.84}, ""Search"": {""change_pct"": 3.0, ""new"": 36.89, ""old"": 33.89}, ""Social"": {""change_pct"": -3.0, ""new"": 45.19, ""old"": 48.19}}, ""discount_pct"": {""change_pct"": 41.13, ""new"": 18.78, ""old"": 13.31}, ""shipping_fee"": {""change_pct"": 0.0, ""new"": 0.0, ""old"": 0.0}}",conversion_rate,Increase,11.4,Win,0.706,Conversion recovery lowers checkout friction and raises intent messaging.
EXP1215,P057,Makeup,Lipstick,The Derma Co,Inventory Clearance Strategy,2025-01-03,2025-01-12,"{""avg_selling_price"": {""change_pct"": -8.94, ""new"": 245.86, ""old"": 270.0}, ""discount_pct"": {""change_pct"": 95.46, ""new"": 30.12, ""old"": 15.41}}",orders,Increase,36.17,Win,0.905,Clearance strategy accelerates sell-through using price and discount.
EXP1216,P022,Skincare,Serum,The Derma Co,D2C Growth Strategy,2025-12-10,2025-12-27,"{""marketing_spend"": {""change_pct"": 12.06, ""new"": 10919.36, ""old"": 9743.91}, ""sales_channel_mix"": {""Amazon"": {""change_pct"": -5.0, ""new"": 47.5, ""old"": 52.5}, ""MobileApp"": {""change_pct"": 5.0, ""new"": 15.15, ""old"": 10.15}, ""Nykaa"": {""change_pct"": -5.0, ""new"": 9.23, ""old"": 14.23}, ""Website"": {""change_pct"": 5.0, ""new"": 28.12, ""old"": 23.12}}}",website_sales_pct,Increase,-10.87,Loss,0.704,D2C growth moves share toward owned web and app channels.
EXP1217,P048,Makeup,Lipstick,Mamaearth,Price Increase,2025-12-12,2025-12-22,"{""avg_selling_price"": {""change_pct"": 9.53, ""new"": 832.45, ""old"": 760.0}}",profit,Increase,-26.03,Loss,0.813,Premium price test expects higher unit margin with some demand elasticity.
EXP1218,P076,Skincare,Serum,Minimalist,Price Decrease,2025-06-02,2025-06-15,"{""avg_selling_price"": {""change_pct"": -13.43, ""new"": 874.32, ""old"": 1010.0}}",orders,Increase,25.66,Win,0.918,Lower price should improve demand and conversion.
EXP1219,P040,Skincare,Serum,Minimalist,Discount Increase,2025-04-13,2025-04-19,"{""discount_pct"": {""change_pct"": 66.43, ""new"": 17.36, ""old"": 10.43}}",orders,Increase,16.42,Win,0.787,Higher discount should lift orders but may dilute margin.
EXP1220,P049,Skincare,Serum,Mamaearth,Discount Decrease,2025-10-31,2025-11-06,"{""discount_pct"": {""change_pct"": -29.58, ""new"": 11.69, ""old"": 16.6}}",profit,Increase,-24.98,Loss,0.922,Lower discount tests whether stronger margin offsets order loss.
EXP1221,P031,Skincare,Serum,Mamaearth,Shipping Fee Increase,2025-08-05,2025-08-21,"{""shipping_fee"": {""change_pct"": 50.85, ""new"": 89.0, ""old"": 59.0}}",conversion_rate,Decrease,-5.23,Win,0.682,Higher shipping fee should create checkout friction.
EXP1222,P091,Skincare,Serum,Minimalist,Shipping Fee Decrease,2025-02-11,2025-02-23,"{""shipping_fee"": {""change_pct"": -81.63, ""new"": 9.0, ""old"": 49.0}}",conversion_rate,Increase,18.95,Win,0.812,Reduced shipping fee should reduce checkout friction.
EXP1223,P020,Haircare,Shampoo,The Derma Co,Free Shipping,2025-11-25,2025-12-12,"{""shipping_fee"": {""change_pct"": -100.0, ""new"": 0.0, ""old"": 49.0}}",conversion_rate,Increase,21.76,Win,0.716,Free shipping test should increase conversion and order volume.
EXP1224,P057,Makeup,Lipstick,The Derma Co,Marketing Spend Increase,2025-01-21,2025-02-03,"{""marketing_spend"": {""change_pct"": 38.09, ""new"": 6446.45, ""old"": 4668.34}}",traffic,Increase,4.49,Win,0.661,Higher spend should increase traffic through paid reach and lagged adstock.
EXP1225,P028,Skincare,Serum,Mamaearth,Marketing Spend Decrease,2025-11-12,2025-11-18,"{""marketing_spend"": {""change_pct"": -40.03, ""new"": 4811.06, ""old"": 8021.83}}",current_roas,Increase,28.42,Win,0.78,Spend reduction tests whether inefficient paid traffic can be trimmed.
EXP1226,P048,Makeup,Lipstick,Mamaearth,Inventory Increase,2025-07-08,2025-07-16,"{""inventory_available"": {""change_pct"": 31.61, ""new"": 1342.47, ""old"": 1020.0}}",orders,Increase,35.46,Win,0.867,Higher stock availability should reduce sales capacity constraints.
EXP1227,P014,Haircare,Shampoo,Minimalist,Inventory Reduction,2025-09-18,2025-10-03,"{""inventory_available"": {""change_pct"": -39.85, ""new"": 534.11, ""old"": 888.0}}",revenue,Decrease,18.63,Loss,0.7,Lower inventory should cap orders and revenue.
EXP1228,P002,Haircare,Shampoo,The Derma Co,Amazon to Website Shift,2025-05-22,2025-05-29,"{""sales_channel_mix"": {""Amazon"": {""change_pct"": -10.94, ""new"": 15.3, ""old"": 26.24}, ""Website"": {""change_pct"": 10.94, ""new"": 48.09, ""old"": 37.15}}}",website_sales_pct,Increase,26.99,Win,0.842,Channel share shifted from marketplace to owned website.
EXP1229,P097,Skincare,Serum,Mamaearth,Website to Amazon Shift,2025-09-21,2025-09-30,"{""sales_channel_mix"": {""Amazon"": {""change_pct"": 11.6, ""new"": 50.78, ""old"": 39.18}, ""Website"": {""change_pct"": -11.6, ""new"": 13.98, ""old"": 25.58}}}",amazon_sales_pct,Increase,30.78,Win,0.955,Channel share shifted toward Amazon for demand capture.
EXP1230,P082,Skincare,Serum,Mamaearth,Amazon to Mobile App Shift,2025-05-28,2025-06-06,"{""sales_channel_mix"": {""Amazon"": {""change_pct"": -12.1, ""new"": 37.68, ""old"": 49.78}, ""MobileApp"": {""change_pct"": 12.1, ""new"": 23.18, ""old"": 11.08}}}",mobile_app_sales_pct,Increase,97.73,Win,0.945,Marketplace users redirected toward app purchase journeys.
EXP1231,P094,Skincare,Serum,Minimalist,Website to Mobile App Shift,2025-07-02,2025-07-12,"{""sales_channel_mix"": {""MobileApp"": {""change_pct"": 11.47, ""new"": 19.3, ""old"": 7.83}, ""Website"": {""change_pct"": -11.47, ""new"": 29.19, ""old"": 40.66}}}",mobile_app_sales_pct,Increase,140.51,Win,0.896,Owned web traffic nudged toward app conversion.
EXP1232,P083,Haircare,Shampoo,Minimalist,Channel Mix Optimization,2025-06-09,2025-06-23,"{""sales_channel_mix"": {""Amazon"": {""change_pct"": -5.0, ""new"": 25.05, ""old"": 30.05}, ""MobileApp"": {""change_pct"": 4.0, ""new"": 15.22, ""old"": 11.22}, ""Nykaa"": {""change_pct"": -4.0, ""new"": 19.2, ""old"": 23.2}, ""Website"": {""change_pct"": 5.0, ""new"": 40.53, ""old"": 35.53}}}",current_roas,Increase,7.11,Win,0.686,Mix optimized toward higher-margin owned channels.
EXP1233,P052,Skincare,Serum,Mamaearth,Search Increase,2025-09-22,2025-09-28,"{""campaign_mix"": {""Search"": {""change_pct"": 7.52, ""new"": 51.4, ""old"": 43.88}, ""Social"": {""change_pct"": -7.52, ""new"": 29.19, ""old"": 36.71}}}",search_campaign_pct,Increase,18.97,Win,0.759,Search share increased for higher purchase intent.
EXP1234,P060,Makeup,Lipstick,The Derma Co,Social Increase,2025-08-14,2025-08-24,"{""campaign_mix"": {""Search"": {""change_pct"": -8.41, ""new"": 21.9, ""old"": 30.31}, ""Social"": {""change_pct"": 8.41, ""new"": 56.9, ""old"": 48.49}}}",social_campaign_pct,Increase,17.64,Win,0.682,Social share increased for discovery and mid-funnel reach.
EXP1235,P094,Skincare,Serum,Minimalist,Email Increase,2025-08-24,2025-08-30,"{""campaign_mix"": {""Email"": {""change_pct"": 7.59, ""new"": 23.64, ""old"": 16.05}, ""Social"": {""change_pct"": -7.59, ""new"": 18.41, ""old"": 26.0}}}",retention_rate,Increase,0.83,Inconclusive,0.578,Email share increased to reactivate known buyers.
EXP1236,P090,Makeup,Lipstick,Minimalist,Affiliate Increase,2025-02-16,2025-02-22,"{""campaign_mix"": {""Affiliate"": {""change_pct"": 5.09, ""new"": 26.35, ""old"": 21.26}, ""Search"": {""change_pct"": -5.09, ""new"": 20.23, ""old"": 25.32}}}",affiliate_campaign_pct,Increase,23.57,Win,0.745,Affiliate share increased for deal-led acquisition.
EXP1237,P041,Haircare,Shampoo,Minimalist,Campaign Mix Optimization,2025-12-02,2025-12-09,"{""campaign_mix"": {""Affiliate"": {""change_pct"": -3.0, ""new"": 10.23, ""old"": 13.23}, ""Email"": {""change_pct"": 3.0, ""new"": 21.75, ""old"": 18.75}, ""Search"": {""change_pct"": 4.0, ""new"": 40.94, ""old"": 36.94}, ""Social"": {""change_pct"": -4.0, ""new"": 27.08, ""old"": 31.08}}}",current_ctr,Increase,3.92,Win,0.647,Campaign mix optimized toward intent and lifecycle channels.
EXP1238,P054,Makeup,Lipstick,Minimalist,Google to Instagram Shift,2025-01-05,2025-01-13,"{""acquisition_mix"": {""Google"": {""change_pct"": -11.4, ""new"": 21.88, ""old"": 33.28}, ""Instagram"": {""change_pct"": 11.4, ""new"": 46.8, ""old"": 35.4}}}",instagram_source_pct,Increase,30.6,Win,0.904,Acquisition shifted from search-led to creator and social discovery.
EXP1239,P080,Haircare,Shampoo,Mamaearth,Instagram to Google Shift,2025-03-08,2025-03-14,"{""acquisition_mix"": {""Google"": {""change_pct"": 8.52, ""new"": 37.66, ""old"": 29.14}, ""Instagram"": {""change_pct"": -8.52, ""new"": 10.83, ""old"": 19.35}}}",google_source_pct,Increase,24.35,Win,0.766,Acquisition shifted toward high-intent Google traffic.
EXP1240,P094,Skincare,Serum,Minimalist,Facebook to Google Shift,2025-05-06,2025-05-13,"{""acquisition_mix"": {""Facebook"": {""change_pct"": -6.08, ""new"": 16.56, ""old"": 22.64}, ""Google"": {""change_pct"": 6.08, ""new"": 42.4, ""old"": 36.32}}}",google_source_pct,Increase,21.62,Win,0.835,Budget moved from Facebook to Google for better intent quality.
EXP1241,P082,Skincare,Serum,Mamaearth,Paid to Organic Shift,2025-01-06,2025-01-15,"{""acquisition_mix"": {""Google"": {""change_pct"": -4.0, ""new"": 35.18, ""old"": 39.18}, ""Instagram"": {""change_pct"": -4.0, ""new"": 18.18, ""old"": 22.18}, ""Organic"": {""change_pct"": 8.0, ""new"": 17.18, ""old"": 9.18}}, ""marketing_spend"": {""change_pct"": -19.56, ""new"": 3705.44, ""old"": 4606.48}}",organic_source_pct,Increase,92.9,Win,0.843,Paid dependency reduced while organic share is lifted.
EXP1242,P051,Makeup,Lipstick,Mamaearth,Acquisition Mix Optimization,2025-12-12,2025-12-25,"{""acquisition_mix"": {""Facebook"": {""change_pct"": -2.37, ""new"": 3.0, ""old"": 5.37}, ""Google"": {""change_pct"": 2.37, ""new"": 33.59, ""old"": 31.22}, ""Organic"": {""change_pct"": 2.0, ""new"": 18.44, ""old"": 16.44}, ""Referral"": {""change_pct"": -2.0, ""new"": 6.41, ""old"": 8.41}}}",conversion_rate,Increase,-3.18,Inconclusive,0.577,Acquisition mix optimized toward higher-converting sources.
EXP1243,P061,Skincare,Serum,Minimalist,Premium Pricing Strategy,2025-04-26,2025-05-06,"{""avg_selling_price"": {""change_pct"": 8.81, ""new"": 816.06, ""old"": 750.0}, ""discount_pct"": {""change_pct"": -65.46, ""new"": 3.53, ""old"": 10.21}}",profit,Increase,13.88,Win,0.698,Premium posture combines higher price with lower promotion depth.
EXP1244,P094,Skincare,Serum,Minimalist,Aggressive Growth Strategy,2025-01-03,2025-01-12,"{""discount_pct"": {""change_pct"": 99.99, ""new"": 23.16, ""old"": 11.58}, ""marketing_spend"": {""change_pct"": 79.52, ""new"": 19179.06, ""old"": 10683.48}, ""shipping_fee"": {""change_pct"": -81.63, ""new"": 9.0, ""old"": 49.0}}",orders,Increase,91.91,Win,0.96,"Growth strategy combines paid reach, promotion, and reduced friction."
EXP1245,P058,Skincare,Serum,Mamaearth,Profit Optimization Strategy,2025-02-26,2025-03-06,"{""discount_pct"": {""change_pct"": -60.19, ""new"": 5.41, ""old"": 13.6}, ""marketing_spend"": {""change_pct"": -9.95, ""new"": 8972.85, ""old"": 9964.55}, ""sales_channel_mix"": {""Amazon"": {""change_pct"": -4.0, ""new"": 34.86, ""old"": 38.86}, ""MobileApp"": {""change_pct"": 3.0, ""new"": 11.97, ""old"": 8.97}, ""Nykaa"": {""change_pct"": -3.0, ""new"": 20.91, ""old"": 23.91}, ""Website"": {""change_pct"": 4.0, ""new"": 32.26, ""old"": 28.26}}}",profit,Increase,10.62,Inconclusive,0.564,Profit optimization trims inefficient spend and marketplace dependency.
EXP1246,P013,Skincare,Serum,Mamaearth,Conversion Recovery Strategy,2025-03-23,2025-04-02,"{""campaign_mix"": {""Affiliate"": {""change_pct"": -3.0, ""new"": 6.74, ""old"": 9.74}, ""Email"": {""change_pct"": 3.0, ""new"": 23.15, ""old"": 20.15}, ""Search"": {""change_pct"": 3.0, ""new"": 46.13, ""old"": 43.13}, ""Social"": {""change_pct"": -3.0, ""new"": 23.98, ""old"": 26.98}}, ""discount_pct"": {""change_pct"": 51.48, ""new"": 17.89, ""old"": 11.81}, ""shipping_fee"": {""change_pct"": -100.0, ""new"": 0.0, ""old"": 39.0}}",conversion_rate,Increase,12.94,Win,0.784,Conversion recovery lowers checkout friction and raises intent messaging.
EXP1247,P009,Makeup,Lipstick,Mamaearth,Inventory Clearance Strategy,2025-11-11,2025-11-21,"{""avg_selling_price"": {""change_pct"": -7.05, ""new"": 474.04, ""old"": 510.0}, ""discount_pct"": {""change_pct"": 62.99, ""new"": 28.28, ""old"": 17.35}}",orders,Increase,-15.67,Loss,0.719,Clearance strategy accelerates sell-through using price and discount.
EXP1248,P031,Skincare,Serum,Mamaearth,D2C Growth Strategy,2025-07-09,2025-07-18,"{""marketing_spend"": {""change_pct"": 12.35, ""new"": 6564.36, ""old"": 5842.89}, ""sales_channel_mix"": {""Amazon"": {""change_pct"": -5.0, ""new"": 38.14, ""old"": 43.14}, ""MobileApp"": {""change_pct"": 5.0, ""new"": 22.58, ""old"": 17.58}, ""Nykaa"": {""change_pct"": -5.0, ""new"": 10.85, ""old"": 15.85}, ""Website"": {""change_pct"": 5.0, ""new"": 28.43, ""old"": 23.43}}}",website_sales_pct,Increase,17.78,Win,0.741,D2C growth moves share toward owned web and app channels.
EXP1249,P050,Haircare,Shampoo,Minimalist,Price Increase,2025-06-14,2025-06-30,"{""avg_selling_price"": {""change_pct"": 13.98, ""new"": 501.51, ""old"": 440.0}}",profit,Increase,54.21,Win,0.96,Premium price test expects higher unit margin with some demand elasticity.
EXP1250,P043,Skincare,Serum,Mamaearth,Price Decrease,2025-07-22,2025-07-28,"{""avg_selling_price"": {""change_pct"": -10.94, ""new"": 578.92, ""old"": 650.0}}",orders,Increase,27.38,Win,0.851,Lower price should improve demand and conversion.
EXP1251,P030,Makeup,Lipstick,Mamaearth,Discount Increase,2025-08-29,2025-09-06,"{""discount_pct"": {""change_pct"": 86.43, ""new"": 24.59, ""old"": 13.19}}",orders,Increase,15.14,Win,0.746,Higher discount should lift orders but may dilute margin.
EXP1252,P090,Makeup,Lipstick,Minimalist,Discount Decrease,2025-07-28,2025-08-13,"{""discount_pct"": {""change_pct"": -30.54, ""new"": 13.01, ""old"": 18.73}}",profit,Increase,19.72,Win,0.798,Lower discount tests whether stronger margin offsets order loss.
EXP1253,P031,Skincare,Serum,Mamaearth,Shipping Fee Increase,2025-01-07,2025-01-16,"{""shipping_fee"": {""change_pct"": 50.85, ""new"": 89.0, ""old"": 59.0}}",conversion_rate,Decrease,-5.5,Win,0.637,Higher shipping fee should create checkout friction.
EXP1254,P042,Makeup,Lipstick,Mamaearth,Shipping Fee Decrease,2025-07-31,2025-08-18,"{""shipping_fee"": {""change_pct"": -57.97, ""new"": 29.0, ""old"": 69.0}}",conversion_rate,Increase,14.64,Win,0.771,Reduced shipping fee should reduce checkout friction.
EXP1255,P086,Haircare,Shampoo,The Derma Co,Free Shipping,2025-04-23,2025-05-03,"{""shipping_fee"": {""change_pct"": -100.0, ""new"": 0.0, ""old"": 69.0}}",conversion_rate,Increase,19.39,Win,0.862,Free shipping test should increase conversion and order volume.
EXP1256,P064,Skincare,Serum,Mamaearth,Marketing Spend Increase,2025-09-18,2025-09-25,"{""marketing_spend"": {""change_pct"": 47.73, ""new"": 11860.84, ""old"": 8028.85}}",traffic,Increase,17.98,Win,0.787,Higher spend should increase traffic through paid reach and lagged adstock.
EXP1257,P044,Haircare,Shampoo,The Derma Co,Marketing Spend Decrease,2025-08-19,2025-08-25,"{""marketing_spend"": {""change_pct"": -40.86, ""new"": 3953.23, ""old"": 6684.03}}",current_roas,Increase,67.5,Win,0.919,Spend reduction tests whether inefficient paid traffic can be trimmed.
EXP1258,P033,Makeup,Lipstick,Mamaearth,Inventory Increase,2025-10-06,2025-10-12,"{""inventory_available"": {""change_pct"": 56.12, ""new"": 1550.29, ""old"": 993.0}}",orders,Increase,87.66,Win,0.96,Higher stock availability should reduce sales capacity constraints.
EXP1259,P003,Makeup,Lipstick,Minimalist,Inventory Reduction,2025-07-27,2025-08-05,"{""inventory_available"": {""change_pct"": -50.63, ""new"": 473.91, ""old"": 960.0}}",revenue,Decrease,6.42,Inconclusive,0.582,Lower inventory should cap orders and revenue.
EXP1260,P061,Skincare,Serum,Minimalist,Amazon to Website Shift,2025-02-18,2025-02-25,"{""sales_channel_mix"": {""Amazon"": {""change_pct"": -15.18, ""new"": 33.23, ""old"": 48.41}, ""Website"": {""change_pct"": 15.18, ""new"": 47.99, ""old"": 32.81}}}",website_sales_pct,Increase,43.75,Win,0.96,Channel share shifted from marketplace to owned website.
EXP1261,P076,Skincare,Serum,Minimalist,Website to Amazon Shift,2025-09-30,2025-10-10,"{""sales_channel_mix"": {""Amazon"": {""change_pct"": 8.01, ""new"": 41.83, ""old"": 33.82}, ""Website"": {""change_pct"": -8.01, ""new"": 16.04, ""old"": 24.05}}}",amazon_sales_pct,Increase,23.65,Win,0.846,Channel share shifted toward Amazon for demand capture.
EXP1262,P092,Haircare,Shampoo,Minimalist,Amazon to Mobile App Shift,2025-03-30,2025-05-02,"{""sales_channel_mix"": {""Amazon"": {""change_pct"": -10.59, ""new"": 23.99, ""old"": 34.58}, ""MobileApp"": {""change_pct"": 10.59, ""new"": 24.02, ""old"": 13.43}}}",mobile_app_sales_pct,Increase,79.26,Win,0.96,Marketplace users redirected toward app purchase journeys.
EXP1263,P007,Skincare,Serum,Minimalist,Website to Mobile App Shift,2025-09-10,2025-09-19,"{""sales_channel_mix"": {""MobileApp"": {""change_pct"": 7.41, ""new"": 26.21, ""old"": 18.8}, ""Website"": {""change_pct"": -7.41, ""new"": 22.9, ""old"": 30.31}}}",mobile_app_sales_pct,Increase,24.52,Win,0.772,Owned web traffic nudged toward app conversion.
EXP1264,P049,Skincare,Serum,Mamaearth,Channel Mix Optimization,2025-08-28,2025-09-05,"{""sales_channel_mix"": {""Amazon"": {""change_pct"": -5.0, ""new"": 32.81, ""old"": 37.81}, ""MobileApp"": {""change_pct"": 4.0, ""new"": 11.39, ""old"": 7.39}, ""Nykaa"": {""change_pct"": -4.0, ""new"": 21.22, ""old"": 25.22}, ""Website"": {""change_pct"": 5.0, ""new"": 34.58, ""old"": 29.58}}}",current_roas,Increase,-1.29,Inconclusive,0.552,Mix optimized toward higher-margin owned channels.
EXP1265,P072,Makeup,Lipstick,Mamaearth,Search Increase,2025-01-08,2025-01-30,"{""campaign_mix"": {""Search"": {""change_pct"": 8.64, ""new"": 29.26, ""old"": 20.62}, ""Social"": {""change_pct"": -8.64, ""new"": 37.53, ""old"": 46.17}}}",search_campaign_pct,Increase,45.1,Win,0.931,Search share increased for higher purchase intent.
EXP1266,P007,Skincare,Serum,Minimalist,Social Increase,2025-04-02,2025-04-10,"{""campaign_mix"": {""Search"": {""change_pct"": -10.71, ""new"": 33.15, ""old"": 43.86}, ""Social"": {""change_pct"": 10.71, ""new"": 33.78, ""old"": 23.07}}}",social_campaign_pct,Increase,40.25,Win,0.96,Social share increased for discovery and mid-funnel reach.
EXP1267,P070,Skincare,Serum,Mamaearth,Email Increase,2025-10-07,2025-10-15,"{""campaign_mix"": {""Email"": {""change_pct"": 10.11, ""new"": 42.02, ""old"": 31.91}, ""Social"": {""change_pct"": -10.11, ""new"": 7.82, ""old"": 17.93}}}",retention_rate,Increase,1.22,Loss,0.633,Email share increased to reactivate known buyers.
EXP1268,P035,Haircare,Shampoo,Minimalist,Affiliate Increase,2025-04-11,2025-05-23,"{""campaign_mix"": {""Affiliate"": {""change_pct"": 9.77, ""new"": 18.43, ""old"": 8.66}, ""Search"": {""change_pct"": -9.77, ""new"": 35.54, ""old"": 45.31}}}",affiliate_campaign_pct,Increase,102.33,Win,0.96,Affiliate share increased for deal-led acquisition.
EXP1269,P021,Makeup,Lipstick,Minimalist,Campaign Mix Optimization,2025-04-09,2025-04-18,"{""campaign_mix"": {""Affiliate"": {""change_pct"": -3.0, ""new"": 11.91, ""old"": 14.91}, ""Email"": {""change_pct"": 3.0, ""new"": 22.24, ""old"": 19.24}, ""Search"": {""change_pct"": 4.0, ""new"": 33.0, ""old"": 29.0}, ""Social"": {""change_pct"": -4.0, ""new"": 32.85, ""old"": 36.85}}}",current_ctr,Increase,2.88,Inconclusive,0.538,Campaign mix optimized toward intent and lifecycle channels.
EXP1270,P098,Haircare,Shampoo,The Derma Co,Google to Instagram Shift,2025-01-03,2025-01-17,"{""acquisition_mix"": {""Google"": {""change_pct"": -6.53, ""new"": 41.54, ""old"": 48.07}, ""Instagram"": {""change_pct"": 6.53, ""new"": 28.32, ""old"": 21.79}}}",instagram_source_pct,Increase,26.29,Win,0.906,Acquisition shifted from search-led to creator and social discovery.
EXP1271,P064,Skincare,Serum,Mamaearth,Instagram to Google Shift,2025-02-25,2025-03-04,"{""acquisition_mix"": {""Google"": {""change_pct"": 10.33, ""new"": 41.1, ""old"": 30.77}, ""Instagram"": {""change_pct"": -10.33, ""new"": 18.12, ""old"": 28.45}}}",google_source_pct,Increase,40.31,Win,0.96,Acquisition shifted toward high-intent Google traffic.
EXP1272,P053,Haircare,Shampoo,Mamaearth,Facebook to Google Shift,2025-10-08,2025-10-14,"{""acquisition_mix"": {""Facebook"": {""change_pct"": -10.29, ""new"": 6.35, ""old"": 16.64}, ""Google"": {""change_pct"": 10.29, ""new"": 34.26, ""old"": 23.97}}}",google_source_pct,Increase,38.03,Win,0.913,Budget moved from Facebook to Google for better intent quality.
EXP1273,P027,Makeup,Lipstick,Mamaearth,Paid to Organic Shift,2025-09-03,2025-09-26,"{""acquisition_mix"": {""Google"": {""change_pct"": -4.0, ""new"": 21.12, ""old"": 25.12}, ""Instagram"": {""change_pct"": -4.0, ""new"": 27.02, ""old"": 31.02}, ""Organic"": {""change_pct"": 8.0, ""new"": 27.39, ""old"": 19.39}}, ""marketing_spend"": {""change_pct"": -21.01, ""new"": 4710.32, ""old"": 5962.84}}",organic_source_pct,Increase,48.83,Win,0.897,Paid dependency reduced while organic share is lifted.
EXP1274,P099,Makeup,Lipstick,The Derma Co,Acquisition Mix Optimization,2025-04-29,2025-05-06,"{""acquisition_mix"": {""Facebook"": {""change_pct"": -3.0, ""new"": 8.9, ""old"": 11.9}, ""Google"": {""change_pct"": 3.0, ""new"": 29.3, ""old"": 26.3}, ""Organic"": {""change_pct"": 2.0, ""new"": 14.11, ""old"": 12.11}, ""Referral"": {""change_pct"": -2.0, ""new"": 3.34, ""old"": 5.34}}}",conversion_rate,Increase,-1.92,Inconclusive,0.58,Acquisition mix optimized toward higher-converting sources.
EXP1275,P039,Makeup,Lipstick,The Derma Co,Premium Pricing Strategy,2025-02-22,2025-03-14,"{""avg_selling_price"": {""change_pct"": 13.27, ""new"": 758.88, ""old"": 670.0}, ""discount_pct"": {""change_pct"": -20.42, ""new"": 15.96, ""old"": 20.06}}",profit,Increase,39.07,Win,0.923,Premium posture combines higher price with lower promotion depth.
EXP1276,P028,Skincare,Serum,Mamaearth,Aggressive Growth Strategy,2025-09-02,2025-09-13,"{""discount_pct"": {""change_pct"": 51.81, ""new"": 20.65, ""old"": 13.6}, ""marketing_spend"": {""change_pct"": 48.7, ""new"": 9488.17, ""old"": 6380.62}, ""shipping_fee"": {""change_pct"": -76.92, ""new"": 9.0, ""old"": 39.0}}",orders,Increase,64.95,Win,0.908,"Growth strategy combines paid reach, promotion, and reduced friction."
EXP1277,P048,Makeup,Lipstick,Mamaearth,Profit Optimization Strategy,2025-01-03,2025-01-09,"{""discount_pct"": {""change_pct"": -30.82, ""new"": 16.28, ""old"": 23.54}, ""marketing_spend"": {""change_pct"": -9.18, ""new"": 5212.73, ""old"": 5739.64}, ""sales_channel_mix"": {""Amazon"": {""change_pct"": -4.0, ""new"": 38.04, ""old"": 42.04}, ""MobileApp"": {""change_pct"": 3.0, ""new"": 7.88, ""old"": 4.88}, ""Nykaa"": {""change_pct"": -3.0, ""new"": 15.51, ""old"": 18.51}, ""Website"": {""change_pct"": 4.0, ""new"": 38.57, ""old"": 34.57}}}",profit,Increase,46.79,Win,0.92,Profit optimization trims inefficient spend and marketplace dependency.
EXP1278,P061,Skincare,Serum,Minimalist,Conversion Recovery Strategy,2025-08-18,2025-08-28,"{""campaign_mix"": {""Affiliate"": {""change_pct"": -2.89, ""new"": 3.0, ""old"": 5.89}, ""Email"": {""change_pct"": 2.89, ""new"": 30.53, ""old"": 27.64}, ""Search"": {""change_pct"": 3.0, ""new"": 42.67, ""old"": 39.67}, ""Social"": {""change_pct"": -3.0, ""new"": 23.8, ""old"": 26.8}}, ""discount_pct"": {""change_pct"": 64.58, ""new"": 16.95, ""old"": 10.3}, ""shipping_fee"": {""change_pct"": -28.99, ""new"": 49.0, ""old"": 69.0}}",conversion_rate,Increase,10.1,Win,0.654,Conversion recovery lowers checkout friction and raises intent messaging.
EXP1279,P056,Haircare,Shampoo,The Derma Co,Inventory Clearance Strategy,2025-12-21,2025-12-31,"{""avg_selling_price"": {""change_pct"": -9.38, ""new"": 344.37, ""old"": 380.0}, ""discount_pct"": {""change_pct"": 57.73, ""new"": 27.86, ""old"": 17.66}}",orders,Increase,60.09,Win,0.887,Clearance strategy accelerates sell-through using price and discount.
EXP1280,P077,Haircare,Shampoo,Mamaearth,D2C Growth Strategy,2025-08-30,2025-09-10,"{""marketing_spend"": {""change_pct"": 23.86, ""new"": 11534.68, ""old"": 9312.33}, ""sales_channel_mix"": {""Amazon"": {""change_pct"": -5.0, ""new"": 52.97, ""old"": 57.97}, ""MobileApp"": {""change_pct"": 4.62, ""new"": 17.18, ""old"": 12.56}, ""Nykaa"": {""change_pct"": -4.62, ""new"": 3.0, ""old"": 7.62}, ""Website"": {""change_pct"": 5.0, ""new"": 26.85, ""old"": 21.85}}}",website_sales_pct,Increase,17.68,Win,0.711,D2C growth moves share toward owned web and app channels.
EXP1281,P053,Haircare,Shampoo,Mamaearth,Price Increase,2025-06-16,2025-06-23,"{""avg_selling_price"": {""change_pct"": 12.78, ""new"": 620.29, ""old"": 550.0}}",profit,Increase,347.77,Win,0.909,Premium price test expects higher unit margin with some demand elasticity.
EXP1282,P080,Haircare,Shampoo,Mamaearth,Price Decrease,2025-12-12,2025-12-19,"{""avg_selling_price"": {""change_pct"": -13.54, ""new"": 492.82, ""old"": 570.0}}",orders,Increase,-6.44,Inconclusive,0.575,Lower price should improve demand and conversion.
EXP1283,P065,Haircare,Shampoo,The Derma Co,Discount Increase,2025-12-12,2025-12-18,"{""discount_pct"": {""change_pct"": 113.09, ""new"": 25.59, ""old"": 12.01}}",orders,Increase,18.03,Win,0.836,Higher discount should lift orders but may dilute margin.
EXP1284,P085,Skincare,Serum,The Derma Co,Discount Decrease,2025-10-16,2025-10-31,"{""discount_pct"": {""change_pct"": -45.61, ""new"": 10.12, ""old"": 18.61}}",profit,Increase,36.22,Win,0.923,Lower discount tests whether stronger margin offsets order loss.
EXP1285,P089,Haircare,Shampoo,Minimalist,Shipping Fee Increase,2025-01-30,2025-02-13,"{""shipping_fee"": {""change_pct"": 28.99, ""new"": 89.0, ""old"": 69.0}}",conversion_rate,Decrease,-9.06,Win,0.677,Higher shipping fee should create checkout friction.
EXP1286,P051,Makeup,Lipstick,Mamaearth,Shipping Fee Decrease,2025-06-30,2025-07-08,"{""shipping_fee"": {""change_pct"": -28.99, ""new"": 49.0, ""old"": 69.0}}",conversion_rate,Increase,-7.29,Loss,0.739,Reduced shipping fee should reduce checkout friction.
EXP1287,P029,Haircare,Shampoo,Minimalist,Free Shipping,2025-05-25,2025-06-12,"{""shipping_fee"": {""change_pct"": -100.0, ""new"": 0.0, ""old"": 69.0}}",conversion_rate,Increase,7.09,Win,0.638,Free shipping test should increase conversion and order volume.
EXP1288,P078,Makeup,Lipstick,Minimalist,Marketing Spend Increase,2025-09-21,2025-09-28,"{""marketing_spend"": {""change_pct"": 47.56, ""new"": 11434.68, ""old"": 7749.43}}",traffic,Increase,24.38,Win,0.817,Higher spend should increase traffic through paid reach and lagged adstock.
EXP1289,P028,Skincare,Serum,Mamaearth,Marketing Spend Decrease,2025-04-21,2025-04-27,"{""marketing_spend"": {""change_pct"": -34.62, ""new"": 3147.66, ""old"": 4814.65}}",current_roas,Increase,74.4,Win,0.922,Spend reduction tests whether inefficient paid traffic can be trimmed.
EXP1290,P011,Haircare,Shampoo,Mamaearth,Inventory Increase,2025-06-01,2025-06-09,"{""inventory_available"": {""change_pct"": 41.4, ""new"": 2522.58, ""old"": 1784.0}}",orders,Increase,14.94,Win,0.739,Higher stock availability should reduce sales capacity constraints.
EXP1291,P012,Makeup,Lipstick,The Derma Co,Inventory Reduction,2025-12-05,2025-12-17,"{""inventory_available"": {""change_pct"": -61.42, ""new"": 449.88, ""old"": 1166.0}}",revenue,Decrease,-15.8,Win,0.665,Lower inventory should cap orders and revenue.
EXP1292,P048,Makeup,Lipstick,Mamaearth,Amazon to Website Shift,2025-11-30,2025-12-09,"{""sales_channel_mix"": {""Amazon"": {""change_pct"": -14.17, ""new"": 24.61, ""old"": 38.78}, ""Website"": {""change_pct"": 14.17, ""new"": 48.09, ""old"": 33.92}}}",website_sales_pct,Increase,45.4,Win,0.945,Channel share shifted from marketplace to owned website.
EXP1293,P078,Makeup,Lipstick,Minimalist,Website to Amazon Shift,2025-06-20,2025-06-26,"{""sales_channel_mix"": {""Amazon"": {""change_pct"": 15.79, ""new"": 56.86, ""old"": 41.07}, ""Website"": {""change_pct"": -15.79, ""new"": 19.52, ""old"": 35.31}}}",amazon_sales_pct,Increase,42.58,Win,0.96,Channel share shifted toward Amazon for demand capture.
EXP1294,P055,Skincare,Serum,Mamaearth,Amazon to Mobile App Shift,2025-08-13,2025-08-25,"{""sales_channel_mix"": {""Amazon"": {""change_pct"": -11.49, ""new"": 28.0, ""old"": 39.49}, ""MobileApp"": {""change_pct"": 11.49, ""new"": 19.17, ""old"": 7.68}}}",mobile_app_sales_pct,Increase,204.26,Win,0.96,Marketplace users redirected toward app purchase journeys.
EXP1295,P049,Skincare,Serum,Mamaearth,Website to Mobile App Shift,2025-06-12,2025-06-19,"{""sales_channel_mix"": {""MobileApp"": {""change_pct"": 11.86, ""new"": 18.94, ""old"": 7.08}, ""Website"": {""change_pct"": -11.86, ""new"": 16.03, ""old"": 27.89}}}",mobile_app_sales_pct,Increase,163.09,Win,0.904,Owned web traffic nudged toward app conversion.
EXP1296,P098,Haircare,Shampoo,The Derma Co,Channel Mix Optimization,2025-08-13,2025-08-20,"{""sales_channel_mix"": {""Amazon"": {""change_pct"": -5.0, ""new"": 16.32, ""old"": 21.32}, ""MobileApp"": {""change_pct"": 4.0, ""new"": 27.81, ""old"": 23.81}, ""Nykaa"": {""change_pct"": -4.0, ""new"": 24.79, ""old"": 28.79}, ""Website"": {""change_pct"": 5.0, ""new"": 31.08, ""old"": 26.08}}}",current_roas,Increase,9.01,Win,0.67,Mix optimized toward higher-margin owned channels.
EXP1297,P031,Skincare,Serum,Mamaearth,Search Increase,2025-05-12,2025-05-19,"{""campaign_mix"": {""Search"": {""change_pct"": 9.42, ""new"": 51.3, ""old"": 41.88}, ""Social"": {""change_pct"": -9.42, ""new"": 27.3, ""old"": 36.72}}}",search_campaign_pct,Increase,19.08,Win,0.784,Search share increased for higher purchase intent.
EXP1298,P004,Skincare,Serum,The Derma Co,Social Increase,2025-03-29,2025-04-05,"{""campaign_mix"": {""Search"": {""change_pct"": -8.71, ""new"": 47.4, ""old"": 56.11}, ""Social"": {""change_pct"": 8.71, ""new"": 28.33, ""old"": 19.62}}}",social_campaign_pct,Increase,55.59,Win,0.87,Social share increased for discovery and mid-funnel reach.
EXP1299,P036,Makeup,Lipstick,The Derma Co,Email Increase,2025-09-24,2025-10-03,"{""campaign_mix"": {""Email"": {""change_pct"": 6.91, ""new"": 18.6, ""old"": 11.69}, ""Social"": {""change_pct"": -6.91, ""new"": 32.96, ""old"": 39.87}}}",retention_rate,Increase,-0.64,Loss,0.62,Email share increased to reactivate known buyers.
EXP1300,P048,Makeup,Lipstick,Mamaearth,Affiliate Increase,2025-04-08,2025-04-14,"{""campaign_mix"": {""Affiliate"": {""change_pct"": 9.58, ""new"": 30.57, ""old"": 20.99}, ""Search"": {""change_pct"": -9.58, ""new"": 16.2, ""old"": 25.78}}}",affiliate_campaign_pct,Increase,45.86,Win,0.886,Affiliate share increased for deal-led acquisition.
EXP1301,P085,Skincare,Serum,The Derma Co,Campaign Mix Optimization,2025-01-16,2025-01-25,"{""campaign_mix"": {""Search"": {""change_pct"": 4.0, ""new"": 45.55, ""old"": 41.55}, ""Social"": {""change_pct"": -4.0, ""new"": 31.5, ""old"": 35.5}}}",current_ctr,Increase,1.92,Inconclusive,0.617,Campaign mix optimized toward intent and lifecycle channels.
EXP1302,P058,Skincare,Serum,Mamaearth,Google to Instagram Shift,2025-02-17,2025-02-24,"{""acquisition_mix"": {""Google"": {""change_pct"": -7.5, ""new"": 21.87, ""old"": 29.37}, ""Instagram"": {""change_pct"": 7.5, ""new"": 38.26, ""old"": 30.76}}}",instagram_source_pct,Increase,20.64,Win,0.786,Acquisition shifted from search-led to creator and social discovery.
EXP1303,P020,Haircare,Shampoo,The Derma Co,Instagram to Google Shift,2025-08-29,2025-09-17,"{""acquisition_mix"": {""Google"": {""change_pct"": 9.46, ""new"": 44.59, ""old"": 35.13}, ""Instagram"": {""change_pct"": -9.46, ""new"": 13.35, ""old"": 22.81}}}",google_source_pct,Increase,27.39,Win,0.813,Acquisition shifted toward high-intent Google traffic.
EXP1304,P017,Haircare,Shampoo,The Derma Co,Facebook to Google Shift,2025-10-26,2025-11-21,"{""acquisition_mix"": {""Facebook"": {""change_pct"": -6.87, ""new"": 12.3, ""old"": 19.17}, ""Google"": {""change_pct"": 6.87, ""new"": 42.41, ""old"": 35.54}}}",google_source_pct,Increase,20.18,Win,0.798,Budget moved from Facebook to Google for better intent quality.
EXP1305,P028,Skincare,Serum,Mamaearth,Paid to Organic Shift,2025-07-23,2025-07-29,"{""acquisition_mix"": {""Google"": {""change_pct"": -4.0, ""new"": 44.73, ""old"": 48.73}, ""Instagram"": {""change_pct"": -4.0, ""new"": 12.77, ""old"": 16.77}, ""Organic"": {""change_pct"": 8.0, ""new"": 27.06, ""old"": 19.06}}, ""marketing_spend"": {""change_pct"": -27.18, ""new"": 5052.68, ""old"": 6938.17}}",organic_source_pct,Increase,45.1,Win,0.96,Paid dependency reduced while organic share is lifted.
EXP1306,P010,Skincare,Serum,Mamaearth,Acquisition Mix Optimization,2025-01-23,2025-02-06,"{""acquisition_mix"": {""Facebook"": {""change_pct"": -2.88, ""new"": 3.0, ""old"": 5.88}, ""Google"": {""change_pct"": 2.88, ""new"": 62.31, ""old"": 59.43}}}",conversion_rate,Increase,0.44,Inconclusive,0.569,Acquisition mix optimized toward higher-converting sources.
EXP1307,P057,Makeup,Lipstick,The Derma Co,Premium Pricing Strategy,2025-06-26,2025-07-10,"{""avg_selling_price"": {""change_pct"": 10.9, ""new"": 299.44, ""old"": 270.0}, ""discount_pct"": {""change_pct"": -22.78, ""new"": 11.1, ""old"": 14.38}}",profit,Increase,-26.95,Loss,0.817,Premium posture combines higher price with lower promotion depth.
EXP1308,P080,Haircare,Shampoo,Mamaearth,Aggressive Growth Strategy,2025-07-08,2025-07-14,"{""discount_pct"": {""change_pct"": 74.94, ""new"": 24.84, ""old"": 14.2}, ""marketing_spend"": {""change_pct"": 51.82, ""new"": 13888.95, ""old"": 9148.54}, ""shipping_fee"": {""change_pct"": -76.92, ""new"": 9.0, ""old"": 39.0}}",orders,Increase,43.05,Win,0.96,"Growth strategy combines paid reach, promotion, and reduced friction."
EXP1309,P021,Makeup,Lipstick,Minimalist,Profit Optimization Strategy,2025-10-26,2025-11-11,"{""discount_pct"": {""change_pct"": -35.86, ""new"": 12.74, ""old"": 19.86}, ""marketing_spend"": {""change_pct"": -9.54, ""new"": 6343.11, ""old"": 7012.14}, ""sales_channel_mix"": {""Amazon"": {""change_pct"": -4.0, ""new"": 30.3, ""old"": 34.3}, ""MobileApp"": {""change_pct"": 3.0, ""new"": 15.72, ""old"": 12.72}, ""Nykaa"": {""change_pct"": -3.0, ""new"": 3.69, ""old"": 6.69}, ""Website"": {""change_pct"": 4.0, ""new"": 50.29, ""old"": 46.29}}}",profit,Increase,-10.35,Loss,0.721,Profit optimization trims inefficient spend and marketplace dependency.
EXP1310,P030,Makeup,Lipstick,Mamaearth,Conversion Recovery Strategy,2025-10-24,2025-10-30,"{""campaign_mix"": {""Affiliate"": {""change_pct"": -3.0, ""new"": 5.12, ""old"": 8.12}, ""Email"": {""change_pct"": 3.0, ""new"": 27.89, ""old"": 24.89}, ""Search"": {""change_pct"": 3.0, ""new"": 26.54, ""old"": 23.54}, ""Social"": {""change_pct"": -3.0, ""new"": 40.45, ""old"": 43.45}}, ""discount_pct"": {""change_pct"": 26.53, ""new"": 24.63, ""old"": 19.47}, ""shipping_fee"": {""change_pct"": -76.92, ""new"": 9.0, ""old"": 39.0}}",conversion_rate,Increase,14.6,Win,0.725,Conversion recovery lowers checkout friction and raises intent messaging.
EXP1311,P078,Makeup,Lipstick,Minimalist,Inventory Clearance Strategy,2025-06-05,2025-06-11,"{""avg_selling_price"": {""change_pct"": -8.58, ""new"": 374.81, ""old"": 410.0}, ""discount_pct"": {""change_pct"": 101.28, ""new"": 32.17, ""old"": 15.98}}",orders,Increase,63.25,Win,0.934,Clearance strategy accelerates sell-through using price and discount.
EXP1312,P041,Haircare,Shampoo,Minimalist,D2C Growth Strategy,2025-06-15,2025-06-24,"{""marketing_spend"": {""change_pct"": 19.07, ""new"": 10541.6, ""old"": 8852.98}, ""sales_channel_mix"": {""Amazon"": {""change_pct"": -5.0, ""new"": 35.56, ""old"": 40.56}, ""MobileApp"": {""change_pct"": 5.0, ""new"": 14.26, ""old"": 9.26}, ""Nykaa"": {""change_pct"": -5.0, ""new"": 4.37, ""old"": 9.37}, ""Website"": {""change_pct"": 5.0, ""new"": 45.81, ""old"": 40.81}}}",website_sales_pct,Increase,1.55,Inconclusive,0.58,D2C growth moves share toward owned web and app channels.
EXP1313,P005,Haircare,Shampoo,Mamaearth,Price Increase,2025-01-16,2025-01-22,"{""avg_selling_price"": {""change_pct"": 13.94, ""new"": 546.91, ""old"": 480.0}}",profit,Increase,18.51,Win,0.785,Premium price test expects higher unit margin with some demand elasticity.
EXP1314,P082,Skincare,Serum,Mamaearth,Price Decrease,2025-05-02,2025-05-08,"{""avg_selling_price"": {""change_pct"": -12.94, ""new"": 426.58, ""old"": 490.0}}",orders,Increase,55.75,Win,0.889,Lower price should improve demand and conversion.
EXP1315,P066,Makeup,Lipstick,Mamaearth,Discount Increase,2025-08-26,2025-09-01,"{""discount_pct"": {""change_pct"": 46.75, ""new"": 32.09, ""old"": 21.87}}",orders,Increase,-12.41,Loss,0.675,Higher discount should lift orders but may dilute margin.
EXP1316,P095,Haircare,Shampoo,Mamaearth,Discount Decrease,2025-06-14,2025-07-11,"{""discount_pct"": {""change_pct"": -33.19, ""new"": 13.27, ""old"": 19.87}}",profit,Increase,-67.3,Loss,0.96,Lower discount tests whether stronger margin offsets order loss.
EXP1317,P023,Haircare,Shampoo,The Derma Co,Shipping Fee Increase,2025-06-26,2025-07-31,"{""shipping_fee"": {""change_pct"": 28.99, ""new"": 89.0, ""old"": 69.0}}",conversion_rate,Decrease,-5.74,Win,0.744,Higher shipping fee should create checkout friction.
EXP1318,P018,Makeup,Lipstick,Minimalist,Shipping Fee Decrease,2025-03-16,2025-03-24,"{""shipping_fee"": {""change_pct"": -40.82, ""new"": 29.0, ""old"": 49.0}}",conversion_rate,Increase,-7.03,Loss,0.685,Reduced shipping fee should reduce checkout friction.
EXP1319,P020,Haircare,Shampoo,The Derma Co,Free Shipping,2025-03-26,2025-04-02,"{""shipping_fee"": {""change_pct"": -100.0, ""new"": 0.0, ""old"": 49.0}}",conversion_rate,Increase,20.22,Win,0.855,Free shipping test should increase conversion and order volume.
EXP1320,P088,Skincare,Serum,Minimalist,Marketing Spend Increase,2025-08-06,2025-08-12,"{""marketing_spend"": {""change_pct"": 58.86, ""new"": 11240.33, ""old"": 7075.77}}",traffic,Increase,39.11,Win,0.96,Higher spend should increase traffic through paid reach and lagged adstock.
EXP1321,P035,Haircare,Shampoo,Minimalist,Marketing Spend Decrease,2025-08-20,2025-08-26,"{""marketing_spend"": {""change_pct"": -37.26, ""new"": 3830.91, ""old"": 6105.83}}",current_roas,Increase,45.84,Win,0.904,Spend reduction tests whether inefficient paid traffic can be trimmed.
EXP1322,P003,Makeup,Lipstick,Minimalist,Inventory Increase,2025-01-13,2025-01-24,"{""inventory_available"": {""change_pct"": 71.38, ""new"": 1425.92, ""old"": 832.0}}",orders,Increase,4.05,Inconclusive,0.603,Higher stock availability should reduce sales capacity constraints.
EXP1323,P014,Haircare,Shampoo,Minimalist,Inventory Reduction,2025-02-26,2025-03-05,"{""inventory_available"": {""change_pct"": -32.33, ""new"": 875.02, ""old"": 1293.0}}",revenue,Decrease,13.9,Loss,0.682,Lower inventory should cap orders and revenue.
EXP1324,P088,Skincare,Serum,Minimalist,Amazon to Website Shift,2025-06-27,2025-07-03,"{""sales_channel_mix"": {""Amazon"": {""change_pct"": -11.17, ""new"": 22.59, ""old"": 33.76}, ""Website"": {""change_pct"": 11.17, ""new"": 48.99, ""old"": 37.82}}}",website_sales_pct,Increase,32.32,Win,0.861,Channel share shifted from marketplace to owned website.
EXP1325,P062,Haircare,Shampoo,Minimalist,Website to Amazon Shift,2025-01-02,2025-01-09,"{""sales_channel_mix"": {""Amazon"": {""change_pct"": 14.56, ""new"": 43.93, ""old"": 29.37}, ""Website"": {""change_pct"": -14.56, ""new"": 18.71, ""old"": 33.27}}}",amazon_sales_pct,Increase,48.16,Win,0.934,Channel share shifted toward Amazon for demand capture.
EXP1326,P098,Haircare,Shampoo,The Derma Co,Amazon to Mobile App Shift,2025-11-12,2025-11-28,"{""sales_channel_mix"": {""Amazon"": {""change_pct"": -10.8, ""new"": 11.02, ""old"": 21.82}, ""MobileApp"": {""change_pct"": 10.8, ""new"": 34.6, ""old"": 23.8}}}",mobile_app_sales_pct,Increase,47.61,Win,0.882,Marketplace users redirected toward app purchase journeys.
EXP1327,P093,Makeup,Lipstick,Minimalist,Website to Mobile App Shift,2025-01-02,2025-01-08,"{""sales_channel_mix"": {""MobileApp"": {""change_pct"": 9.21, ""new"": 29.18, ""old"": 19.97}, ""Website"": {""change_pct"": -9.21, ""new"": 15.5, ""old"": 24.71}}}",mobile_app_sales_pct,Increase,45.9,Win,0.892,Owned web traffic nudged toward app conversion.
EXP1328,P022,Skincare,Serum,The Derma Co,Channel Mix Optimization,2025-09-18,2025-10-04,"{""sales_channel_mix"": {""Amazon"": {""change_pct"": -5.0, ""new"": 46.6, ""old"": 51.6}, ""MobileApp"": {""change_pct"": 4.0, ""new"": 13.59, ""old"": 9.59}, ""Nykaa"": {""change_pct"": -4.0, ""new"": 10.26, ""old"": 14.26}, ""Website"": {""change_pct"": 5.0, ""new"": 29.55, ""old"": 24.55}}}",current_roas,Increase,-0.6,Loss,0.636,Mix optimized toward higher-margin owned channels.
EXP1329,P037,Skincare,Serum,The Derma Co,Search Increase,2025-11-08,2025-11-20,"{""campaign_mix"": {""Search"": {""change_pct"": 8.28, ""new"": 45.08, ""old"": 36.8}, ""Social"": {""change_pct"": -8.28, ""new"": 22.43, ""old"": 30.71}}}",search_campaign_pct,Increase,23.58,Win,0.846,Search share increased for higher purchase intent.
EXP1330,P013,Skincare,Serum,Mamaearth,Social Increase,2025-11-03,2025-11-10,"{""campaign_mix"": {""Search"": {""change_pct"": -7.48, ""new"": 35.03, ""old"": 42.51}, ""Social"": {""change_pct"": 7.48, ""new"": 33.25, ""old"": 25.77}}}",social_campaign_pct,Increase,33.78,Win,0.889,Social share increased for discovery and mid-funnel reach.
EXP1331,P024,Makeup,Lipstick,The Derma Co,Email Increase,2025-12-18,2025-12-30,"{""campaign_mix"": {""Email"": {""change_pct"": 7.55, ""new"": 21.07, ""old"": 13.52}, ""Social"": {""change_pct"": -7.55, ""new"": 44.3, ""old"": 51.85}}}",retention_rate,Increase,-0.36,Inconclusive,0.59,Email share increased to reactivate known buyers.
EXP1332,P060,Makeup,Lipstick,The Derma Co,Affiliate Increase,2025-09-29,2025-10-05,"{""campaign_mix"": {""Affiliate"": {""change_pct"": 10.73, ""new"": 21.2, ""old"": 10.47}, ""Search"": {""change_pct"": -10.73, ""new"": 20.42, ""old"": 31.15}}}",affiliate_campaign_pct,Increase,111.4,Win,0.894,Affiliate share increased for deal-led acquisition.
EXP1333,P046,Skincare,Serum,Mamaearth,Campaign Mix Optimization,2025-02-11,2025-03-12,"{""campaign_mix"": {""Affiliate"": {""change_pct"": -3.0, ""new"": 4.99, ""old"": 7.99}, ""Email"": {""change_pct"": 3.0, ""new"": 29.03, ""old"": 26.03}, ""Search"": {""change_pct"": 4.0, ""new"": 37.28, ""old"": 33.28}, ""Social"": {""change_pct"": -4.0, ""new"": 28.7, ""old"": 32.7}}}",current_ctr,Increase,0.11,Inconclusive,0.6,Campaign mix optimized toward intent and lifecycle channels.
EXP1334,P026,Haircare,Shampoo,The Derma Co,Google to Instagram Shift,2025-03-19,2025-03-27,"{""acquisition_mix"": {""Google"": {""change_pct"": -11.32, ""new"": 38.78, ""old"": 50.1}, ""Instagram"": {""change_pct"": 11.32, ""new"": 29.87, ""old"": 18.55}}}",instagram_source_pct,Increase,61.83,Win,0.92,Acquisition shifted from search-led to creator and social discovery.
EXP1335,P028,Skincare,Serum,Mamaearth,Instagram to Google Shift,2025-06-18,2025-06-24,"{""acquisition_mix"": {""Google"": {""change_pct"": 6.72, ""new"": 56.79, ""old"": 50.07}, ""Instagram"": {""change_pct"": -6.72, ""new"": 9.35, ""old"": 16.07}}}",google_source_pct,Increase,14.64,Win,0.75,Acquisition shifted toward high-intent Google traffic.
EXP1336,P085,Skincare,Serum,The Derma Co,Facebook to Google Shift,2025-12-17,2025-12-26,"{""acquisition_mix"": {""Facebook"": {""change_pct"": -4.51, ""new"": 3.0, ""old"": 7.51}, ""Google"": {""change_pct"": 4.51, ""new"": 46.06, ""old"": 41.55}}}",google_source_pct,Increase,9.61,Win,0.667,Budget moved from Facebook to Google for better intent quality.
EXP1337,P002,Haircare,Shampoo,The Derma Co,Paid to Organic Shift,2025-01-01,2025-01-07,"{""acquisition_mix"": {""Google"": {""change_pct"": -4.0, ""new"": 25.71, ""old"": 29.71}, ""Instagram"": {""change_pct"": -4.0, ""new"": 25.64, ""old"": 29.64}, ""Organic"": {""change_pct"": 8.0, ""new"": 21.82, ""old"": 13.82}}, ""marketing_spend"": {""change_pct"": -19.67, ""new"": 4163.99, ""old"": 5183.49}}",organic_source_pct,Increase,48.57,Win,0.96,Paid dependency reduced while organic share is lifted.
EXP1338,P041,Haircare,Shampoo,Minimalist,Acquisition Mix Optimization,2025-11-02,2025-11-09,"{""acquisition_mix"": {""Facebook"": {""change_pct"": -3.0, ""new"": 10.84, ""old"": 13.84}, ""Google"": {""change_pct"": 3.0, ""new"": 34.04, ""old"": 31.04}}}",conversion_rate,Increase,2.77,Inconclusive,0.612,Acquisition mix optimized toward higher-converting sources.
EXP1339,P064,Skincare,Serum,Mamaearth,Premium Pricing Strategy,2025-12-04,2025-12-15,"{""avg_selling_price"": {""change_pct"": 14.94, ""new"": 678.16, ""old"": 590.0}, ""discount_pct"": {""change_pct"": -27.81, ""new"": 12.88, ""old"": 17.84}}",profit,Increase,161.18,Win,0.919,Premium posture combines higher price with lower promotion depth.
EXP1340,P095,Haircare,Shampoo,Mamaearth,Aggressive Growth Strategy,2025-04-18,2025-04-30,"{""discount_pct"": {""change_pct"": 41.31, ""new"": 27.16, ""old"": 19.22}, ""marketing_spend"": {""change_pct"": 56.38, ""new"": 7024.13, ""old"": 4491.76}, ""shipping_fee"": {""change_pct"": -51.28, ""new"": 19.0, ""old"": 39.0}}",orders,Increase,45.31,Win,0.9,"Growth strategy combines paid reach, promotion, and reduced friction."
EXP1341,P071,Haircare,Shampoo,The Derma Co,Profit Optimization Strategy,2025-06-27,2025-07-16,"{""discount_pct"": {""change_pct"": -27.04, ""new"": 12.27, ""old"": 16.82}, ""marketing_spend"": {""change_pct"": -16.19, ""new"": 5201.25, ""old"": 6206.04}, ""sales_channel_mix"": {""Amazon"": {""change_pct"": -4.0, ""new"": 22.25, ""old"": 26.25}, ""MobileApp"": {""change_pct"": 3.0, ""new"": 22.69, ""old"": 19.69}, ""Nykaa"": {""change_pct"": -3.0, ""new"": 28.6, ""old"": 31.6}, ""Website"": {""change_pct"": 4.0, ""new"": 26.46, ""old"": 22.46}}}",profit,Increase,52.38,Win,0.96,Profit optimization trims inefficient spend and marketplace dependency.
EXP1342,P047,Haircare,Shampoo,The Derma Co,Conversion Recovery Strategy,2025-05-15,2025-06-04,"{""campaign_mix"": {""Affiliate"": {""change_pct"": -3.0, ""new"": 15.84, ""old"": 18.84}, ""Email"": {""change_pct"": 3.0, ""new"": 16.87, ""old"": 13.87}, ""Search"": {""change_pct"": 3.0, ""new"": 44.63, ""old"": 41.63}, ""Social"": {""change_pct"": -3.0, ""new"": 22.66, ""old"": 25.66}}, ""discount_pct"": {""change_pct"": 20.18, ""new"": 20.73, ""old"": 17.25}, ""shipping_fee"": {""change_pct"": -100.0, ""new"": 0.0, ""old"": 39.0}}",conversion_rate,Increase,5.59,Win,0.63,Conversion recovery lowers checkout friction and raises intent messaging.
EXP1343,P033,Makeup,Lipstick,Mamaearth,Inventory Clearance Strategy,2025-12-17,2025-12-27,"{""avg_selling_price"": {""change_pct"": -5.87, ""new"": 320.03, ""old"": 340.0}, ""discount_pct"": {""change_pct"": 62.05, ""new"": 33.17, ""old"": 20.47}}",orders,Increase,51.55,Win,0.96,Clearance strategy accelerates sell-through using price and discount.
EXP1344,P042,Makeup,Lipstick,Mamaearth,D2C Growth Strategy,2025-10-01,2025-10-07,"{""marketing_spend"": {""change_pct"": 30.32, ""new"": 10543.66, ""old"": 8090.9}, ""sales_channel_mix"": {""Amazon"": {""change_pct"": -5.0, ""new"": 50.04, ""old"": 55.04}, ""MobileApp"": {""change_pct"": 5.0, ""new"": 17.19, ""old"": 12.19}, ""Nykaa"": {""change_pct"": -5.0, ""new"": 15.03, ""old"": 20.03}, ""Website"": {""change_pct"": 5.0, ""new"": 17.74, ""old"": 12.74}}}",website_sales_pct,Increase,51.89,Win,0.883,D2C growth moves share toward owned web and app channels.
EXP1345,P037,Skincare,Serum,The Derma Co,Price Increase,2025-07-11,2025-07-17,"{""avg_selling_price"": {""change_pct"": 13.65, ""new"": 647.83, ""old"": 570.0}}",profit,Increase,31.01,Win,0.96,Premium price test expects higher unit margin with some demand elasticity.
EXP1346,P048,Makeup,Lipstick,Mamaearth,Price Decrease,2025-12-23,2025-12-31,"{""avg_selling_price"": {""change_pct"": -12.69, ""new"": 663.57, ""old"": 760.0}}",orders,Increase,112.87,Win,0.873,Lower price should improve demand and conversion.
EXP1347,P056,Haircare,Shampoo,The Derma Co,Discount Increase,2025-03-12,2025-03-24,"{""discount_pct"": {""change_pct"": 47.23, ""new"": 37.16, ""old"": 25.24}}",orders,Increase,68.27,Win,0.836,Higher discount should lift orders but may dilute margin.
EXP1348,P014,Haircare,Shampoo,Minimalist,Discount Decrease,2025-11-22,2025-11-30,"{""discount_pct"": {""change_pct"": -30.04, ""new"": 13.21, ""old"": 18.88}}",profit,Increase,13.73,Win,0.691,Lower discount tests whether stronger margin offsets order loss.
EXP1349,P016,Skincare,Serum,Mamaearth,Shipping Fee Increase,2025-05-06,2025-05-20,"{""shipping_fee"": {""change_pct"": 43.48, ""new"": 99.0, ""old"": 69.0}}",conversion_rate,Decrease,-1.32,Inconclusive,0.566,Higher shipping fee should create checkout friction.
EXP1350,P074,Haircare,Shampoo,Minimalist,Shipping Fee Decrease,2025-01-17,2025-01-25,"{""shipping_fee"": {""change_pct"": -61.22, ""new"": 19.0, ""old"": 49.0}}",conversion_rate,Increase,1.79,Win,0.685,Reduced shipping fee should reduce checkout friction.
EXP1351,P023,Haircare,Shampoo,The Derma Co,Free Shipping,2025-11-07,2025-11-29,"{""shipping_fee"": {""change_pct"": -100.0, ""new"": 0.0, ""old"": 69.0}}",conversion_rate,Increase,20.94,Win,0.835,Free shipping test should increase conversion and order volume.
EXP1352,P081,Makeup,Lipstick,The Derma Co,Marketing Spend Increase,2025-04-05,2025-04-15,"{""marketing_spend"": {""change_pct"": 59.23, ""new"": 9674.78, ""old"": 6076.08}}",traffic,Increase,29.14,Win,0.833,Higher spend should increase traffic through paid reach and lagged adstock.
EXP1353,P002,Haircare,Shampoo,The Derma Co,Marketing Spend Decrease,2025-01-24,2025-02-01,"{""marketing_spend"": {""change_pct"": -26.15, ""new"": 4019.2, ""old"": 5442.51}}",current_roas,Increase,22.13,Win,0.754,Spend reduction tests whether inefficient paid traffic can be trimmed.
EXP1354,P029,Haircare,Shampoo,Minimalist,Inventory Increase,2025-02-12,2025-02-24,"{""inventory_available"": {""change_pct"": 50.25, ""new"": 985.64, ""old"": 656.0}}",orders,Increase,-12.32,Loss,0.639,Higher stock availability should reduce sales capacity constraints.
EXP1355,P059,Haircare,Shampoo,Mamaearth,Inventory Reduction,2025-11-05,2025-11-12,"{""inventory_available"": {""change_pct"": -55.29, ""new"": 667.02, ""old"": 1492.0}}",revenue,Decrease,-32.41,Win,0.934,Lower inventory should cap orders and revenue.
EXP1356,P051,Makeup,Lipstick,Mamaearth,Amazon to Website Shift,2025-07-19,2025-07-28,"{""sales_channel_mix"": {""Amazon"": {""change_pct"": -13.04, ""new"": 15.6, ""old"": 28.64}, ""Website"": {""change_pct"": 13.04, ""new"": 40.66, ""old"": 27.62}}}",website_sales_pct,Increase,39.81,Win,0.955,Channel share shifted from marketplace to owned website.
EXP1357,P085,Skincare,Serum,The Derma Co,Website to Amazon Shift,2025-04-28,2025-05-10,"{""sales_channel_mix"": {""Amazon"": {""change_pct"": 10.98, ""new"": 42.33, ""old"": 31.35}, ""Website"": {""change_pct"": -10.98, ""new"": 15.11, ""old"": 26.09}}}",amazon_sales_pct,Increase,29.96,Win,0.863,Channel share shifted toward Amazon for demand capture.
EXP1358,P068,Haircare,Shampoo,Mamaearth,Amazon to Mobile App Shift,2025-09-15,2025-09-24,"{""sales_channel_mix"": {""Amazon"": {""change_pct"": -8.09, ""new"": 26.68, ""old"": 34.77}, ""MobileApp"": {""change_pct"": 8.09, ""new"": 24.87, ""old"": 16.78}}}",mobile_app_sales_pct,Increase,49.73,Win,0.96,Marketplace users redirected toward app purchase journeys.
EXP1359,P048,Makeup,Lipstick,Mamaearth,Website to Mobile App Shift,2025-03-19,2025-03-26,"{""sales_channel_mix"": {""MobileApp"": {""change_pct"": 12.15, ""new"": 17.65, ""old"": 5.5}, ""Website"": {""change_pct"": -12.15, ""new"": 21.68, ""old"": 33.83}}}",mobile_app_sales_pct,Increase,231.77,Win,0.895,Owned web traffic nudged toward app conversion.
EXP1360,P039,Makeup,Lipstick,The Derma Co,Channel Mix Optimization,2025-11-23,2025-12-10,"{""sales_channel_mix"": {""Amazon"": {""change_pct"": -5.0, ""new"": 23.94, ""old"": 28.94}, ""MobileApp"": {""change_pct"": 4.0, ""new"": 14.83, ""old"": 10.83}, ""Nykaa"": {""change_pct"": -4.0, ""new"": 24.03, ""old"": 28.03}, ""Website"": {""change_pct"": 5.0, ""new"": 37.2, ""old"": 32.2}}}",current_roas,Increase,-8.79,Loss,0.623,Mix optimized toward higher-margin owned channels.
EXP1361,P023,Haircare,Shampoo,The Derma Co,Search Increase,2025-03-31,2025-04-10,"{""campaign_mix"": {""Search"": {""change_pct"": 10.68, ""new"": 48.3, ""old"": 37.62}, ""Social"": {""change_pct"": -10.68, ""new"": 16.88, ""old"": 27.56}}}",search_campaign_pct,Increase,25.86,Win,0.83,Search share increased for higher purchase intent.
EXP1362,P069,Makeup,Lipstick,Minimalist,Social Increase,2025-10-14,2025-10-23,"{""campaign_mix"": {""Search"": {""change_pct"": -7.17, ""new"": 31.03, ""old"": 38.2}, ""Social"": {""change_pct"": 7.17, ""new"": 52.01, ""old"": 44.84}}}",social_campaign_pct,Increase,10.69,Win,0.696,Social share increased for discovery and mid-funnel reach.
EXP1363,P083,Haircare,Shampoo,Minimalist,Email Increase,2025-07-15,2025-07-22,"{""campaign_mix"": {""Email"": {""change_pct"": 9.54, ""new"": 58.46, ""old"": 48.92}, ""Social"": {""change_pct"": -9.54, ""new"": 3.0, ""old"": 12.54}}}",retention_rate,Increase,1.82,Inconclusive,0.589,Email share increased to reactivate known buyers.
EXP1364,P093,Makeup,Lipstick,Minimalist,Affiliate Increase,2025-07-22,2025-07-28,"{""campaign_mix"": {""Affiliate"": {""change_pct"": 7.53, ""new"": 24.02, ""old"": 16.49}, ""Search"": {""change_pct"": -7.53, ""new"": 10.85, ""old"": 18.38}}}",affiliate_campaign_pct,Increase,44.61,Win,0.96,Affiliate share increased for deal-led acquisition.
EXP1365,P076,Skincare,Serum,Minimalist,Campaign Mix Optimization,2025-11-26,2025-12-03,"{""campaign_mix"": {""Affiliate"": {""change_pct"": -3.0, ""new"": 5.64, ""old"": 8.64}, ""Email"": {""change_pct"": 3.0, ""new"": 27.96, ""old"": 24.96}, ""Search"": {""change_pct"": 4.0, ""new"": 45.11, ""old"": 41.11}, ""Social"": {""change_pct"": -4.0, ""new"": 21.29, ""old"": 25.29}}}",current_ctr,Increase,2.12,Win,0.634,Campaign mix optimized toward intent and lifecycle channels.
EXP1366,P051,Makeup,Lipstick,Mamaearth,Google to Instagram Shift,2025-01-01,2025-01-10,"{""acquisition_mix"": {""Google"": {""change_pct"": -6.71, ""new"": 25.11, ""old"": 31.82}, ""Instagram"": {""change_pct"": 6.71, ""new"": 41.2, ""old"": 34.49}}}",instagram_source_pct,Increase,20.03,Win,0.807,Acquisition shifted from search-led to creator and social discovery.
EXP1367,P081,Makeup,Lipstick,The Derma Co,Instagram to Google Shift,2025-08-01,2025-08-07,"{""acquisition_mix"": {""Google"": {""change_pct"": 12.61, ""new"": 43.06, ""old"": 30.45}, ""Instagram"": {""change_pct"": -12.61, ""new"": 9.61, ""old"": 22.22}}}",google_source_pct,Increase,41.81,Win,0.959,Acquisition shifted toward high-intent Google traffic.
EXP1368,P067,Skincare,Serum,Minimalist,Facebook to Google Shift,2025-12-23,2025-12-29,"{""acquisition_mix"": {""Facebook"": {""change_pct"": -1.35, ""new"": 3.0, ""old"": 4.35}, ""Google"": {""change_pct"": 1.35, ""new"": 67.54, ""old"": 66.19}}}",google_source_pct,Increase,2.36,Inconclusive,0.563,Budget moved from Facebook to Google for better intent quality.
EXP1369,P069,Makeup,Lipstick,Minimalist,Paid to Organic Shift,2025-06-27,2025-07-06,"{""acquisition_mix"": {""Google"": {""change_pct"": -4.0, ""new"": 25.9, ""old"": 29.9}, ""Instagram"": {""change_pct"": -4.0, ""new"": 28.17, ""old"": 32.17}, ""Organic"": {""change_pct"": 8.0, ""new"": 23.3, ""old"": 15.3}}, ""marketing_spend"": {""change_pct"": -15.6, ""new"": 4294.87, ""old"": 5088.59}}",organic_source_pct,Increase,52.5,Win,0.96,Paid dependency reduced while organic share is lifted.
EXP1370,P035,Haircare,Shampoo,Minimalist,Acquisition Mix Optimization,2025-09-05,2025-09-14,"{""acquisition_mix"": {""Facebook"": {""change_pct"": -3.0, ""new"": 7.9, ""old"": 10.9}, ""Google"": {""change_pct"": 3.0, ""new"": 47.25, ""old"": 44.25}, ""Organic"": {""change_pct"": 2.0, ""new"": 12.63, ""old"": 10.63}, ""Referral"": {""change_pct"": -2.0, ""new"": 4.38, ""old"": 6.38}}}",conversion_rate,Increase,-3.46,Loss,0.733,Acquisition mix optimized toward higher-converting sources.
EXP1371,P024,Makeup,Lipstick,The Derma Co,Premium Pricing Strategy,2025-12-08,2025-12-14,"{""avg_selling_price"": {""change_pct"": 15.07, ""new"": 333.71, ""old"": 290.0}, ""discount_pct"": {""change_pct"": -61.38, ""new"": 4.91, ""old"": 12.72}}",profit,Increase,-5.05,Inconclusive,0.56,Premium posture combines higher price with lower promotion depth.
EXP1372,P004,Skincare,Serum,The Derma Co,Aggressive Growth Strategy,2025-08-30,2025-09-05,"{""discount_pct"": {""change_pct"": 63.52, ""new"": 28.49, ""old"": 17.42}, ""marketing_spend"": {""change_pct"": 46.82, ""new"": 9267.07, ""old"": 6312.01}, ""shipping_fee"": {""change_pct"": -40.82, ""new"": 29.0, ""old"": 49.0}}",orders,Increase,30.04,Win,0.848,"Growth strategy combines paid reach, promotion, and reduced friction."
EXP1373,P085,Skincare,Serum,The Derma Co,Profit Optimization Strategy,2025-06-12,2025-06-26,"{""discount_pct"": {""change_pct"": -30.55, ""new"": 9.92, ""old"": 14.28}, ""marketing_spend"": {""change_pct"": -13.76, ""new"": 5437.16, ""old"": 6304.45}, ""sales_channel_mix"": {""Amazon"": {""change_pct"": -4.0, ""new"": 27.29, ""old"": 31.29}, ""MobileApp"": {""change_pct"": 3.0, ""new"": 24.06, ""old"": 21.06}, ""Nykaa"": {""change_pct"": -3.0, ""new"": 17.96, ""old"": 20.96}, ""Website"": {""change_pct"": 4.0, ""new"": 30.69, ""old"": 26.69}}}",profit,Increase,-15.33,Loss,0.704,Profit optimization trims inefficient spend and marketplace dependency.
EXP1374,P053,Haircare,Shampoo,Mamaearth,Conversion Recovery Strategy,2025-12-24,2025-12-30,"{""campaign_mix"": {""Affiliate"": {""change_pct"": -3.0, ""new"": 5.95, ""old"": 8.95}, ""Email"": {""change_pct"": 3.0, ""new"": 15.62, ""old"": 12.62}, ""Search"": {""change_pct"": 3.0, ""new"": 50.3, ""old"": 47.3}, ""Social"": {""change_pct"": -3.0, ""new"": 28.13, ""old"": 31.13}}, ""discount_pct"": {""change_pct"": 17.71, ""new"": 26.06, ""old"": 22.14}, ""shipping_fee"": {""change_pct"": -50.85, ""new"": 29.0, ""old"": 59.0}}",conversion_rate,Increase,7.08,Win,0.62,Conversion recovery lowers checkout friction and raises intent messaging.
EXP1375,P054,Makeup,Lipstick,Minimalist,Inventory Clearance Strategy,2025-06-13,2025-06-20,"{""avg_selling_price"": {""change_pct"": -4.17, ""new"": 785.81, ""old"": 820.0}, ""discount_pct"": {""change_pct"": 89.53, ""new"": 37.05, ""old"": 19.55}}",orders,Increase,52.26,Win,0.96,Clearance strategy accelerates sell-through using price and discount.
EXP1376,P039,Makeup,Lipstick,The Derma Co,D2C Growth Strategy,2025-10-24,2025-11-01,"{""marketing_spend"": {""change_pct"": 22.39, ""new"": 21342.38, ""old"": 17437.72}, ""sales_channel_mix"": {""Amazon"": {""change_pct"": -5.0, ""new"": 22.67, ""old"": 27.67}, ""MobileApp"": {""change_pct"": 5.0, ""new"": 16.01, ""old"": 11.01}, ""Nykaa"": {""change_pct"": -5.0, ""new"": 22.02, ""old"": 27.02}, ""Website"": {""change_pct"": 5.0, ""new"": 39.3, ""old"": 34.3}}}",website_sales_pct,Increase,13.72,Win,0.697,D2C growth moves share toward owned web and app channels.
EXP1377,P012,Makeup,Lipstick,The Derma Co,Price Increase,2025-08-08,2025-08-15,"{""avg_selling_price"": {""change_pct"": 10.53, ""new"": 1016.9, ""old"": 920.0}}",profit,Increase,67.85,Win,0.96,Premium price test expects higher unit margin with some demand elasticity.
EXP1378,P067,Skincare,Serum,Minimalist,Price Decrease,2025-11-15,2025-11-22,"{""avg_selling_price"": {""change_pct"": -12.01, ""new"": 818.27, ""old"": 930.0}}",orders,Increase,27.73,Win,0.895,Lower price should improve demand and conversion.
EXP1379,P059,Haircare,Shampoo,Mamaearth,Discount Increase,2025-02-15,2025-02-25,"{""discount_pct"": {""change_pct"": 93.11, ""new"": 25.2, ""old"": 13.05}}",orders,Increase,30.66,Win,0.833,Higher discount should lift orders but may dilute margin.
EXP1380,P022,Skincare,Serum,The Derma Co,Discount Decrease,2025-07-27,2025-08-14,"{""discount_pct"": {""change_pct"": -35.15, ""new"": 9.34, ""old"": 14.4}}",profit,Increase,12.14,Win,0.701,Lower discount tests whether stronger margin offsets order loss.
EXP1381,P020,Haircare,Shampoo,The Derma Co,Shipping Fee Increase,2025-04-05,2025-04-28,"{""shipping_fee"": {""change_pct"": 81.63, ""new"": 89.0, ""old"": 49.0}}",conversion_rate,Decrease,-6.56,Inconclusive,0.602,Higher shipping fee should create checkout friction.
EXP1382,P049,Skincare,Serum,Mamaearth,Shipping Fee Decrease,2025-10-13,2025-10-20,"{""shipping_fee"": {""change_pct"": -57.97, ""new"": 29.0, ""old"": 69.0}}",conversion_rate,Increase,21.18,Win,0.801,Reduced shipping fee should reduce checkout friction.
EXP1383,P035,Haircare,Shampoo,Minimalist,Free Shipping,2025-10-13,2025-10-19,"{""shipping_fee"": {""change_pct"": -100.0, ""new"": 0.0, ""old"": 39.0}}",conversion_rate,Increase,12.44,Win,0.811,Free shipping test should increase conversion and order volume.
EXP1384,P031,Skincare,Serum,Mamaearth,Marketing Spend Increase,2025-12-18,2025-12-26,"{""marketing_spend"": {""change_pct"": 48.63, ""new"": 12259.41, ""old"": 8248.48}}",traffic,Increase,16.87,Win,0.797,Higher spend should increase traffic through paid reach and lagged adstock.
EXP1385,P047,Haircare,Shampoo,The Derma Co,Marketing Spend Decrease,2025-09-11,2025-09-22,"{""marketing_spend"": {""change_pct"": -29.68, ""new"": 5089.53, ""old"": 7237.57}}",current_roas,Increase,27.27,Win,0.909,Spend reduction tests whether inefficient paid traffic can be trimmed.
EXP1386,P037,Skincare,Serum,The Derma Co,Inventory Increase,2025-10-12,2025-10-24,"{""inventory_available"": {""change_pct"": 47.0, ""new"": 2046.18, ""old"": 1392.0}}",orders,Increase,80.94,Win,0.96,Higher stock availability should reduce sales capacity constraints.
EXP1387,P089,Haircare,Shampoo,Minimalist,Inventory Reduction,2025-05-14,2025-05-25,"{""inventory_available"": {""change_pct"": -52.1, ""new"": 715.19, ""old"": 1493.0}}",revenue,Decrease,-15.28,Win,0.717,Lower inventory should cap orders and revenue.
EXP1388,P033,Makeup,Lipstick,Mamaearth,Amazon to Website Shift,2025-01-05,2025-01-12,"{""sales_channel_mix"": {""Amazon"": {""change_pct"": -9.18, ""new"": 29.29, ""old"": 38.47}, ""Website"": {""change_pct"": 9.18, ""new"": 38.38, ""old"": 29.2}}}",website_sales_pct,Increase,24.65,Win,0.838,Channel share shifted from marketplace to owned website.
EXP1389,P054,Makeup,Lipstick,Minimalist,Website to Amazon Shift,2025-08-14,2025-08-20,"{""sales_channel_mix"": {""Amazon"": {""change_pct"": 15.46, ""new"": 43.08, ""old"": 27.62}, ""Website"": {""change_pct"": -15.46, ""new"": 29.36, ""old"": 44.82}}}",amazon_sales_pct,Increase,39.94,Win,0.872,Channel share shifted toward Amazon for demand capture.
EXP1390,P026,Haircare,Shampoo,The Derma Co,Amazon to Mobile App Shift,2025-12-11,2025-12-19,"{""sales_channel_mix"": {""Amazon"": {""change_pct"": -8.83, ""new"": 27.78, ""old"": 36.61}, ""MobileApp"": {""change_pct"": 8.83, ""new"": 21.71, ""old"": 12.88}}}",mobile_app_sales_pct,Increase,62.47,Win,0.96,Marketplace users redirected toward app purchase journeys.
EXP1391,P031,Skincare,Serum,Mamaearth,Website to Mobile App Shift,2025-05-04,2025-05-10,"{""sales_channel_mix"": {""MobileApp"": {""change_pct"": 8.01, ""new"": 25.77, ""old"": 17.76}, ""Website"": {""change_pct"": -8.01, ""new"": 15.35, ""old"": 23.36}}}",mobile_app_sales_pct,Increase,51.71,Win,0.96,Owned web traffic nudged toward app conversion.
EXP1392,P005,Haircare,Shampoo,Mamaearth,Channel Mix Optimization,2025-06-22,2025-06-29,"{""sales_channel_mix"": {""Amazon"": {""change_pct"": -5.0, ""new"": 27.17, ""old"": 32.17}, ""MobileApp"": {""change_pct"": 4.0, ""new"": 18.06, ""old"": 14.06}, ""Nykaa"": {""change_pct"": -4.0, ""new"": 8.04, ""old"": 12.04}, ""Website"": {""change_pct"": 5.0, ""new"": 46.73, ""old"": 41.73}}}",current_roas,Increase,-5.77,Loss,0.683,Mix optimized toward higher-margin owned channels.
EXP1393,P019,Skincare,Serum,Mamaearth,Search Increase,2025-02-24,2025-03-02,"{""campaign_mix"": {""Search"": {""change_pct"": 10.27, ""new"": 46.08, ""old"": 35.81}, ""Social"": {""change_pct"": -10.27, ""new"": 14.74, ""old"": 25.01}}}",search_campaign_pct,Increase,15.66,Win,0.697,Search share increased for higher purchase intent.
EXP1394,P007,Skincare,Serum,Minimalist,Social Increase,2025-07-11,2025-07-17,"{""campaign_mix"": {""Search"": {""change_pct"": -10.09, ""new"": 36.01, ""old"": 46.1}, ""Social"": {""change_pct"": 10.09, ""new"": 33.26, ""old"": 23.17}}}",social_campaign_pct,Increase,37.33,Win,0.96,Social share increased for discovery and mid-funnel reach.
EXP1395,P062,Haircare,Shampoo,Minimalist,Email Increase,2025-10-23,2025-10-29,"{""campaign_mix"": {""Email"": {""change_pct"": 8.35, ""new"": 36.46, ""old"": 28.11}, ""Social"": {""change_pct"": -8.35, ""new"": 18.75, ""old"": 27.1}}}",retention_rate,Increase,1.54,Win,0.635,Email share increased to reactivate known buyers.
EXP1396,P064,Skincare,Serum,Mamaearth,Affiliate Increase,2025-03-06,2025-03-12,"{""campaign_mix"": {""Affiliate"": {""change_pct"": 8.48, ""new"": 19.82, ""old"": 11.34}, ""Search"": {""change_pct"": -8.48, ""new"": 38.99, ""old"": 47.47}}}",affiliate_campaign_pct,Increase,69.55,Win,0.96,Affiliate share increased for deal-led acquisition.
EXP1397,P050,Haircare,Shampoo,Minimalist,Campaign Mix Optimization,2025-04-18,2025-04-30,"{""campaign_mix"": {""Affiliate"": {""change_pct"": -3.0, ""new"": 20.56, ""old"": 23.56}, ""Email"": {""change_pct"": 3.0, ""new"": 19.21, ""old"": 16.21}, ""Search"": {""change_pct"": 4.0, ""new"": 40.17, ""old"": 36.17}, ""Social"": {""change_pct"": -4.0, ""new"": 20.06, ""old"": 24.06}}}",current_ctr,Increase,-0.42,Inconclusive,0.589,Campaign mix optimized toward intent and lifecycle channels.
EXP1398,P098,Haircare,Shampoo,The Derma Co,Google to Instagram Shift,2025-06-24,2025-07-07,"{""acquisition_mix"": {""Google"": {""change_pct"": -11.41, ""new"": 37.11, ""old"": 48.52}, ""Instagram"": {""change_pct"": 11.41, ""new"": 32.08, ""old"": 20.67}}}",instagram_source_pct,Increase,48.08,Win,0.922,Acquisition shifted from search-led to creator and social discovery.
EXP1399,P061,Skincare,Serum,Minimalist,Instagram to Google Shift,2025-12-25,2025-12-31,"{""acquisition_mix"": {""Google"": {""change_pct"": 8.84, ""new"": 43.86, ""old"": 35.02}, ""Instagram"": {""change_pct"": -8.84, ""new"": 20.91, ""old"": 29.75}}}",google_source_pct,Increase,30.01,Win,0.863,Acquisition shifted toward high-intent Google traffic.
EXP1400,P057,Makeup,Lipstick,The Derma Co,Facebook to Google Shift,2025-12-12,2025-12-27,"{""acquisition_mix"": {""Facebook"": {""change_pct"": -7.99, ""new"": 5.96, ""old"": 13.95}, ""Google"": {""change_pct"": 7.99, ""new"": 39.19, ""old"": 31.2}}}",google_source_pct,Increase,29.23,Win,0.852,Budget moved from Facebook to Google for better intent quality.
EXP1401,P030,Makeup,Lipstick,Mamaearth,Paid to Organic Shift,2025-07-07,2025-07-15,"{""acquisition_mix"": {""Google"": {""change_pct"": -4.0, ""new"": 40.56, ""old"": 44.56}, ""Instagram"": {""change_pct"": -4.0, ""new"": 23.76, ""old"": 27.76}, ""Organic"": {""change_pct"": 8.0, ""new"": 13.72, ""old"": 5.72}}, ""marketing_spend"": {""change_pct"": -19.5, ""new"": 2488.56, ""old"": 3091.2}}",organic_source_pct,Increase,140.46,Win,0.96,Paid dependency reduced while organic share is lifted.
EXP1402,P051,Makeup,Lipstick,Mamaearth,Acquisition Mix Optimization,2025-10-25,2025-11-05,"{""acquisition_mix"": {""Facebook"": {""change_pct"": -2.84, ""new"": 3.0, ""old"": 5.84}, ""Google"": {""change_pct"": 2.84, ""new"": 34.91, ""old"": 32.07}, ""Organic"": {""change_pct"": 2.0, ""new"": 16.47, ""old"": 14.47}, ""Referral"": {""change_pct"": -2.0, ""new"": 6.58, ""old"": 8.58}}}",conversion_rate,Increase,-5.72,Inconclusive,0.619,Acquisition mix optimized toward higher-converting sources.
EXP1403,P050,Haircare,Shampoo,Minimalist,Premium Pricing Strategy,2025-05-01,2025-05-11,"{""avg_selling_price"": {""change_pct"": 8.28, ""new"": 476.42, ""old"": 440.0}, ""discount_pct"": {""change_pct"": -32.42, ""new"": 10.2, ""old"": 15.09}}",profit,Increase,110.07,Win,0.878,Premium posture combines higher price with lower promotion depth.
EXP1404,P083,Haircare,Shampoo,Minimalist,Aggressive Growth Strategy,2025-08-06,2025-08-20,"{""discount_pct"": {""change_pct"": 53.04, ""new"": 21.35, ""old"": 13.95}, ""marketing_spend"": {""change_pct"": 80.46, ""new"": 9459.65, ""old"": 5241.86}, ""shipping_fee"": {""change_pct"": -67.8, ""new"": 19.0, ""old"": 59.0}}",orders,Increase,52.75,Win,0.956,"Growth strategy combines paid reach, promotion, and reduced friction."
EXP1405,P018,Makeup,Lipstick,Minimalist,Profit Optimization Strategy,2025-04-24,2025-05-10,"{""discount_pct"": {""change_pct"": -46.86, ""new"": 7.36, ""old"": 13.85}, ""marketing_spend"": {""change_pct"": -20.03, ""new"": 7174.89, ""old"": 8972.03}, ""sales_channel_mix"": {""Amazon"": {""change_pct"": -4.0, ""new"": 28.63, ""old"": 32.63}, ""MobileApp"": {""change_pct"": 3.0, ""new"": 9.06, ""old"": 6.06}, ""Nykaa"": {""change_pct"": -3.0, ""new"": 19.6, ""old"": 22.6}, ""Website"": {""change_pct"": 4.0, ""new"": 42.71, ""old"": 38.71}}}",profit,Increase,54.72,Win,0.825,Profit optimization trims inefficient spend and marketplace dependency.
EXP1406,P017,Haircare,Shampoo,The Derma Co,Conversion Recovery Strategy,2025-04-21,2025-05-11,"{""campaign_mix"": {""Affiliate"": {""change_pct"": -3.0, ""new"": 9.74, ""old"": 12.74}, ""Email"": {""change_pct"": 3.0, ""new"": 21.7, ""old"": 18.7}, ""Search"": {""change_pct"": 3.0, ""new"": 36.59, ""old"": 33.59}, ""Social"": {""change_pct"": -3.0, ""new"": 31.97, ""old"": 34.97}}, ""discount_pct"": {""change_pct"": 32.69, ""new"": 20.15, ""old"": 15.19}, ""shipping_fee"": {""change_pct"": -28.99, ""new"": 49.0, ""old"": 69.0}}",conversion_rate,Increase,6.44,Inconclusive,0.541,Conversion recovery lowers checkout friction and raises intent messaging.
EXP1407,P044,Haircare,Shampoo,The Derma Co,Inventory Clearance Strategy,2025-10-14,2025-10-26,"{""avg_selling_price"": {""change_pct"": -6.4, ""new"": 608.41, ""old"": 650.0}, ""discount_pct"": {""change_pct"": 107.84, ""new"": 29.7, ""old"": 14.29}}",orders,Increase,64.76,Win,0.922,Clearance strategy accelerates sell-through using price and discount.
EXP1408,P005,Haircare,Shampoo,Mamaearth,D2C Growth Strategy,2025-03-28,2025-04-08,"{""marketing_spend"": {""change_pct"": 20.58, ""new"": 11915.56, ""old"": 9881.78}, ""sales_channel_mix"": {""Amazon"": {""change_pct"": -5.0, ""new"": 26.58, ""old"": 31.58}, ""MobileApp"": {""change_pct"": 5.0, ""new"": 17.8, ""old"": 12.8}, ""Nykaa"": {""change_pct"": -5.0, ""new"": 7.23, ""old"": 12.23}, ""Website"": {""change_pct"": 5.0, ""new"": 48.39, ""old"": 43.39}}}",website_sales_pct,Increase,10.22,Win,0.685,D2C growth moves share toward owned web and app channels.
EXP1409,P055,Skincare,Serum,Mamaearth,Price Increase,2025-11-02,2025-11-21,"{""avg_selling_price"": {""change_pct"": 8.33, ""new"": 1040.01, ""old"": 960.0}}",profit,Increase,-12.34,Loss,0.725,Premium price test expects higher unit margin with some demand elasticity.
EXP1410,P088,Skincare,Serum,Minimalist,Price Decrease,2025-12-24,2025-12-31,"{""avg_selling_price"": {""change_pct"": -11.94, ""new"": 1100.75, ""old"": 1250.0}}",orders,Increase,72.37,Win,0.96,Lower price should improve demand and conversion.
EXP1411,P016,Skincare,Serum,Mamaearth,Discount Increase,2025-03-12,2025-03-22,"{""discount_pct"": {""change_pct"": 111.4, ""new"": 26.55, ""old"": 12.56}}",orders,Increase,39.62,Win,0.9,Higher discount should lift orders but may dilute margin.
EXP1412,P011,Haircare,Shampoo,Mamaearth,Discount Decrease,2025-12-03,2025-12-12,"{""discount_pct"": {""change_pct"": -29.5, ""new"": 11.89, ""old"": 16.86}}",profit,Increase,22.07,Win,0.756,Lower discount tests whether stronger margin offsets order loss.
EXP1413,P083,Haircare,Shampoo,Minimalist,Shipping Fee Increase,2025-07-26,2025-08-02,"{""shipping_fee"": {""change_pct"": 50.85, ""new"": 89.0, ""old"": 59.0}}",conversion_rate,Decrease,-1.14,Inconclusive,0.595,Higher shipping fee should create checkout friction.
EXP1414,P061,Skincare,Serum,Minimalist,Shipping Fee Decrease,2025-01-04,2025-01-12,"{""shipping_fee"": {""change_pct"": -57.97, ""new"": 29.0, ""old"": 69.0}}",conversion_rate,Increase,10.04,Inconclusive,0.604,Reduced shipping fee should reduce checkout friction.
EXP1415,P081,Makeup,Lipstick,The Derma Co,Free Shipping,2025-11-28,2025-12-11,"{""shipping_fee"": {""change_pct"": -100.0, ""new"": 0.0, ""old"": 49.0}}",conversion_rate,Increase,5.33,Inconclusive,0.595,Free shipping test should increase conversion and order volume.
EXP1416,P094,Skincare,Serum,Minimalist,Marketing Spend Increase,2025-09-23,2025-09-30,"{""marketing_spend"": {""change_pct"": 55.02, ""new"": 16317.62, ""old"": 10525.91}}",traffic,Increase,20.38,Win,0.783,Higher spend should increase traffic through paid reach and lagged adstock.
EXP1417,P017,Haircare,Shampoo,The Derma Co,Marketing Spend Decrease,2025-05-22,2025-06-15,"{""marketing_spend"": {""change_pct"": -43.96, ""new"": 2885.07, ""old"": 5148.06}}",current_roas,Increase,67.47,Win,0.876,Spend reduction tests whether inefficient paid traffic can be trimmed.
EXP1418,P007,Skincare,Serum,Minimalist,Inventory Increase,2025-12-21,2025-12-27,"{""inventory_available"": {""change_pct"": 47.41, ""new"": 3046.95, ""old"": 2067.0}}",orders,Increase,28.79,Win,0.9,Higher stock availability should reduce sales capacity constraints.
EXP1419,P024,Makeup,Lipstick,The Derma Co,Inventory Reduction,2025-06-06,2025-06-14,"{""inventory_available"": {""change_pct"": -47.68, ""new"": 797.38, ""old"": 1524.0}}",revenue,Decrease,-6.4,Inconclusive,0.572,Lower inventory should cap orders and revenue.
EXP1420,P012,Makeup,Lipstick,The Derma Co,Amazon to Website Shift,2025-06-24,2025-07-03,"{""sales_channel_mix"": {""Amazon"": {""change_pct"": -13.14, ""new"": 6.49, ""old"": 19.63}, ""Website"": {""change_pct"": 13.14, ""new"": 54.18, ""old"": 41.04}}}",website_sales_pct,Increase,29.25,Win,0.936,Channel share shifted from marketplace to owned website.
EXP1421,P025,Skincare,Serum,The Derma Co,Website to Amazon Shift,2025-12-05,2025-12-22,"{""sales_channel_mix"": {""Amazon"": {""change_pct"": 13.07, ""new"": 42.06, ""old"": 28.99}, ""Website"": {""change_pct"": -13.07, ""new"": 20.56, ""old"": 33.63}}}",amazon_sales_pct,Increase,43.78,Win,0.896,Channel share shifted toward Amazon for demand capture.
EXP1422,P016,Skincare,Serum,Mamaearth,Amazon to Mobile App Shift,2025-02-28,2025-03-09,"{""sales_channel_mix"": {""Amazon"": {""change_pct"": -13.13, ""new"": 35.45, ""old"": 48.58}, ""MobileApp"": {""change_pct"": 13.13, ""new"": 24.1, ""old"": 10.97}}}",mobile_app_sales_pct,Increase,15.04,Win,0.782,Marketplace users redirected toward app purchase journeys.
EXP1423,P054,Makeup,Lipstick,Minimalist,Website to Mobile App Shift,2025-07-12,2025-07-21,"{""sales_channel_mix"": {""MobileApp"": {""change_pct"": 7.29, ""new"": 27.05, ""old"": 19.76}, ""Website"": {""change_pct"": -7.29, ""new"": 33.74, ""old"": 41.03}}}",mobile_app_sales_pct,Increase,40.88,Win,0.947,Owned web traffic nudged toward app conversion.
EXP1424,P025,Skincare,Serum,The Derma Co,Channel Mix Optimization,2025-10-02,2025-10-17,"{""sales_channel_mix"": {""Amazon"": {""change_pct"": -5.0, ""new"": 24.24, ""old"": 29.24}, ""MobileApp"": {""change_pct"": 4.0, ""new"": 21.38, ""old"": 17.38}, ""Nykaa"": {""change_pct"": -4.0, ""new"": 15.59, ""old"": 19.59}, ""Website"": {""change_pct"": 5.0, ""new"": 38.79, ""old"": 33.79}}}",current_roas,Increase,8.05,Win,0.646,Mix optimized toward higher-margin owned channels.
EXP1425,P092,Haircare,Shampoo,Minimalist,Search Increase,2025-10-28,2025-11-03,"{""campaign_mix"": {""Search"": {""change_pct"": 8.3, ""new"": 29.99, ""old"": 21.69}, ""Social"": {""change_pct"": -8.3, ""new"": 17.65, ""old"": 25.95}}}",search_campaign_pct,Increase,37.0,Win,0.85,Search share increased for higher purchase intent.
EXP1426,P030,Makeup,Lipstick,Mamaearth,Social Increase,2025-09-07,2025-09-19,"{""campaign_mix"": {""Search"": {""change_pct"": -7.25, ""new"": 16.26, ""old"": 23.51}, ""Social"": {""change_pct"": 7.25, ""new"": 51.21, ""old"": 43.96}}}",social_campaign_pct,Increase,16.45,Win,0.761,Social share increased for discovery and mid-funnel reach.
EXP1427,P054,Makeup,Lipstick,Minimalist,Email Increase,2025-02-25,2025-03-05,"{""campaign_mix"": {""Email"": {""change_pct"": 7.72, ""new"": 14.85, ""old"": 7.13}, ""Social"": {""change_pct"": -7.72, ""new"": 51.55, ""old"": 59.27}}}",retention_rate,Increase,-0.09,Loss,0.642,Email share increased to reactivate known buyers.
EXP1428,P034,Skincare,Serum,Mamaearth,Affiliate Increase,2025-05-17,2025-05-23,"{""campaign_mix"": {""Affiliate"": {""change_pct"": 10.34, ""new"": 15.4, ""old"": 5.06}, ""Search"": {""change_pct"": -10.34, ""new"": 46.48, ""old"": 56.82}}}",affiliate_campaign_pct,Increase,202.55,Win,0.95,Affiliate share increased for deal-led acquisition.
EXP1429,P018,Makeup,Lipstick,Minimalist,Campaign Mix Optimization,2025-12-02,2025-12-10,"{""campaign_mix"": {""Affiliate"": {""change_pct"": -3.0, ""new"": 12.97, ""old"": 15.97}, ""Email"": {""change_pct"": 3.0, ""new"": 12.21, ""old"": 9.21}, ""Search"": {""change_pct"": 4.0, ""new"": 26.53, ""old"": 22.53}, ""Social"": {""change_pct"": -4.0, ""new"": 48.29, ""old"": 52.29}}}",current_ctr,Increase,1.84,Inconclusive,0.521,Campaign mix optimized toward intent and lifecycle channels.
EXP1430,P088,Skincare,Serum,Minimalist,Google to Instagram Shift,2025-01-01,2025-01-07,"{""acquisition_mix"": {""Google"": {""change_pct"": -8.58, ""new"": 29.67, ""old"": 38.25}, ""Instagram"": {""change_pct"": 8.58, ""new"": 43.12, ""old"": 34.54}}}",instagram_source_pct,Increase,23.46,Win,0.87,Acquisition shifted from search-led to creator and social discovery.
EXP1431,P056,Haircare,Shampoo,The Derma Co,Instagram to Google Shift,2025-10-20,2025-10-26,"{""acquisition_mix"": {""Google"": {""change_pct"": 9.59, ""new"": 37.22, ""old"": 27.63}, ""Instagram"": {""change_pct"": -9.59, ""new"": 9.86, ""old"": 19.45}}}",google_source_pct,Increase,34.6,Win,0.902,Acquisition shifted toward high-intent Google traffic.
EXP1432,P003,Makeup,Lipstick,Minimalist,Facebook to Google Shift,2025-02-18,2025-02-24,"{""acquisition_mix"": {""Facebook"": {""change_pct"": -6.15, ""new"": 3.0, ""old"": 9.15}, ""Google"": {""change_pct"": 6.15, ""new"": 32.37, ""old"": 26.22}}}",google_source_pct,Increase,23.23,Win,0.869,Budget moved from Facebook to Google for better intent quality.
EXP1433,P012,Makeup,Lipstick,The Derma Co,Paid to Organic Shift,2025-05-10,2025-05-16,"{""acquisition_mix"": {""Google"": {""change_pct"": -4.0, ""new"": 25.08, ""old"": 29.08}, ""Instagram"": {""change_pct"": -4.0, ""new"": 32.78, ""old"": 36.78}, ""Organic"": {""change_pct"": 8.0, ""new"": 20.88, ""old"": 12.88}}, ""marketing_spend"": {""change_pct"": -22.2, ""new"": 7250.38, ""old"": 9319.68}}",organic_source_pct,Increase,44.25,Win,0.96,Paid dependency reduced while organic share is lifted.
EXP1434,P016,Skincare,Serum,Mamaearth,Acquisition Mix Optimization,2025-12-18,2025-12-28,"{""acquisition_mix"": {""Facebook"": {""change_pct"": -3.0, ""new"": 5.04, ""old"": 8.04}, ""Google"": {""change_pct"": 3.0, ""new"": 52.4, ""old"": 49.4}}}",conversion_rate,Increase,8.02,Win,0.668,Acquisition mix optimized toward higher-converting sources.
EXP1435,P080,Haircare,Shampoo,Mamaearth,Premium Pricing Strategy,2025-01-01,2025-01-09,"{""avg_selling_price"": {""change_pct"": 13.87, ""new"": 649.07, ""old"": 570.0}, ""discount_pct"": {""change_pct"": -19.03, ""new"": 12.85, ""old"": 15.87}}",profit,Increase,63.57,Win,0.941,Premium posture combines higher price with lower promotion depth.
EXP1436,P027,Makeup,Lipstick,Mamaearth,Aggressive Growth Strategy,2025-01-04,2025-01-13,"{""discount_pct"": {""change_pct"": 34.47, ""new"": 28.41, ""old"": 21.13}, ""marketing_spend"": {""change_pct"": 82.8, ""new"": 12012.52, ""old"": 6571.37}, ""shipping_fee"": {""change_pct"": -28.99, ""new"": 49.0, ""old"": 69.0}}",orders,Increase,70.68,Win,0.906,"Growth strategy combines paid reach, promotion, and reduced friction."
EXP1437,P056,Haircare,Shampoo,The Derma Co,Profit Optimization Strategy,2025-06-16,2025-06-26,"{""discount_pct"": {""change_pct"": -38.34, ""new"": 13.88, ""old"": 22.51}, ""marketing_spend"": {""change_pct"": -21.11, ""new"": 2715.68, ""old"": 3442.55}, ""sales_channel_mix"": {""Amazon"": {""change_pct"": -4.0, ""new"": 35.34, ""old"": 39.34}, ""MobileApp"": {""change_pct"": 3.0, ""new"": 10.43, ""old"": 7.43}, ""Nykaa"": {""change_pct"": -3.0, ""new"": 19.57, ""old"": 22.57}, ""Website"": {""change_pct"": 4.0, ""new"": 34.66, ""old"": 30.66}}}",profit,Increase,199.96,Win,0.944,Profit optimization trims inefficient spend and marketplace dependency.
EXP1438,P098,Haircare,Shampoo,The Derma Co,Conversion Recovery Strategy,2025-09-21,2025-10-04,"{""campaign_mix"": {""Affiliate"": {""change_pct"": -3.0, ""new"": 11.17, ""old"": 14.17}, ""Email"": {""change_pct"": 3.0, ""new"": 19.6, ""old"": 16.6}, ""Search"": {""change_pct"": 3.0, ""new"": 44.32, ""old"": 41.32}, ""Social"": {""change_pct"": -3.0, ""new"": 24.91, ""old"": 27.91}}, ""discount_pct"": {""change_pct"": 42.01, ""new"": 17.42, ""old"": 12.27}, ""shipping_fee"": {""change_pct"": -67.8, ""new"": 19.0, ""old"": 59.0}}",conversion_rate,Increase,17.68,Win,0.824,Conversion recovery lowers checkout friction and raises intent messaging.
EXP1439,P023,Haircare,Shampoo,The Derma Co,Inventory Clearance Strategy,2025-03-12,2025-03-24,"{""avg_selling_price"": {""change_pct"": -8.95, ""new"": 282.26, ""old"": 310.0}, ""discount_pct"": {""change_pct"": 57.36, ""new"": 30.21, ""old"": 19.2}}",orders,Increase,68.96,Win,0.946,Clearance strategy accelerates sell-through using price and discount.
EXP1440,P032,Haircare,Shampoo,Mamaearth,D2C Growth Strategy,2025-05-19,2025-06-29,"{""marketing_spend"": {""change_pct"": 17.15, ""new"": 8172.43, ""old"": 6976.04}, ""sales_channel_mix"": {""Amazon"": {""change_pct"": -5.0, ""new"": 42.1, ""old"": 47.1}, ""MobileApp"": {""change_pct"": 5.0, ""new"": 13.46, ""old"": 8.46}, ""Nykaa"": {""change_pct"": -5.0, ""new"": 17.63, ""old"": 22.63}, ""Website"": {""change_pct"": 5.0, ""new"": 26.81, ""old"": 21.81}}}",website_sales_pct,Increase,24.93,Win,0.863,D2C growth moves share toward owned web and app channels.
EXP1441,P042,Makeup,Lipstick,Mamaearth,Price Increase,2025-02-24,2025-03-04,"{""avg_selling_price"": {""change_pct"": 8.55, ""new"": 401.65, ""old"": 370.0}}",profit,Increase,36.4,Win,0.879,Premium price test expects higher unit margin with some demand elasticity.
EXP1442,P025,Skincare,Serum,The Derma Co,Price Decrease,2025-09-05,2025-09-13,"{""avg_selling_price"": {""change_pct"": -7.11, ""new"": 1012.53, ""old"": 1090.0}}",orders,Increase,-12.67,Loss,0.694,Lower price should improve demand and conversion.
EXP1443,P066,Makeup,Lipstick,Mamaearth,Discount Increase,2025-06-19,2025-06-26,"{""discount_pct"": {""change_pct"": 67.06, ""new"": 34.73, ""old"": 20.79}}",orders,Increase,34.27,Win,0.959,Higher discount should lift orders but may dilute margin.
EXP1444,P037,Skincare,Serum,The Derma Co,Discount Decrease,2025-06-20,2025-07-04,"{""discount_pct"": {""change_pct"": -61.9, ""new"": 4.21, ""old"": 11.04}}",profit,Increase,-8.55,Loss,0.655,Lower discount tests whether stronger margin offsets order loss.
EXP1445,P042,Makeup,Lipstick,Mamaearth,Shipping Fee Increase,2025-01-04,2025-01-13,"{""shipping_fee"": {""change_pct"": 28.99, ""new"": 89.0, ""old"": 69.0}}",conversion_rate,Decrease,-4.97,Win,0.685,Higher shipping fee should create checkout friction.
EXP1446,P040,Skincare,Serum,Minimalist,Shipping Fee Decrease,2025-12-20,2025-12-27,"{""shipping_fee"": {""change_pct"": -81.63, ""new"": 9.0, ""old"": 49.0}}",conversion_rate,Increase,16.93,Win,0.713,Reduced shipping fee should reduce checkout friction.
EXP1447,P035,Haircare,Shampoo,Minimalist,Free Shipping,2025-06-24,2025-07-08,"{""shipping_fee"": {""change_pct"": -100.0, ""new"": 0.0, ""old"": 39.0}}",conversion_rate,Increase,9.41,Inconclusive,0.612,Free shipping test should increase conversion and order volume.
EXP1448,P012,Makeup,Lipstick,The Derma Co,Marketing Spend Increase,2025-10-25,2025-10-31,"{""marketing_spend"": {""change_pct"": 32.65, ""new"": 26308.81, ""old"": 19832.64}}",traffic,Increase,29.43,Win,0.896,Higher spend should increase traffic through paid reach and lagged adstock.
EXP1449,P090,Makeup,Lipstick,Minimalist,Marketing Spend Decrease,2025-08-21,2025-09-09,"{""marketing_spend"": {""change_pct"": -34.4, ""new"": 3906.11, ""old"": 5954.63}}",current_roas,Increase,57.46,Win,0.945,Spend reduction tests whether inefficient paid traffic can be trimmed.
EXP1450,P025,Skincare,Serum,The Derma Co,Inventory Increase,2025-12-24,2025-12-30,"{""inventory_available"": {""change_pct"": 56.09, ""new"": 2075.99, ""old"": 1330.0}}",orders,Increase,67.11,Win,0.931,Higher stock availability should reduce sales capacity constraints.
EXP1451,P065,Haircare,Shampoo,The Derma Co,Inventory Reduction,2025-06-09,2025-06-19,"{""inventory_available"": {""change_pct"": -48.56, ""new"": 340.54, ""old"": 662.0}}",revenue,Decrease,16.57,Loss,0.771,Lower inventory should cap orders and revenue.
EXP1452,P069,Makeup,Lipstick,Minimalist,Amazon to Website Shift,2025-09-01,2025-09-12,"{""sales_channel_mix"": {""Amazon"": {""change_pct"": -9.66, ""new"": 29.84, ""old"": 39.5}, ""Website"": {""change_pct"": 9.66, ""new"": 49.84, ""old"": 40.18}}}",website_sales_pct,Increase,23.83,Win,0.816,Channel share shifted from marketplace to owned website.
EXP1453,P036,Makeup,Lipstick,The Derma Co,Website to Amazon Shift,2025-01-02,2025-01-11,"{""sales_channel_mix"": {""Amazon"": {""change_pct"": 14.37, ""new"": 48.0, ""old"": 33.63}, ""Website"": {""change_pct"": -14.37, ""new"": 18.04, ""old"": 32.41}}}",amazon_sales_pct,Increase,42.86,Win,0.96,Channel share shifted toward Amazon for demand capture.
EXP1454,P025,Skincare,Serum,The Derma Co,Amazon to Mobile App Shift,2025-04-29,2025-05-05,"{""sales_channel_mix"": {""Amazon"": {""change_pct"": -8.13, ""new"": 22.27, ""old"": 30.4}, ""MobileApp"": {""change_pct"": 8.13, ""new"": 24.57, ""old"": 16.44}}}",mobile_app_sales_pct,Increase,48.58,Win,0.96,Marketplace users redirected toward app purchase journeys.
EXP1455,P051,Makeup,Lipstick,Mamaearth,Website to Mobile App Shift,2025-11-28,2025-12-04,"{""sales_channel_mix"": {""MobileApp"": {""change_pct"": 6.02, ""new"": 20.61, ""old"": 14.59}, ""Website"": {""change_pct"": -6.02, ""new"": 24.26, ""old"": 30.28}}}",mobile_app_sales_pct,Increase,7.25,Win,0.632,Owned web traffic nudged toward app conversion.
EXP1456,P046,Skincare,Serum,Mamaearth,Channel Mix Optimization,2025-04-29,2025-05-07,"{""sales_channel_mix"": {""Amazon"": {""change_pct"": -5.0, ""new"": 53.91, ""old"": 58.91}, ""MobileApp"": {""change_pct"": 4.0, ""new"": 6.47, ""old"": 2.47}, ""Nykaa"": {""change_pct"": -4.0, ""new"": 11.28, ""old"": 15.28}, ""Website"": {""change_pct"": 5.0, ""new"": 28.34, ""old"": 23.34}}}",current_roas,Increase,5.79,Inconclusive,0.607,Mix optimized toward higher-margin owned channels.
EXP1457,P044,Haircare,Shampoo,The Derma Co,Search Increase,2025-07-08,2025-07-16,"{""campaign_mix"": {""Search"": {""change_pct"": 12.43, ""new"": 43.3, ""old"": 30.87}, ""Social"": {""change_pct"": -12.43, ""new"": 25.1, ""old"": 37.53}}}",search_campaign_pct,Increase,41.46,Win,0.96,Search share increased for higher purchase intent.
EXP1458,P080,Haircare,Shampoo,Mamaearth,Social Increase,2025-11-04,2025-11-10,"{""campaign_mix"": {""Search"": {""change_pct"": -10.11, ""new"": 17.61, ""old"": 27.72}, ""Social"": {""change_pct"": 10.11, ""new"": 52.08, ""old"": 41.97}}}",social_campaign_pct,Increase,24.93,Win,0.9,Social share increased for discovery and mid-funnel reach.
EXP1459,P085,Skincare,Serum,The Derma Co,Email Increase,2025-08-01,2025-08-07,"{""campaign_mix"": {""Email"": {""change_pct"": 9.71, ""new"": 31.94, ""old"": 22.23}, ""Social"": {""change_pct"": -9.71, ""new"": 25.02, ""old"": 34.73}}}",retention_rate,Increase,0.8,Loss,0.675,Email share increased to reactivate known buyers.
EXP1460,P026,Haircare,Shampoo,The Derma Co,Affiliate Increase,2025-01-02,2025-01-11,"{""campaign_mix"": {""Affiliate"": {""change_pct"": 9.54, ""new"": 18.11, ""old"": 8.57}, ""Search"": {""change_pct"": -9.54, ""new"": 31.55, ""old"": 41.09}}}",affiliate_campaign_pct,Increase,111.81,Win,0.937,Affiliate share increased for deal-led acquisition.
EXP1461,P093,Makeup,Lipstick,Minimalist,Campaign Mix Optimization,2025-12-01,2025-12-10,"{""campaign_mix"": {""Affiliate"": {""change_pct"": -3.0, ""new"": 13.5, ""old"": 16.5}, ""Email"": {""change_pct"": 3.0, ""new"": 22.61, ""old"": 19.61}, ""Search"": {""change_pct"": 4.0, ""new"": 19.79, ""old"": 15.79}, ""Social"": {""change_pct"": -4.0, ""new"": 44.1, ""old"": 48.1}}}",current_ctr,Increase,-1.91,Inconclusive,0.559,Campaign mix optimized toward intent and lifecycle channels.
EXP1462,P030,Makeup,Lipstick,Mamaearth,Google to Instagram Shift,2025-06-23,2025-07-02,"{""acquisition_mix"": {""Google"": {""change_pct"": -11.57, ""new"": 32.19, ""old"": 43.76}, ""Instagram"": {""change_pct"": 11.57, ""new"": 39.28, ""old"": 27.71}}}",instagram_source_pct,Increase,9.88,Win,0.676,Acquisition shifted from search-led to creator and social discovery.
EXP1463,P064,Skincare,Serum,Mamaearth,Instagram to Google Shift,2025-03-16,2025-04-06,"{""acquisition_mix"": {""Google"": {""change_pct"": 6.94, ""new"": 37.37, ""old"": 30.43}, ""Instagram"": {""change_pct"": -6.94, ""new"": 22.13, ""old"": 29.07}}}",google_source_pct,Increase,10.18,Win,0.629,Acquisition shifted toward high-intent Google traffic.
EXP1464,P090,Makeup,Lipstick,Minimalist,Facebook to Google Shift,2025-10-31,2025-11-06,"{""acquisition_mix"": {""Facebook"": {""change_pct"": -6.37, ""new"": 12.73, ""old"": 19.1}, ""Google"": {""change_pct"": 6.37, ""new"": 30.73, ""old"": 24.36}}}",google_source_pct,Increase,16.99,Win,0.77,Budget moved from Facebook to Google for better intent quality.
EXP1465,P057,Makeup,Lipstick,The Derma Co,Paid to Organic Shift,2025-06-19,2025-06-25,"{""acquisition_mix"": {""Google"": {""change_pct"": -4.0, ""new"": 25.44, ""old"": 29.44}, ""Instagram"": {""change_pct"": -4.0, ""new"": 34.55, ""old"": 38.55}, ""Organic"": {""change_pct"": 8.0, ""new"": 16.12, ""old"": 8.12}}, ""marketing_spend"": {""change_pct"": -18.01, ""new"": 5096.79, ""old"": 6216.73}}",organic_source_pct,Increase,104.25,Win,0.96,Paid dependency reduced while organic share is lifted.
EXP1466,P011,Haircare,Shampoo,Mamaearth,Acquisition Mix Optimization,2025-03-06,2025-03-14,"{""acquisition_mix"": {""Facebook"": {""change_pct"": -3.0, ""new"": 7.99, ""old"": 10.99}, ""Google"": {""change_pct"": 3.0, ""new"": 38.84, ""old"": 35.84}, ""Organic"": {""change_pct"": 2.0, ""new"": 22.47, ""old"": 20.47}, ""Referral"": {""change_pct"": -2.0, ""new"": 8.25, ""old"": 10.25}}}",conversion_rate,Increase,-9.19,Inconclusive,0.615,Acquisition mix optimized toward higher-converting sources.
EXP1467,P066,Makeup,Lipstick,Mamaearth,Premium Pricing Strategy,2025-01-01,2025-01-07,"{""avg_selling_price"": {""change_pct"": 13.91, ""new"": 911.32, ""old"": 800.0}, ""discount_pct"": {""change_pct"": -32.82, ""new"": 16.32, ""old"": 24.3}}",profit,Increase,-68.06,Loss,0.946,Premium posture combines higher price with lower promotion depth.
EXP1468,P094,Skincare,Serum,Minimalist,Aggressive Growth Strategy,2025-04-28,2025-05-04,"{""discount_pct"": {""change_pct"": 71.43, ""new"": 20.71, ""old"": 12.08}, ""marketing_spend"": {""change_pct"": 71.14, ""new"": 21383.72, ""old"": 12494.89}, ""shipping_fee"": {""change_pct"": -81.63, ""new"": 9.0, ""old"": 49.0}}",orders,Increase,71.74,Win,0.93,"Growth strategy combines paid reach, promotion, and reduced friction."
EXP1469,P066,Makeup,Lipstick,Mamaearth,Profit Optimization Strategy,2025-08-19,2025-08-25,"{""discount_pct"": {""change_pct"": -29.4, ""new"": 15.79, ""old"": 22.37}, ""marketing_spend"": {""change_pct"": -19.81, ""new"": 7378.34, ""old"": 9201.15}, ""sales_channel_mix"": {""Amazon"": {""change_pct"": -4.0, ""new"": 39.88, ""old"": 43.88}, ""MobileApp"": {""change_pct"": 3.0, ""new"": 7.94, ""old"": 4.94}, ""Nykaa"": {""change_pct"": -3.0, ""new"": 20.25, ""old"": 23.25}, ""Website"": {""change_pct"": 4.0, ""new"": 31.93, ""old"": 27.93}}}",profit,Increase,506.27,Win,0.931,Profit optimization trims inefficient spend and marketplace dependency.
EXP1470,P046,Skincare,Serum,Mamaearth,Conversion Recovery Strategy,2025-05-21,2025-05-29,"{""campaign_mix"": {""Affiliate"": {""change_pct"": -3.0, ""new"": 4.77, ""old"": 7.77}, ""Email"": {""change_pct"": 3.0, ""new"": 29.53, ""old"": 26.53}, ""Search"": {""change_pct"": 3.0, ""new"": 35.73, ""old"": 32.73}, ""Social"": {""change_pct"": -3.0, ""new"": 29.97, ""old"": 32.97}}, ""discount_pct"": {""change_pct"": 28.78, ""new"": 17.42, ""old"": 13.53}, ""shipping_fee"": {""change_pct"": -33.9, ""new"": 39.0, ""old"": 59.0}}",conversion_rate,Increase,11.1,Win,0.744,Conversion recovery lowers checkout friction and raises intent messaging.
EXP1471,P057,Makeup,Lipstick,The Derma Co,Inventory Clearance Strategy,2025-04-24,2025-05-01,"{""avg_selling_price"": {""change_pct"": -6.07, ""new"": 253.61, ""old"": 270.0}, ""discount_pct"": {""change_pct"": 83.0, ""new"": 26.85, ""old"": 14.67}}",orders,Increase,34.97,Win,0.96,Clearance strategy accelerates sell-through using price and discount.
EXP1472,P050,Haircare,Shampoo,Minimalist,D2C Growth Strategy,2025-07-04,2025-07-10,"{""marketing_spend"": {""change_pct"": 26.81, ""new"": 5212.58, ""old"": 4110.64}, ""sales_channel_mix"": {""Amazon"": {""change_pct"": -5.0, ""new"": 24.96, ""old"": 29.96}, ""MobileApp"": {""change_pct"": 5.0, ""new"": 30.23, ""old"": 25.23}, ""Nykaa"": {""change_pct"": -5.0, ""new"": 6.18, ""old"": 11.18}, ""Website"": {""change_pct"": 5.0, ""new"": 38.63, ""old"": 33.63}}}",website_sales_pct,Increase,16.83,Win,0.742,D2C growth moves share toward owned web and app channels.
EXP1473,P008,Haircare,Shampoo,Mamaearth,Price Increase,2025-09-14,2025-09-22,"{""avg_selling_price"": {""change_pct"": 10.66, ""new"": 475.83, ""old"": 430.0}}",profit,Increase,24.3,Win,0.844,Premium price test expects higher unit margin with some demand elasticity.
EXP1474,P051,Makeup,Lipstick,Mamaearth,Price Decrease,2025-02-22,2025-02-28,"{""avg_selling_price"": {""change_pct"": -8.18, ""new"": 385.66, ""old"": 420.0}}",orders,Increase,10.56,Win,0.743,Lower price should improve demand and conversion.
EXP1475,P008,Haircare,Shampoo,Mamaearth,Discount Increase,2025-01-01,2025-01-09,"{""discount_pct"": {""change_pct"": 48.87, ""new"": 31.84, ""old"": 21.39}}",orders,Increase,-11.48,Loss,0.681,Higher discount should lift orders but may dilute margin.
EXP1476,P034,Skincare,Serum,Mamaearth,Discount Decrease,2025-02-10,2025-02-16,"{""discount_pct"": {""change_pct"": -56.69, ""new"": 4.24, ""old"": 9.79}}",profit,Increase,-21.99,Loss,0.88,Lower discount tests whether stronger margin offsets order loss.
EXP1477,P090,Makeup,Lipstick,Minimalist,Shipping Fee Increase,2025-05-19,2025-06-11,"{""shipping_fee"": {""change_pct"": 28.99, ""new"": 89.0, ""old"": 69.0}}",conversion_rate,Decrease,-8.45,Win,0.64,Higher shipping fee should create checkout friction.
EXP1478,P075,Makeup,Lipstick,The Derma Co,Shipping Fee Decrease,2025-01-01,2025-01-07,"{""shipping_fee"": {""change_pct"": -51.28, ""new"": 19.0, ""old"": 39.0}}",conversion_rate,Increase,-2.03,Inconclusive,0.576,Reduced shipping fee should reduce checkout friction.
EXP1479,P072,Makeup,Lipstick,Mamaearth,Free Shipping,2025-02-23,2025-03-05,"{""shipping_fee"": {""change_pct"": -100.0, ""new"": 0.0, ""old"": 59.0}}",conversion_rate,Increase,25.47,Win,0.78,Free shipping test should increase conversion and order volume.
EXP1480,P075,Makeup,Lipstick,The Derma Co,Marketing Spend Increase,2025-08-18,2025-08-24,"{""marketing_spend"": {""change_pct"": 29.08, ""new"": 8038.81, ""old"": 6227.86}}",traffic,Increase,-2.51,Inconclusive,0.6,Higher spend should increase traffic through paid reach and lagged adstock.
EXP1481,P089,Haircare,Shampoo,Minimalist,Marketing Spend Decrease,2025-09-16,2025-09-22,"{""marketing_spend"": {""change_pct"": -33.33, ""new"": 3499.69, ""old"": 5249.51}}",current_roas,Increase,33.76,Win,0.928,Spend reduction tests whether inefficient paid traffic can be trimmed.
EXP1482,P068,Haircare,Shampoo,Mamaearth,Inventory Increase,2025-12-10,2025-12-31,"{""inventory_available"": {""change_pct"": 60.12, ""new"": 2409.78, ""old"": 1505.0}}",orders,Increase,-4.42,Inconclusive,0.597,Higher stock availability should reduce sales capacity constraints.
EXP1483,P091,Skincare,Serum,Minimalist,Inventory Reduction,2025-01-06,2025-01-18,"{""inventory_available"": {""change_pct"": -46.84, ""new"": 1265.78, ""old"": 2381.0}}",revenue,Decrease,-4.78,Win,0.642,Lower inventory should cap orders and revenue.
EXP1484,P059,Haircare,Shampoo,Mamaearth,Amazon to Website Shift,2025-06-16,2025-06-27,"{""sales_channel_mix"": {""Amazon"": {""change_pct"": -8.91, ""new"": 47.04, ""old"": 55.95}, ""Website"": {""change_pct"": 8.91, ""new"": 28.55, ""old"": 19.64}}}",website_sales_pct,Increase,37.31,Win,0.96,Channel share shifted from marketplace to owned website.
EXP1485,P007,Skincare,Serum,Minimalist,Website to Amazon Shift,2025-09-03,2025-09-09,"{""sales_channel_mix"": {""Amazon"": {""change_pct"": 13.4, ""new"": 48.61, ""old"": 35.21}, ""Website"": {""change_pct"": -13.4, ""new"": 17.5, ""old"": 30.9}}}",amazon_sales_pct,Increase,51.57,Win,0.96,Channel share shifted toward Amazon for demand capture.
EXP1486,P081,Makeup,Lipstick,The Derma Co,Amazon to Mobile App Shift,2025-05-03,2025-05-18,"{""sales_channel_mix"": {""Amazon"": {""change_pct"": -13.81, ""new"": 18.42, ""old"": 32.23}, ""MobileApp"": {""change_pct"": 13.81, ""new"": 19.86, ""old"": 6.05}}}",mobile_app_sales_pct,Increase,258.92,Win,0.861,Marketplace users redirected toward app purchase journeys.
EXP1487,P081,Makeup,Lipstick,The Derma Co,Website to Mobile App Shift,2025-07-19,2025-07-28,"{""sales_channel_mix"": {""MobileApp"": {""change_pct"": 13.69, ""new"": 20.14, ""old"": 6.45}, ""Website"": {""change_pct"": -13.69, ""new"": 16.74, ""old"": 30.43}}}",mobile_app_sales_pct,Increase,179.91,Win,0.952,Owned web traffic nudged toward app conversion.
EXP1488,P040,Skincare,Serum,Minimalist,Channel Mix Optimization,2025-07-25,2025-07-31,"{""sales_channel_mix"": {""Amazon"": {""change_pct"": -5.0, ""new"": 33.24, ""old"": 38.24}, ""MobileApp"": {""change_pct"": 4.0, ""new"": 12.61, ""old"": 8.61}, ""Nykaa"": {""change_pct"": -4.0, ""new"": 5.47, ""old"": 9.47}, ""Website"": {""change_pct"": 5.0, ""new"": 48.68, ""old"": 43.68}}}",current_roas,Increase,17.14,Win,0.796,Mix optimized toward higher-margin owned channels.
EXP1489,P070,Skincare,Serum,Mamaearth,Search Increase,2025-05-23,2025-06-07,"{""campaign_mix"": {""Search"": {""change_pct"": 11.68, ""new"": 53.59, ""old"": 41.91}, ""Social"": {""change_pct"": -11.68, ""new"": 6.13, ""old"": 17.81}}}",search_campaign_pct,Increase,25.0,Win,0.907,Search share increased for higher purchase intent.
EXP1490,P092,Haircare,Shampoo,Minimalist,Social Increase,2025-02-11,2025-02-19,"{""campaign_mix"": {""Search"": {""change_pct"": -11.48, ""new"": 8.83, ""old"": 20.31}, ""Social"": {""change_pct"": 11.48, ""new"": 39.97, ""old"": 28.49}}}",social_campaign_pct,Increase,46.02,Win,0.96,Social share increased for discovery and mid-funnel reach.
EXP1491,P085,Skincare,Serum,The Derma Co,Email Increase,2025-04-02,2025-04-08,"{""campaign_mix"": {""Email"": {""change_pct"": 10.91, ""new"": 32.69, ""old"": 21.78}, ""Social"": {""change_pct"": -10.91, ""new"": 21.79, ""old"": 32.7}}}",retention_rate,Increase,1.27,Loss,0.632,Email share increased to reactivate known buyers.
EXP1492,P027,Makeup,Lipstick,Mamaearth,Affiliate Increase,2025-12-16,2025-12-26,"{""campaign_mix"": {""Affiliate"": {""change_pct"": 8.43, ""new"": 18.84, ""old"": 10.41}, ""Search"": {""change_pct"": -8.43, ""new"": 13.96, ""old"": 22.39}}}",affiliate_campaign_pct,Increase,79.34,Win,0.93,Affiliate share increased for deal-led acquisition.
EXP1493,P016,Skincare,Serum,Mamaearth,Campaign Mix Optimization,2025-04-27,2025-05-05,"{""campaign_mix"": {""Affiliate"": {""change_pct"": -2.18, ""new"": 3.0, ""old"": 5.18}, ""Email"": {""change_pct"": 2.18, ""new"": 20.23, ""old"": 18.05}, ""Search"": {""change_pct"": 4.0, ""new"": 55.04, ""old"": 51.04}, ""Social"": {""change_pct"": -4.0, ""new"": 21.73, ""old"": 25.73}}}",current_ctr,Increase,2.59,Win,0.701,Campaign mix optimized toward intent and lifecycle channels.
EXP1494,P031,Skincare,Serum,Mamaearth,Google to Instagram Shift,2025-10-10,2025-10-16,"{""acquisition_mix"": {""Google"": {""change_pct"": -12.28, ""new"": 32.93, ""old"": 45.21}, ""Instagram"": {""change_pct"": 12.28, ""new"": 38.89, ""old"": 26.61}}}",instagram_source_pct,Increase,50.26,Win,0.921,Acquisition shifted from search-led to creator and social discovery.
EXP1495,P084,Makeup,Lipstick,Minimalist,Instagram to Google Shift,2025-02-21,2025-03-09,"{""acquisition_mix"": {""Google"": {""change_pct"": 9.28, ""new"": 29.84, ""old"": 20.56}, ""Instagram"": {""change_pct"": -9.28, ""new"": 45.04, ""old"": 54.32}}}",google_source_pct,Increase,39.18,Win,0.918,Acquisition shifted toward high-intent Google traffic.
EXP1496,P050,Haircare,Shampoo,Minimalist,Facebook to Google Shift,2025-02-21,2025-03-01,"{""acquisition_mix"": {""Facebook"": {""change_pct"": -5.0, ""new"": 6.37, ""old"": 11.37}, ""Google"": {""change_pct"": 5.0, ""new"": 44.86, ""old"": 39.86}}}",google_source_pct,Increase,9.78,Win,0.694,Budget moved from Facebook to Google for better intent quality.
EXP1497,P048,Makeup,Lipstick,Mamaearth,Paid to Organic Shift,2025-07-17,2025-07-23,"{""acquisition_mix"": {""Google"": {""change_pct"": -4.0, ""new"": 26.36, ""old"": 30.36}, ""Instagram"": {""change_pct"": -4.0, ""new"": 29.5, ""old"": 33.5}, ""Organic"": {""change_pct"": 8.0, ""new"": 18.86, ""old"": 10.86}}, ""marketing_spend"": {""change_pct"": -25.38, ""new"": 4362.49, ""old"": 5846.1}}",organic_source_pct,Increase,77.32,Win,0.871,Paid dependency reduced while organic share is lifted.
EXP1498,P047,Haircare,Shampoo,The Derma Co,Acquisition Mix Optimization,2025-12-15,2025-12-27,"{""acquisition_mix"": {""Facebook"": {""change_pct"": -3.0, ""new"": 7.46, ""old"": 10.46}, ""Google"": {""change_pct"": 3.0, ""new"": 48.47, ""old"": 45.47}}}",conversion_rate,Increase,-4.9,Inconclusive,0.52,Acquisition mix optimized toward higher-converting sources.
EXP1499,P049,Skincare,Serum,Mamaearth,Premium Pricing Strategy,2025-12-09,2025-12-15,"{""avg_selling_price"": {""change_pct"": 11.08, ""new"": 833.12, ""old"": 750.0}, ""discount_pct"": {""change_pct"": -33.08, ""new"": 9.37, ""old"": 14.0}}",profit,Increase,-13.83,Loss,0.684,Premium posture combines higher price with lower promotion depth.
EXP1500,P003,Makeup,Lipstick,Minimalist,Aggressive Growth Strategy,2025-03-18,2025-03-26,"{""discount_pct"": {""change_pct"": 36.58, ""new"": 23.59, ""old"": 17.27}, ""marketing_spend"": {""change_pct"": 58.76, ""new"": 9636.04, ""old"": 6069.58}, ""shipping_fee"": {""change_pct"": -50.85, ""new"": 29.0, ""old"": 59.0}}",orders,Increase,46.79,Win,0.777,"Growth strategy combines paid reach, promotion, and reduced friction."
EXP1501,P062,Haircare,Shampoo,Minimalist,Profit Optimization Strategy,2025-10-14,2025-10-21,"{""discount_pct"": {""change_pct"": -35.67, ""new"": 14.66, ""old"": 22.79}, ""marketing_spend"": {""change_pct"": -12.6, ""new"": 13698.76, ""old"": 15674.04}, ""sales_channel_mix"": {""Amazon"": {""change_pct"": -4.0, ""new"": 24.51, ""old"": 28.51}, ""MobileApp"": {""change_pct"": 3.0, ""new"": 14.21, ""old"": 11.21}, ""Nykaa"": {""change_pct"": -3.0, ""new"": 24.46, ""old"": 27.46}, ""Website"": {""change_pct"": 4.0, ""new"": 36.82, ""old"": 32.82}}}",profit,Increase,608.76,Win,0.904,Profit optimization trims inefficient spend and marketplace dependency.
EXP1502,P039,Makeup,Lipstick,The Derma Co,Conversion Recovery Strategy,2025-11-02,2025-11-18,"{""campaign_mix"": {""Affiliate"": {""change_pct"": -3.0, ""new"": 3.26, ""old"": 6.26}, ""Email"": {""change_pct"": 3.0, ""new"": 14.44, ""old"": 11.44}, ""Search"": {""change_pct"": 3.0, ""new"": 37.94, ""old"": 34.94}, ""Social"": {""change_pct"": -3.0, ""new"": 44.36, ""old"": 47.36}}, ""discount_pct"": {""change_pct"": 28.5, ""new"": 27.06, ""old"": 21.06}, ""shipping_fee"": {""change_pct"": -61.22, ""new"": 19.0, ""old"": 49.0}}",conversion_rate,Increase,10.18,Inconclusive,0.583,Conversion recovery lowers checkout friction and raises intent messaging.
EXP1503,P081,Makeup,Lipstick,The Derma Co,Inventory Clearance Strategy,2025-04-23,2025-04-29,"{""avg_selling_price"": {""change_pct"": -7.75, ""new"": 295.2, ""old"": 320.0}, ""discount_pct"": {""change_pct"": 85.3, ""new"": 33.63, ""old"": 18.15}}",orders,Increase,22.92,Win,0.79,Clearance strategy accelerates sell-through using price and discount.
EXP1504,P042,Makeup,Lipstick,Mamaearth,D2C Growth Strategy,2025-02-14,2025-02-22,"{""marketing_spend"": {""change_pct"": 34.24, ""new"": 7755.43, ""old"": 5777.34}, ""sales_channel_mix"": {""Amazon"": {""change_pct"": -5.0, ""new"": 52.45, ""old"": 57.45}, ""MobileApp"": {""change_pct"": 5.0, ""new"": 15.92, ""old"": 10.92}, ""Nykaa"": {""change_pct"": -5.0, ""new"": 15.06, ""old"": 20.06}, ""Website"": {""change_pct"": 5.0, ""new"": 16.57, ""old"": 11.57}}}",website_sales_pct,Increase,31.99,Win,0.94,D2C growth moves share toward owned web and app channels.
EXP1505,P040,Skincare,Serum,Minimalist,Price Increase,2025-03-12,2025-03-18,"{""avg_selling_price"": {""change_pct"": 12.52, ""new"": 945.16, ""old"": 840.0}}",profit,Increase,19.66,Win,0.768,Premium price test expects higher unit margin with some demand elasticity.
EXP1506,P033,Makeup,Lipstick,Mamaearth,Price Decrease,2025-08-10,2025-08-18,"{""avg_selling_price"": {""change_pct"": -13.87, ""new"": 292.83, ""old"": 340.0}}",orders,Increase,87.01,Win,0.915,Lower price should improve demand and conversion.
EXP1507,P046,Skincare,Serum,Mamaearth,Discount Increase,2025-01-27,2025-02-04,"{""discount_pct"": {""change_pct"": 67.97, ""new"": 23.65, ""old"": 14.08}}",orders,Increase,22.99,Win,0.806,Higher discount should lift orders but may dilute margin.
EXP1508,P099,Makeup,Lipstick,The Derma Co,Discount Decrease,2025-07-31,2025-08-10,"{""discount_pct"": {""change_pct"": -33.16, ""new"": 13.01, ""old"": 19.47}}",profit,Increase,-73.39,Loss,0.96,Lower discount tests whether stronger margin offsets order loss.
EXP1509,P076,Skincare,Serum,Minimalist,Shipping Fee Increase,2025-11-16,2025-11-23,"{""shipping_fee"": {""change_pct"": 51.28, ""new"": 59.0, ""old"": 39.0}}",conversion_rate,Decrease,-1.27,Inconclusive,0.557,Higher shipping fee should create checkout friction.
EXP1510,P055,Skincare,Serum,Mamaearth,Shipping Fee Decrease,2025-03-03,2025-03-09,"{""shipping_fee"": {""change_pct"": -57.97, ""new"": 29.0, ""old"": 69.0}}",conversion_rate,Increase,6.15,Win,0.687,Reduced shipping fee should reduce checkout friction.
EXP1511,P090,Makeup,Lipstick,Minimalist,Free Shipping,2025-02-05,2025-02-11,"{""shipping_fee"": {""change_pct"": -100.0, ""new"": 0.0, ""old"": 69.0}}",conversion_rate,Increase,-3.53,Inconclusive,0.6,Free shipping test should increase conversion and order volume.
EXP1512,P024,Makeup,Lipstick,The Derma Co,Marketing Spend Increase,2025-01-09,2025-01-16,"{""marketing_spend"": {""change_pct"": 54.73, ""new"": 6787.14, ""old"": 4386.52}}",traffic,Increase,11.65,Win,0.663,Higher spend should increase traffic through paid reach and lagged adstock.
EXP1513,P092,Haircare,Shampoo,Minimalist,Marketing Spend Decrease,2025-07-14,2025-07-20,"{""marketing_spend"": {""change_pct"": -36.14, ""new"": 4144.01, ""old"": 6489.57}}",current_roas,Increase,26.91,Win,0.906,Spend reduction tests whether inefficient paid traffic can be trimmed.
EXP1514,P091,Skincare,Serum,Minimalist,Inventory Increase,2025-05-22,2025-05-28,"{""inventory_available"": {""change_pct"": 33.09, ""new"": 2903.92, ""old"": 2182.0}}",orders,Increase,-24.94,Loss,0.795,Higher stock availability should reduce sales capacity constraints.
EXP1515,P035,Haircare,Shampoo,Minimalist,Inventory Reduction,2025-12-12,2025-12-31,"{""inventory_available"": {""change_pct"": -32.75, ""new"": 559.49, ""old"": 832.0}}",revenue,Decrease,-1.95,Inconclusive,0.58,Lower inventory should cap orders and revenue.
EXP1516,P018,Makeup,Lipstick,Minimalist,Amazon to Website Shift,2025-12-18,2025-12-25,"{""sales_channel_mix"": {""Amazon"": {""change_pct"": -13.85, ""new"": 19.11, ""old"": 32.96}, ""Website"": {""change_pct"": 13.85, ""new"": 50.19, ""old"": 36.34}}}",website_sales_pct,Increase,30.26,Win,0.871,Channel share shifted from marketplace to owned website.
EXP1517,P087,Makeup,Lipstick,The Derma Co,Website to Amazon Shift,2025-09-19,2025-09-27,"{""sales_channel_mix"": {""Amazon"": {""change_pct"": 13.33, ""new"": 40.24, ""old"": 26.91}, ""Website"": {""change_pct"": -13.33, ""new"": 16.66, ""old"": 29.99}}}",amazon_sales_pct,Increase,53.05,Win,0.897,Channel share shifted toward Amazon for demand capture.
EXP1518,P027,Makeup,Lipstick,Mamaearth,Amazon to Mobile App Shift,2025-10-14,2025-10-22,"{""sales_channel_mix"": {""Amazon"": {""change_pct"": -11.89, ""new"": 20.06, ""old"": 31.95}, ""MobileApp"": {""change_pct"": 11.89, ""new"": 25.93, ""old"": 14.04}}}",mobile_app_sales_pct,Increase,100.9,Win,0.932,Marketplace users redirected toward app purchase journeys.
EXP1519,P022,Skincare,Serum,The Derma Co,Website to Mobile App Shift,2025-02-08,2025-02-25,"{""sales_channel_mix"": {""MobileApp"": {""change_pct"": 12.06, ""new"": 21.51, ""old"": 9.45}, ""Website"": {""change_pct"": -12.06, ""new"": 10.7, ""old"": 22.76}}}",mobile_app_sales_pct,Increase,147.72,Win,0.951,Owned web traffic nudged toward app conversion.
EXP1520,P083,Haircare,Shampoo,Minimalist,Channel Mix Optimization,2025-08-25,2025-09-02,"{""sales_channel_mix"": {""Amazon"": {""change_pct"": -5.0, ""new"": 22.97, ""old"": 27.97}, ""MobileApp"": {""change_pct"": 4.0, ""new"": 15.83, ""old"": 11.83}, ""Nykaa"": {""change_pct"": -4.0, ""new"": 19.42, ""old"": 23.42}, ""Website"": {""change_pct"": 5.0, ""new"": 41.78, ""old"": 36.78}}}",current_roas,Increase,0.61,Inconclusive,0.595,Mix optimized toward higher-margin owned channels.
EXP1521,P043,Skincare,Serum,Mamaearth,Search Increase,2025-09-15,2025-09-22,"{""campaign_mix"": {""Search"": {""change_pct"": 9.46, ""new"": 58.21, ""old"": 48.75}, ""Social"": {""change_pct"": -9.46, ""new"": 10.37, ""old"": 19.83}}}",search_campaign_pct,Increase,31.17,Win,0.934,Search share increased for higher purchase intent.
EXP1522,P058,Skincare,Serum,Mamaearth,Social Increase,2025-09-06,2025-09-17,"{""campaign_mix"": {""Search"": {""change_pct"": -7.85, ""new"": 27.83, ""old"": 35.68}, ""Social"": {""change_pct"": 7.85, ""new"": 41.66, ""old"": 33.81}}}",social_campaign_pct,Increase,24.86,Win,0.835,Social share increased for discovery and mid-funnel reach.
EXP1523,P048,Makeup,Lipstick,Mamaearth,Email Increase,2025-09-03,2025-09-11,"{""campaign_mix"": {""Email"": {""change_pct"": 7.55, ""new"": 20.01, ""old"": 12.46}, ""Social"": {""change_pct"": -7.55, ""new"": 32.69, ""old"": 40.24}}}",retention_rate,Increase,1.02,Loss,0.671,Email share increased to reactivate known buyers.
EXP1524,P005,Haircare,Shampoo,Mamaearth,Affiliate Increase,2025-08-17,2025-08-23,"{""campaign_mix"": {""Affiliate"": {""change_pct"": 5.26, ""new"": 11.7, ""old"": 6.44}, ""Search"": {""change_pct"": -5.26, ""new"": 25.74, ""old"": 31.0}}}",affiliate_campaign_pct,Increase,65.99,Win,0.942,Affiliate share increased for deal-led acquisition.
EXP1525,P036,Makeup,Lipstick,The Derma Co,Campaign Mix Optimization,2025-06-18,2025-06-24,"{""campaign_mix"": {""Affiliate"": {""change_pct"": -3.0, ""new"": 18.68, ""old"": 21.68}, ""Email"": {""change_pct"": 3.0, ""new"": 14.03, ""old"": 11.03}, ""Search"": {""change_pct"": 4.0, ""new"": 32.31, ""old"": 28.31}, ""Social"": {""change_pct"": -4.0, ""new"": 34.98, ""old"": 38.98}}}",current_ctr,Increase,3.09,Win,0.623,Campaign mix optimized toward intent and lifecycle channels.
EXP1526,P025,Skincare,Serum,The Derma Co,Google to Instagram Shift,2025-04-02,2025-04-09,"{""acquisition_mix"": {""Google"": {""change_pct"": -6.94, ""new"": 39.53, ""old"": 46.47}, ""Instagram"": {""change_pct"": 6.94, ""new"": 38.62, ""old"": 31.68}}}",instagram_source_pct,Increase,16.95,Win,0.655,Acquisition shifted from search-led to creator and social discovery.
EXP1527,P015,Makeup,Lipstick,Minimalist,Instagram to Google Shift,2025-01-06,2025-01-13,"{""acquisition_mix"": {""Google"": {""change_pct"": 11.94, ""new"": 41.99, ""old"": 30.05}, ""Instagram"": {""change_pct"": -11.94, ""new"": 31.51, ""old"": 43.45}}}",google_source_pct,Increase,44.62,Win,0.96,Acquisition shifted toward high-intent Google traffic.
EXP1528,P051,Makeup,Lipstick,Mamaearth,Facebook to Google Shift,2025-05-14,2025-05-24,"{""acquisition_mix"": {""Facebook"": {""change_pct"": -3.36, ""new"": 3.0, ""old"": 6.36}, ""Google"": {""change_pct"": 3.36, ""new"": 34.39, ""old"": 31.03}}}",google_source_pct,Increase,8.2,Win,0.638,Budget moved from Facebook to Google for better intent quality.
EXP1529,P012,Makeup,Lipstick,The Derma Co,Paid to Organic Shift,2025-10-05,2025-10-12,"{""acquisition_mix"": {""Google"": {""change_pct"": -4.0, ""new"": 24.1, ""old"": 28.1}, ""Instagram"": {""change_pct"": -4.0, ""new"": 31.2, ""old"": 35.2}, ""Organic"": {""change_pct"": 8.0, ""new"": 23.43, ""old"": 15.43}}, ""marketing_spend"": {""change_pct"": -14.12, ""new"": 8646.87, ""old"": 10068.75}}",organic_source_pct,Increase,51.13,Win,0.949,Paid dependency reduced while organic share is lifted.
EXP1530,P003,Makeup,Lipstick,Minimalist,Acquisition Mix Optimization,2025-04-10,2025-04-17,"{""acquisition_mix"": {""Facebook"": {""change_pct"": -3.0, ""new"": 5.85, ""old"": 8.85}, ""Google"": {""change_pct"": 3.0, ""new"": 29.73, ""old"": 26.73}, ""Organic"": {""change_pct"": 2.0, ""new"": 25.99, ""old"": 23.99}, ""Referral"": {""change_pct"": -2.0, ""new"": 4.25, ""old"": 6.25}}}",conversion_rate,Increase,-9.35,Loss,0.654,Acquisition mix optimized toward higher-converting sources.
EXP1531,P009,Makeup,Lipstick,Mamaearth,Premium Pricing Strategy,2025-11-26,2025-12-11,"{""avg_selling_price"": {""change_pct"": 12.84, ""new"": 575.48, ""old"": 510.0}, ""discount_pct"": {""change_pct"": -19.45, ""new"": 18.48, ""old"": 22.94}}",profit,Increase,67.42,Win,0.913,Premium posture combines higher price with lower promotion depth.
EXP1532,P013,Skincare,Serum,Mamaearth,Aggressive Growth Strategy,2025-01-08,2025-01-15,"{""discount_pct"": {""change_pct"": 110.76, ""new"": 21.9, ""old"": 10.39}, ""marketing_spend"": {""change_pct"": 43.91, ""new"": 10099.82, ""old"": 7017.92}, ""shipping_fee"": {""change_pct"": -51.28, ""new"": 19.0, ""old"": 39.0}}",orders,Increase,55.37,Win,0.874,"Growth strategy combines paid reach, promotion, and reduced friction."
EXP1533,P065,Haircare,Shampoo,The Derma Co,Profit Optimization Strategy,2025-07-04,2025-07-17,"{""discount_pct"": {""change_pct"": -30.04, ""new"": 13.17, ""old"": 18.83}, ""marketing_spend"": {""change_pct"": -14.97, ""new"": 3334.47, ""old"": 3921.46}, ""sales_channel_mix"": {""Amazon"": {""change_pct"": -4.0, ""new"": 17.37, ""old"": 21.37}, ""MobileApp"": {""change_pct"": 3.0, ""new"": 24.57, ""old"": 21.57}, ""Nykaa"": {""change_pct"": -3.0, ""new"": 11.33, ""old"": 14.33}, ""Website"": {""change_pct"": 4.0, ""new"": 46.73, ""old"": 42.73}}}",profit,Increase,107.03,Win,0.957,Profit optimization trims inefficient spend and marketplace dependency.
EXP1534,P068,Haircare,Shampoo,Mamaearth,Conversion Recovery Strategy,2025-05-25,2025-05-31,"{""campaign_mix"": {""Affiliate"": {""change_pct"": -3.0, ""new"": 6.13, ""old"": 9.13}, ""Email"": {""change_pct"": 3.0, ""new"": 44.02, ""old"": 41.02}, ""Search"": {""change_pct"": 3.0, ""new"": 29.43, ""old"": 26.43}, ""Social"": {""change_pct"": -3.0, ""new"": 20.42, ""old"": 23.42}}, ""discount_pct"": {""change_pct"": 37.18, ""new"": 24.88, ""old"": 18.14}, ""shipping_fee"": {""change_pct"": -61.22, ""new"": 19.0, ""old"": 49.0}}",conversion_rate,Increase,13.48,Win,0.778,Conversion recovery lowers checkout friction and raises intent messaging.
EXP1535,P023,Haircare,Shampoo,The Derma Co,Inventory Clearance Strategy,2025-10-09,2025-10-19,"{""avg_selling_price"": {""change_pct"": -5.48, ""new"": 293.0, ""old"": 310.0}, ""discount_pct"": {""change_pct"": 119.07, ""new"": 29.53, ""old"": 13.48}}",orders,Increase,86.28,Win,0.859,Clearance strategy accelerates sell-through using price and discount.
EXP1536,P099,Makeup,Lipstick,The Derma Co,D2C Growth Strategy,2025-08-15,2025-09-07,"{""marketing_spend"": {""change_pct"": 27.52, ""new"": 7146.51, ""old"": 5604.29}, ""sales_channel_mix"": {""Amazon"": {""change_pct"": -5.0, ""new"": 27.51, ""old"": 32.51}, ""MobileApp"": {""change_pct"": 5.0, ""new"": 17.33, ""old"": 12.33}, ""Nykaa"": {""change_pct"": -5.0, ""new"": 7.88, ""old"": 12.88}, ""Website"": {""change_pct"": 5.0, ""new"": 47.28, ""old"": 42.28}}}",website_sales_pct,Increase,13.81,Win,0.672,D2C growth moves share toward owned web and app channels.
EXP1537,P059,Haircare,Shampoo,Mamaearth,Price Increase,2025-05-04,2025-05-10,"{""avg_selling_price"": {""change_pct"": 10.33, ""new"": 275.82, ""old"": 250.0}}",profit,Increase,35.98,Win,0.96,Premium price test expects higher unit margin with some demand elasticity.
EXP1538,P025,Skincare,Serum,The Derma Co,Price Decrease,2025-05-17,2025-05-23,"{""avg_selling_price"": {""change_pct"": -10.47, ""new"": 975.83, ""old"": 1090.0}}",orders,Increase,-13.39,Loss,0.739,Lower price should improve demand and conversion.
EXP1539,P030,Makeup,Lipstick,Mamaearth,Discount Increase,2025-09-30,2025-10-07,"{""discount_pct"": {""change_pct"": 62.72, ""new"": 26.25, ""old"": 16.13}}",orders,Increase,39.84,Win,0.934,Higher discount should lift orders but may dilute margin.
EXP1540,P071,Haircare,Shampoo,The Derma Co,Discount Decrease,2025-09-14,2025-09-20,"{""discount_pct"": {""change_pct"": -78.77, ""new"": 2.62, ""old"": 12.34}}",profit,Increase,-24.46,Loss,0.853,Lower discount tests whether stronger margin offsets order loss.
EXP1541,P098,Haircare,Shampoo,The Derma Co,Shipping Fee Increase,2025-08-21,2025-08-28,"{""shipping_fee"": {""change_pct"": 67.8, ""new"": 99.0, ""old"": 59.0}}",conversion_rate,Decrease,-14.24,Win,0.771,Higher shipping fee should create checkout friction.
EXP1542,P070,Skincare,Serum,Mamaearth,Shipping Fee Decrease,2025-07-07,2025-07-14,"{""shipping_fee"": {""change_pct"": -100.0, ""new"": 0.0, ""old"": 39.0}}",conversion_rate,Increase,7.0,Win,0.637,Reduced shipping fee should reduce checkout friction.
EXP1543,P069,Makeup,Lipstick,Minimalist,Free Shipping,2025-02-04,2025-02-22,"{""shipping_fee"": {""change_pct"": -100.0, ""new"": 0.0, ""old"": 39.0}}",conversion_rate,Increase,10.13,Win,0.697,Free shipping test should increase conversion and order volume.
EXP1544,P098,Haircare,Shampoo,The Derma Co,Marketing Spend Increase,2025-04-10,2025-04-16,"{""marketing_spend"": {""change_pct"": 40.07, ""new"": 6582.16, ""old"": 4699.04}}",traffic,Increase,32.51,Win,0.943,Higher spend should increase traffic through paid reach and lagged adstock.
EXP1545,P099,Makeup,Lipstick,The Derma Co,Marketing Spend Decrease,2025-11-18,2025-11-26,"{""marketing_spend"": {""change_pct"": -34.59, ""new"": 2915.55, ""old"": 4457.06}}",current_roas,Increase,51.64,Win,0.938,Spend reduction tests whether inefficient paid traffic can be trimmed.
EXP1546,P038,Haircare,Shampoo,Minimalist,Inventory Increase,2025-03-06,2025-03-21,"{""inventory_available"": {""change_pct"": 55.16, ""new"": 1056.62, ""old"": 681.0}}",orders,Increase,4.09,Win,0.667,Higher stock availability should reduce sales capacity constraints.
EXP1547,P083,Haircare,Shampoo,Minimalist,Inventory Reduction,2025-01-03,2025-01-12,"{""inventory_available"": {""change_pct"": -52.06, ""new"": 297.21, ""old"": 620.0}}",revenue,Decrease,-3.36,Inconclusive,0.54,Lower inventory should cap orders and revenue.
EXP1548,P010,Skincare,Serum,Mamaearth,Amazon to Website Shift,2025-04-07,2025-04-16,"{""sales_channel_mix"": {""Amazon"": {""change_pct"": -9.38, ""new"": 30.59, ""old"": 39.97}, ""Website"": {""change_pct"": 9.38, ""new"": 36.08, ""old"": 26.7}}}",website_sales_pct,Increase,32.02,Win,0.824,Channel share shifted from marketplace to owned website.
EXP1549,P091,Skincare,Serum,Minimalist,Website to Amazon Shift,2025-04-04,2025-04-11,"{""sales_channel_mix"": {""Amazon"": {""change_pct"": 15.77, ""new"": 42.99, ""old"": 27.22}, ""Website"": {""change_pct"": -15.77, ""new"": 23.96, ""old"": 39.73}}}",amazon_sales_pct,Increase,54.35,Win,0.949,Channel share shifted toward Amazon for demand capture.
EXP1550,P014,Haircare,Shampoo,Minimalist,Amazon to Mobile App Shift,2025-12-15,2025-12-30,"{""sales_channel_mix"": {""Amazon"": {""change_pct"": -13.55, ""new"": 3.39, ""old"": 16.94}, ""MobileApp"": {""change_pct"": 13.55, ""new"": 21.76, ""old"": 8.21}}}",mobile_app_sales_pct,Increase,152.26,Win,0.959,Marketplace users redirected toward app purchase journeys.
EXP1551,P056,Haircare,Shampoo,The Derma Co,Website to Mobile App Shift,2025-05-05,2025-05-14,"{""sales_channel_mix"": {""MobileApp"": {""change_pct"": 11.59, ""new"": 18.65, ""old"": 7.06}, ""Website"": {""change_pct"": -11.59, ""new"": 20.62, ""old"": 32.21}}}",mobile_app_sales_pct,Increase,153.91,Win,0.94,Owned web traffic nudged toward app conversion.
EXP1552,P008,Haircare,Shampoo,Mamaearth,Channel Mix Optimization,2025-10-26,2025-11-03,"{""sales_channel_mix"": {""Amazon"": {""change_pct"": -5.0, ""new"": 28.24, ""old"": 33.24}, ""MobileApp"": {""change_pct"": 4.0, ""new"": 28.22, ""old"": 24.22}, ""Nykaa"": {""change_pct"": -4.0, ""new"": 16.28, ""old"": 20.28}, ""Website"": {""change_pct"": 5.0, ""new"": 27.26, ""old"": 22.26}}}",current_roas,Increase,5.78,Win,0.694,Mix optimized toward higher-margin owned channels.
EXP1553,P064,Skincare,Serum,Mamaearth,Search Increase,2025-04-30,2025-05-18,"{""campaign_mix"": {""Search"": {""change_pct"": 9.12, ""new"": 55.68, ""old"": 46.56}, ""Social"": {""change_pct"": -9.12, ""new"": 12.34, ""old"": 21.46}}}",search_campaign_pct,Increase,21.2,Win,0.821,Search share increased for higher purchase intent.
EXP1554,P067,Skincare,Serum,Minimalist,Social Increase,2025-06-25,2025-07-01,"{""campaign_mix"": {""Search"": {""change_pct"": -9.02, ""new"": 33.63, ""old"": 42.65}, ""Social"": {""change_pct"": 9.02, ""new"": 39.68, ""old"": 30.66}}}",social_campaign_pct,Increase,25.74,Win,0.846,Social share increased for discovery and mid-funnel reach.
EXP1555,P090,Makeup,Lipstick,Minimalist,Email Increase,2025-05-06,2025-05-16,"{""campaign_mix"": {""Email"": {""change_pct"": 8.82, ""new"": 17.52, ""old"": 8.7}, ""Social"": {""change_pct"": -8.82, ""new"": 34.82, ""old"": 43.64}}}",retention_rate,Increase,1.69,Win,0.648,Email share increased to reactivate known buyers.
EXP1556,P067,Skincare,Serum,Minimalist,Affiliate Increase,2025-02-14,2025-02-21,"{""campaign_mix"": {""Affiliate"": {""change_pct"": 5.97, ""new"": 11.78, ""old"": 5.81}, ""Search"": {""change_pct"": -5.97, ""new"": 37.19, ""old"": 43.16}}}",affiliate_campaign_pct,Increase,87.91,Win,0.874,Affiliate share increased for deal-led acquisition.
EXP1557,P084,Makeup,Lipstick,Minimalist,Campaign Mix Optimization,2025-09-20,2025-09-26,"{""campaign_mix"": {""Affiliate"": {""change_pct"": -3.0, ""new"": 11.2, ""old"": 14.2}, ""Email"": {""change_pct"": 3.0, ""new"": 21.75, ""old"": 18.75}, ""Search"": {""change_pct"": 4.0, ""new"": 12.86, ""old"": 8.86}, ""Social"": {""change_pct"": -4.0, ""new"": 54.19, ""old"": 58.19}}}",current_ctr,Increase,3.52,Inconclusive,0.59,Campaign mix optimized toward intent and lifecycle channels.
EXP1558,P074,Haircare,Shampoo,Minimalist,Google to Instagram Shift,2025-09-20,2025-10-01,"{""acquisition_mix"": {""Google"": {""change_pct"": -12.07, ""new"": 30.47, ""old"": 42.54}, ""Instagram"": {""change_pct"": 12.07, ""new"": 30.32, ""old"": 18.25}}}",instagram_source_pct,Increase,65.94,Win,0.902,Acquisition shifted from search-led to creator and social discovery.
EXP1559,P039,Makeup,Lipstick,The Derma Co,Instagram to Google Shift,2025-02-09,2025-02-19,"{""acquisition_mix"": {""Google"": {""change_pct"": 8.6, ""new"": 29.17, ""old"": 20.57}, ""Instagram"": {""change_pct"": -8.6, ""new"": 24.86, ""old"": 33.46}}}",google_source_pct,Increase,33.5,Win,0.927,Acquisition shifted toward high-intent Google traffic.
EXP1560,P055,Skincare,Serum,Mamaearth,Facebook to Google Shift,2025-04-09,2025-05-08,"{""acquisition_mix"": {""Facebook"": {""change_pct"": -3.91, ""new"": 3.0, ""old"": 6.91}, ""Google"": {""change_pct"": 3.91, ""new"": 55.57, ""old"": 51.66}}}",google_source_pct,Increase,-6.63,Loss,0.704,Budget moved from Facebook to Google for better intent quality.
EXP1561,P021,Makeup,Lipstick,Minimalist,Paid to Organic Shift,2025-12-16,2025-12-22,"{""acquisition_mix"": {""Google"": {""change_pct"": -4.0, ""new"": 20.93, ""old"": 24.93}, ""Instagram"": {""change_pct"": -4.0, ""new"": 31.01, ""old"": 35.01}, ""Organic"": {""change_pct"": 8.0, ""new"": 20.13, ""old"": 12.13}}, ""marketing_spend"": {""change_pct"": -24.44, ""new"": 3784.35, ""old"": 5008.16}}",organic_source_pct,Increase,73.45,Win,0.936,Paid dependency reduced while organic share is lifted.
EXP1562,P016,Skincare,Serum,Mamaearth,Acquisition Mix Optimization,2025-01-01,2025-01-07,"{""acquisition_mix"": {""Facebook"": {""change_pct"": -3.0, ""new"": 6.11, ""old"": 9.11}, ""Google"": {""change_pct"": 3.0, ""new"": 53.04, ""old"": 50.04}}}",conversion_rate,Increase,-1.34,Inconclusive,0.54,Acquisition mix optimized toward higher-converting sources.
EXP1563,P011,Haircare,Shampoo,Mamaearth,Premium Pricing Strategy,2025-09-13,2025-09-19,"{""avg_selling_price"": {""change_pct"": 11.1, ""new"": 499.96, ""old"": 450.0}, ""discount_pct"": {""change_pct"": -44.2, ""new"": 7.91, ""old"": 14.18}}",profit,Increase,54.51,Win,0.96,Premium posture combines higher price with lower promotion depth.
EXP1564,P008,Haircare,Shampoo,Mamaearth,Aggressive Growth Strategy,2025-05-10,2025-05-18,"{""discount_pct"": {""change_pct"": 45.18, ""new"": 30.56, ""old"": 21.05}, ""marketing_spend"": {""change_pct"": 76.7, ""new"": 19748.81, ""old"": 11176.46}, ""shipping_fee"": {""change_pct"": -50.85, ""new"": 29.0, ""old"": 59.0}}",orders,Increase,126.29,Win,0.897,"Growth strategy combines paid reach, promotion, and reduced friction."
EXP1565,P071,Haircare,Shampoo,The Derma Co,Profit Optimization Strategy,2025-08-29,2025-09-09,"{""discount_pct"": {""change_pct"": -51.57, ""new"": 7.94, ""old"": 16.39}, ""marketing_spend"": {""change_pct"": -15.09, ""new"": 5276.62, ""old"": 6214.69}, ""sales_channel_mix"": {""Amazon"": {""change_pct"": -4.0, ""new"": 22.05, ""old"": 26.05}, ""MobileApp"": {""change_pct"": 3.0, ""new"": 22.9, ""old"": 19.9}, ""Nykaa"": {""change_pct"": -3.0, ""new"": 28.22, ""old"": 31.22}, ""Website"": {""change_pct"": 4.0, ""new"": 26.83, ""old"": 22.83}}}",profit,Increase,39.18,Win,0.96,Profit optimization trims inefficient spend and marketplace dependency.
EXP1566,P022,Skincare,Serum,The Derma Co,Conversion Recovery Strategy,2025-01-01,2025-01-11,"{""campaign_mix"": {""Affiliate"": {""change_pct"": -3.0, ""new"": 9.82, ""old"": 12.82}, ""Email"": {""change_pct"": 3.0, ""new"": 17.5, ""old"": 14.5}, ""Search"": {""change_pct"": 3.0, ""new"": 49.58, ""old"": 46.58}, ""Social"": {""change_pct"": -3.0, ""new"": 23.1, ""old"": 26.1}}, ""discount_pct"": {""change_pct"": 45.84, ""new"": 21.26, ""old"": 14.58}, ""shipping_fee"": {""change_pct"": 0.0, ""new"": 0.0, ""old"": 0.0}}",conversion_rate,Increase,12.01,Inconclusive,0.604,Conversion recovery lowers checkout friction and raises intent messaging.
EXP1567,P014,Haircare,Shampoo,Minimalist,Inventory Clearance Strategy,2025-05-27,2025-06-02,"{""avg_selling_price"": {""change_pct"": -8.58, ""new"": 438.81, ""old"": 480.0}, ""discount_pct"": {""change_pct"": 81.3, ""new"": 37.62, ""old"": 20.75}}",orders,Increase,112.05,Win,0.873,Clearance strategy accelerates sell-through using price and discount.
EXP1568,P045,Makeup,Lipstick,Mamaearth,D2C Growth Strategy,2025-11-21,2025-11-27,"{""marketing_spend"": {""change_pct"": 31.47, ""new"": 16978.79, ""old"": 12914.9}, ""sales_channel_mix"": {""Amazon"": {""change_pct"": -5.0, ""new"": 26.8, ""old"": 31.8}, ""MobileApp"": {""change_pct"": 4.16, ""new"": 22.83, ""old"": 18.67}, ""Nykaa"": {""change_pct"": -4.16, ""new"": 3.0, ""old"": 7.16}, ""Website"": {""change_pct"": 5.0, ""new"": 47.37, ""old"": 42.37}}}",website_sales_pct,Increase,13.2,Win,0.663,D2C growth moves share toward owned web and app channels.
EXP1569,P040,Skincare,Serum,Minimalist,Price Increase,2025-07-07,2025-07-14,"{""avg_selling_price"": {""change_pct"": 13.07, ""new"": 949.75, ""old"": 840.0}}",profit,Increase,0.39,Inconclusive,0.561,Premium price test expects higher unit margin with some demand elasticity.
EXP1570,P038,Haircare,Shampoo,Minimalist,Price Decrease,2025-06-07,2025-06-23,"{""avg_selling_price"": {""change_pct"": -7.38, ""new"": 305.64, ""old"": 330.0}}",orders,Increase,39.0,Win,0.96,Lower price should improve demand and conversion.
EXP1571,P012,Makeup,Lipstick,The Derma Co,Discount Increase,2025-05-31,2025-06-07,"{""discount_pct"": {""change_pct"": 92.61, ""new"": 27.81, ""old"": 14.44}}",orders,Increase,22.79,Win,0.828,Higher discount should lift orders but may dilute margin.
EXP1572,P029,Haircare,Shampoo,Minimalist,Discount Decrease,2025-12-12,2025-12-25,"{""discount_pct"": {""change_pct"": -55.71, ""new"": 6.08, ""old"": 13.72}}",profit,Increase,-20.23,Loss,0.735,Lower discount tests whether stronger margin offsets order loss.
EXP1573,P032,Haircare,Shampoo,Mamaearth,Shipping Fee Increase,2025-05-02,2025-05-12,"{""shipping_fee"": {""change_pct"": 57.97, ""new"": 109.0, ""old"": 69.0}}",conversion_rate,Decrease,-2.31,Inconclusive,0.604,Higher shipping fee should create checkout friction.
EXP1574,P029,Haircare,Shampoo,Minimalist,Shipping Fee Decrease,2025-03-24,2025-04-01,"{""shipping_fee"": {""change_pct"": -57.97, ""new"": 29.0, ""old"": 69.0}}",conversion_rate,Increase,-5.49,Inconclusive,0.615,Reduced shipping fee should reduce checkout friction.
EXP1575,P029,Haircare,Shampoo,Minimalist,Free Shipping,2025-07-07,2025-07-16,"{""shipping_fee"": {""change_pct"": -100.0, ""new"": 0.0, ""old"": 69.0}}",conversion_rate,Increase,5.33,Win,0.636,Free shipping test should increase conversion and order volume.
EXP1576,P029,Haircare,Shampoo,Minimalist,Marketing Spend Increase,2025-03-17,2025-03-23,"{""marketing_spend"": {""change_pct"": 44.7, ""new"": 7127.32, ""old"": 4925.52}}",traffic,Increase,10.4,Win,0.696,Higher spend should increase traffic through paid reach and lagged adstock.
EXP1577,P090,Makeup,Lipstick,Minimalist,Marketing Spend Decrease,2025-12-10,2025-12-24,"{""marketing_spend"": {""change_pct"": -26.21, ""new"": 8792.84, ""old"": 11916.46}}",current_roas,Increase,12.38,Win,0.686,Spend reduction tests whether inefficient paid traffic can be trimmed.
EXP1578,P100,Skincare,Serum,The Derma Co,Inventory Increase,2025-01-07,2025-01-19,"{""inventory_available"": {""change_pct"": 66.62, ""new"": 1896.12, ""old"": 1138.0}}",orders,Increase,-7.24,Inconclusive,0.58,Higher stock availability should reduce sales capacity constraints.
EXP1579,P090,Makeup,Lipstick,Minimalist,Inventory Reduction,2025-10-17,2025-10-28,"{""inventory_available"": {""change_pct"": -61.38, ""new"": 476.25, ""old"": 1233.0}}",revenue,Decrease,35.78,Loss,0.96,Lower inventory should cap orders and revenue.
EXP1580,P036,Makeup,Lipstick,The Derma Co,Amazon to Website Shift,2025-01-28,2025-02-04,"{""sales_channel_mix"": {""Amazon"": {""change_pct"": -11.58, ""new"": 21.58, ""old"": 33.16}, ""Website"": {""change_pct"": 11.58, ""new"": 43.68, ""old"": 32.1}}}",website_sales_pct,Increase,54.81,Win,0.927,Channel share shifted from marketplace to owned website.
EXP1581,P046,Skincare,Serum,Mamaearth,Website to Amazon Shift,2025-12-16,2025-12-27,"{""sales_channel_mix"": {""Amazon"": {""change_pct"": 13.49, ""new"": 73.28, ""old"": 59.79}, ""Website"": {""change_pct"": -13.49, ""new"": 7.96, ""old"": 21.45}}}",amazon_sales_pct,Increase,27.04,Win,0.827,Channel share shifted toward Amazon for demand capture.
EXP1582,P008,Haircare,Shampoo,Mamaearth,Amazon to Mobile App Shift,2025-02-14,2025-02-20,"{""sales_channel_mix"": {""Amazon"": {""change_pct"": -8.42, ""new"": 27.19, ""old"": 35.61}, ""MobileApp"": {""change_pct"": 8.42, ""new"": 29.94, ""old"": 21.52}}}",mobile_app_sales_pct,Increase,38.12,Win,0.94,Marketplace users redirected toward app purchase journeys.
EXP1583,P014,Haircare,Shampoo,Minimalist,Website to Mobile App Shift,2025-10-25,2025-11-04,"{""sales_channel_mix"": {""MobileApp"": {""change_pct"": 8.86, ""new"": 18.69, ""old"": 9.83}, ""Website"": {""change_pct"": -8.86, ""new"": 43.81, ""old"": 52.67}}}",mobile_app_sales_pct,Increase,109.21,Win,0.882,Owned web traffic nudged toward app conversion.
EXP1584,P041,Haircare,Shampoo,Minimalist,Channel Mix Optimization,2025-08-14,2025-08-23,"{""sales_channel_mix"": {""Amazon"": {""change_pct"": -5.0, ""new"": 31.32, ""old"": 36.32}, ""MobileApp"": {""change_pct"": 4.0, ""new"": 14.31, ""old"": 10.31}, ""Nykaa"": {""change_pct"": -4.0, ""new"": 5.19, ""old"": 9.19}, ""Website"": {""change_pct"": 5.0, ""new"": 49.18, ""old"": 44.18}}}",current_roas,Increase,9.1,Win,0.656,Mix optimized toward higher-margin owned channels.
EXP1585,P081,Makeup,Lipstick,The Derma Co,Search Increase,2025-12-20,2025-12-29,"{""campaign_mix"": {""Search"": {""change_pct"": 9.29, ""new"": 40.29, ""old"": 31.0}, ""Social"": {""change_pct"": -9.29, ""new"": 33.17, ""old"": 42.46}}}",search_campaign_pct,Increase,33.28,Win,0.822,Search share increased for higher purchase intent.
EXP1586,P050,Haircare,Shampoo,Minimalist,Social Increase,2025-08-27,2025-09-06,"{""campaign_mix"": {""Search"": {""change_pct"": -11.49, ""new"": 22.85, ""old"": 34.34}, ""Social"": {""change_pct"": 11.49, ""new"": 36.64, ""old"": 25.15}}}",social_campaign_pct,Increase,47.21,Win,0.96,Social share increased for discovery and mid-funnel reach.
EXP1587,P090,Makeup,Lipstick,Minimalist,Email Increase,2025-06-14,2025-06-29,"{""campaign_mix"": {""Email"": {""change_pct"": 6.92, ""new"": 14.44, ""old"": 7.52}, ""Social"": {""change_pct"": -6.92, ""new"": 37.75, ""old"": 44.67}}}",retention_rate,Increase,-1.64,Inconclusive,0.539,Email share increased to reactivate known buyers.
EXP1588,P093,Makeup,Lipstick,Minimalist,Affiliate Increase,2025-04-23,2025-05-01,"{""campaign_mix"": {""Affiliate"": {""change_pct"": 6.94, ""new"": 23.59, ""old"": 16.65}, ""Search"": {""change_pct"": -6.94, ""new"": 9.63, ""old"": 16.57}}}",affiliate_campaign_pct,Increase,40.82,Win,0.95,Affiliate share increased for deal-led acquisition.
EXP1589,P023,Haircare,Shampoo,The Derma Co,Campaign Mix Optimization,2025-12-22,2025-12-28,"{""campaign_mix"": {""Affiliate"": {""change_pct"": -3.0, ""new"": 7.41, ""old"": 10.41}, ""Email"": {""change_pct"": 3.0, ""new"": 26.23, ""old"": 23.23}, ""Search"": {""change_pct"": 4.0, ""new"": 44.15, ""old"": 40.15}, ""Social"": {""change_pct"": -4.0, ""new"": 22.21, ""old"": 26.21}}}",current_ctr,Increase,4.61,Inconclusive,0.59,Campaign mix optimized toward intent and lifecycle channels.
EXP1590,P015,Makeup,Lipstick,Minimalist,Google to Instagram Shift,2025-08-18,2025-08-28,"{""acquisition_mix"": {""Google"": {""change_pct"": -7.08, ""new"": 23.18, ""old"": 30.26}, ""Instagram"": {""change_pct"": 7.08, ""new"": 49.77, ""old"": 42.69}}}",instagram_source_pct,Increase,14.65,Win,0.77,Acquisition shifted from search-led to creator and social discovery.
EXP1591,P058,Skincare,Serum,Mamaearth,Instagram to Google Shift,2025-04-19,2025-04-28,"{""acquisition_mix"": {""Google"": {""change_pct"": 7.4, ""new"": 34.79, ""old"": 27.39}, ""Instagram"": {""change_pct"": -7.4, ""new"": 25.2, ""old"": 32.6}}}",google_source_pct,Increase,22.07,Win,0.859,Acquisition shifted toward high-intent Google traffic.
EXP1592,P008,Haircare,Shampoo,Mamaearth,Facebook to Google Shift,2025-03-05,2025-03-11,"{""acquisition_mix"": {""Facebook"": {""change_pct"": -4.71, ""new"": 3.0, ""old"": 7.71}, ""Google"": {""change_pct"": 4.71, ""new"": 38.32, ""old"": 33.61}}}",google_source_pct,Increase,12.65,Win,0.768,Budget moved from Facebook to Google for better intent quality.
EXP1593,P043,Skincare,Serum,Mamaearth,Paid to Organic Shift,2025-08-27,2025-09-02,"{""acquisition_mix"": {""Google"": {""change_pct"": -4.0, ""new"": 50.86, ""old"": 54.86}, ""Instagram"": {""change_pct"": -4.0, ""new"": 13.0, ""old"": 17.0}, ""Organic"": {""change_pct"": 8.0, ""new"": 20.06, ""old"": 12.06}}, ""marketing_spend"": {""change_pct"": -23.15, ""new"": 5034.73, ""old"": 6551.3}}",organic_source_pct,Increase,73.02,Win,0.847,Paid dependency reduced while organic share is lifted.
EXP1594,P018,Makeup,Lipstick,Minimalist,Acquisition Mix Optimization,2025-07-01,2025-07-19,"{""acquisition_mix"": {""Facebook"": {""change_pct"": -3.0, ""new"": 10.07, ""old"": 13.07}, ""Google"": {""change_pct"": 3.0, ""new"": 30.5, ""old"": 27.5}, ""Organic"": {""change_pct"": 2.0, ""new"": 20.18, ""old"": 18.18}, ""Referral"": {""change_pct"": -2.0, ""new"": 5.85, ""old"": 7.85}}}",conversion_rate,Increase,-1.73,Inconclusive,0.611,Acquisition mix optimized toward higher-converting sources.
EXP1595,P047,Haircare,Shampoo,The Derma Co,Premium Pricing Strategy,2025-06-08,2025-06-16,"{""avg_selling_price"": {""change_pct"": 13.76, ""new"": 568.8, ""old"": 500.0}, ""discount_pct"": {""change_pct"": -19.23, ""new"": 13.33, ""old"": 16.5}}",profit,Increase,171.37,Win,0.922,Premium posture combines higher price with lower promotion depth.
EXP1596,P020,Haircare,Shampoo,The Derma Co,Aggressive Growth Strategy,2025-01-17,2025-01-23,"{""discount_pct"": {""change_pct"": 106.89, ""new"": 21.6, ""old"": 10.44}, ""marketing_spend"": {""change_pct"": 36.71, ""new"": 5972.18, ""old"": 4368.37}, ""shipping_fee"": {""change_pct"": -61.22, ""new"": 19.0, ""old"": 49.0}}",orders,Increase,43.92,Win,0.9,"Growth strategy combines paid reach, promotion, and reduced friction."
EXP1597,P069,Makeup,Lipstick,Minimalist,Profit Optimization Strategy,2025-01-03,2025-01-25,"{""discount_pct"": {""change_pct"": -19.08, ""new"": 18.92, ""old"": 23.38}, ""marketing_spend"": {""change_pct"": -18.56, ""new"": 3169.58, ""old"": 3891.9}, ""sales_channel_mix"": {""Amazon"": {""change_pct"": -4.0, ""new"": 36.17, ""old"": 40.17}, ""MobileApp"": {""change_pct"": 3.0, ""new"": 11.97, ""old"": 8.97}, ""Nykaa"": {""change_pct"": -3.0, ""new"": 7.78, ""old"": 10.78}, ""Website"": {""change_pct"": 4.0, ""new"": 44.08, ""old"": 40.08}}}",profit,Increase,137.99,Win,0.96,Profit optimization trims inefficient spend and marketplace dependency.
EXP1598,P030,Makeup,Lipstick,Mamaearth,Conversion Recovery Strategy,2025-04-22,2025-05-01,"{""campaign_mix"": {""Affiliate"": {""change_pct"": -3.0, ""new"": 5.9, ""old"": 8.9}, ""Email"": {""change_pct"": 3.0, ""new"": 26.39, ""old"": 23.39}, ""Search"": {""change_pct"": 3.0, ""new"": 26.89, ""old"": 23.89}, ""Social"": {""change_pct"": -3.0, ""new"": 40.82, ""old"": 43.82}}, ""discount_pct"": {""change_pct"": 27.87, ""new"": 16.11, ""old"": 12.6}, ""shipping_fee"": {""change_pct"": -76.92, ""new"": 9.0, ""old"": 39.0}}",conversion_rate,Increase,9.47,Win,0.784,Conversion recovery lowers checkout friction and raises intent messaging.
EXP1599,P073,Skincare,Serum,Minimalist,Inventory Clearance Strategy,2025-05-22,2025-06-21,"{""avg_selling_price"": {""change_pct"": -3.12, ""new"": 1123.78, ""old"": 1160.0}, ""discount_pct"": {""change_pct"": 90.9, ""new"": 25.75, ""old"": 13.49}}",orders,Increase,3.88,Win,0.68,Clearance strategy accelerates sell-through using price and discount.
EXP1600,P033,Makeup,Lipstick,Mamaearth,D2C Growth Strategy,2025-03-26,2025-04-02,"{""marketing_spend"": {""change_pct"": 13.54, ""new"": 4611.77, ""old"": 4061.83}, ""sales_channel_mix"": {""Amazon"": {""change_pct"": -5.0, ""new"": 30.81, ""old"": 35.81}, ""MobileApp"": {""change_pct"": 5.0, ""new"": 19.91, ""old"": 14.91}, ""Nykaa"": {""change_pct"": -5.0, ""new"": 12.25, ""old"": 17.25}, ""Website"": {""change_pct"": 5.0, ""new"": 37.03, ""old"": 32.03}}}",website_sales_pct,Increase,19.33,Win,0.782,D2C growth moves share toward owned web and app channels.
